0.009414486,277.4958873445018,24.178178587280524,1293.9789484832309,-398.67987,109.07444,35.921215,98.6842105263158
0.07134298,299.79167561489555,7.54869278740194,1519.7005203416145,-214.19753,101.06023,-0.82462835,93.75
0.021430982,197.4884894116971,13.545185425576292,1191.2242839360065,-353.06427,123.5483,36.7609,93.75
0.016142258,172.68020419193877,21.342340515656208,1604.3117286074694,-333.15457,100.415955,33.846905,156.25
0.04263078,291.4510043142648,77.251244178127,1392.4055483425436,-264.867,109.90787,0.8198937,170.45454545454547
0.011584239,143.89373591120594,10.928574113502284,1248.9814069192198,-398.4421,112.83198,45.61103,85.22727272727273
0.05360125,506.4148438887908,151.36785749463084,1786.4647670952231,-270.8563,74.14777,16.406694,156.25
0.0064717866,80.37394089770837,3.477137834131866,1888.069813904918,-414.50504,85.5557,39.713676,117.1875
0.00999246,219.93854638871449,74.85372116212207,1340.6550157309014,-398.3948,110.60811,48.26556,98.6842105263158
0.01056897,182.03849211847407,16.31675097934649,1208.760210532747,-403.93744,113.6066,46.418827,125.0
0.009141925,99.651754018007,19.888938826000683,1292.6919113504107,-422.73016,117.21754,49.969486,93.75
0.031303998,548.9528991856326,145.6221181930345,1364.001226465926,-337.67426,102.95355,24.03044,125.0
0.028467167,487.3424569391985,39.78690717333023,1450.2431570192869,-361.96332,89.781456,40.035835,187.5
0.01949485,202.9123264645405,40.46452984484955,1242.0539434259138,-358.92728,111.67039,34.88551,125.0
0.023924848,332.11908906785493,48.093088317570015,1213.3708574748448,-358.87308,109.50021,25.954367,187.5
0.16096842,424.8457818929875,74.48869897179829,1668.73967760007,-177.9441,74.74286,3.8906062,98.6842105263158
0.0145676285,199.47897972720295,20.14616308985412,1131.3432845968262,-397.42847,110.426,47.872166,144.23076923076923
0.014627582,229.5149447492234,45.875746666415225,1174.3643781787753,-378.19553,118.41552,42.9402,117.1875
0.019533984,341.1486637347563,201.20668256336012,1780.1001451394625,-370.8739,83.028786,26.088474,133.92857142857142
0.020073153,296.8796371152858,61.61527566932829,2027.858834859796,-336.66666,75.44838,39.938637,144.23076923076923
0.008866479,167.27467033730153,17.282615411601295,1225.2924606652457,-407.78308,113.74582,51.721577,133.92857142857142
0.00918876,77.43726706557496,1.4749624868393238,1380.5934346703193,-391.75253,98.960106,42.59015,110.29411764705884
0.008636345,269.35017168871445,28.15107630941496,1515.6064759516355,-390.55258,98.56241,14.033585,156.25
0.031542975,0.0,0.0,1168.3613018900553,-335.04706,115.88499,44.002193,187.5
0.01320718,157.09051840294129,14.142884192118332,1354.1062141627808,-391.06198,111.374664,48.1804,110.29411764705884
0.01191997,0.0,0.0,1222.3393072210472,-385.817,114.52582,36.285774,156.25
0.011476062,216.6888469237182,52.79909074262476,1451.820541756017,-358.6476,106.11842,23.35105,93.75
0.0073635424,232.7209899249256,80.36904938596805,1502.2635827256806,-392.60773,100.46029,37.36304,156.25
0.007958886,137.6829528733739,13.623704645032,1411.7868986012113,-403.87396,109.43708,54.484596,170.45454545454547
0.010152926,170.0092064472125,12.873515333910126,1367.732790899756,-387.913,101.95559,35.93214,117.1875
0.115587495,265.03137296967384,16.037898975313887,1349.8038528730324,-167.7196,111.27266,-11.777845,104.16666666666669
0.026375182,263.4040301241833,26.31879384728792,1808.326509400631,-322.37045,88.22448,17.843725,133.92857142857142
0.018982193,300.83954291277803,24.465109357734104,1243.9383929817918,-377.88022,110.14354,42.622963,125.0
0.048761547,519.5238191656615,118.54552717461078,1718.816725578553,-282.36826,85.45516,19.982689,187.5
0.025942376,271.12409416119,23.15679978764435,1375.5937254015432,-335.62866,104.77184,27.57294,156.25
0.036629263,267.9302289190579,27.34804592414389,2350.1104542280736,-261.17487,71.69757,16.466455,104.16666666666669
0.009144359,168.28419117703396,12.317294295223528,1427.4946705572563,-384.1359,110.658104,39.02324,125.0
0.014680642,177.59408025303208,37.48902076884561,1939.0171604229165,-356.3042,81.808426,42.600925,267.85714285714283
0.011992274,194.1592274110748,12.61796476113127,1131.7453066183607,-396.0745,113.88813,46.019245,170.45454545454547
0.013537,152.04079555581876,9.94949371193589,1294.6806756857377,-359.198,115.34555,27.10626,125.0
0.029057054,346.18700994248024,39.80111074662831,1537.5781443802937,-338.35953,94.4597,34.82351,156.25
0.023934245,404.2342326508903,71.34499207236246,1090.9190258539886,-352.35666,124.06071,24.538254,156.25
0.04299379,324.8810852371125,30.799827860858286,1304.0494982980044,-310.59924,116.45267,22.12884,156.25
0.049947076,0.0,0.0,1507.7305492087269,-252.7844,104.97986,-13.128076,144.23076923076923
0.010514464,252.49454895163225,54.63613839534878,1320.3309567120898,-383.41052,109.796844,40.151333,208.33333333333331
0.009879295,276.8884227237983,20.4991979260532,1178.839100757425,-409.05887,112.47697,46.912846,104.16666666666669
0.021957988,321.3361872529197,127.36278630966736,1454.043116444096,-349.97366,101.19065,31.092064,208.33333333333331
0.009000151,0.0,0.0,1272.5011210007203,-404.59357,106.40735,46.86612,156.25
0.018661277,208.38343044172453,37.4496573090513,1504.3804551323833,-340.01126,102.840546,35.608906,170.45454545454547
0.010573146,292.4300869434898,24.47823774108684,1595.5658334155466,-391.5556,85.86672,47.205723,133.92857142857142
0.04943077,548.3687411813366,118.35334626291862,1575.8554740506945,-278.5793,102.06023,16.102348,133.92857142857142
0.013556166,298.7875337028277,45.79132471412086,1486.4093021430988,-368.28366,101.516846,40.38891,170.45454545454547
0.012951027,262.31897548830136,37.1929288350942,1292.5911538435423,-386.0926,106.398926,40.516804,125.0
0.029711697,328.7686508820576,34.54268700777325,1474.939947163503,-364.57956,92.45381,44.329258,104.16666666666669
0.026913965,149.14992525874584,88.55484221297354,1336.4851698664268,-357.73923,100.7639,33.103348,187.5
0.012657715,140.12043766958826,9.235608279113633,1328.892491388131,-366.94705,114.62699,32.33324,156.25
0.03674685,460.276035125764,115.10201175606424,1508.3748369007378,-303.51685,99.940605,20.576967,89.28571428571429
0.009017787,292.65753939787254,20.654988667839127,1245.3839474516935,-421.5847,103.34386,50.798634,156.25
0.070694186,417.4516685210622,139.05969356816524,1585.7917134569846,-253.35056,92.24252,2.901204,144.23076923076923
0.015347823,176.4661625722699,13.60193479161932,1118.3745638437035,-377.66165,117.10062,33.069153,133.92857142857142
0.044464864,287.4253726467919,76.00682759795376,1603.3670857727975,-296.67017,94.444565,32.08512,170.45454545454547
0.10740332,347.6507718953165,22.81123755598956,1146.0190418393045,-200.12215,124.76589,5.735795,81.52173913043478
0.014751789,217.17851346056045,41.29587323160212,1642.6322045215684,-359.53046,100.86012,17.672163,117.1875
0.0073434873,0.0,0.0,1349.5101241348311,-392.03525,110.15327,32.352505,117.1875
0.011028882,153.34458058521352,13.256543954282735,1131.48669588691,-403.7824,114.28775,46.651638,110.29411764705884
0.022430139,169.97673486312945,13.43313657178626,1341.2081886987044,-324.20856,117.71079,18.798725,81.52173913043478
0.13954568,435.8734093619456,162.67518954527748,1782.9988584210046,-182.25102,74.90131,20.522427,133.92857142857142
0.016144032,163.03250490094976,15.4326484356117,1366.221850992349,-351.34335,110.74467,14.076152,117.1875
0.015837852,127.26543641340496,38.04542898568702,1217.078352643394,-356.9035,116.8557,30.587484,117.1875
0.01090165,0.0,0.0,1305.1802651851692,-405.06097,105.31876,47.25607,110.29411764705884
0.034191664,312.51631281914894,10.1993907677241,1598.3890667577966,-314.9504,92.235695,23.659138,170.45454545454547
0.008838596,293.59543131317923,50.316326733101285,1328.4031637545304,-407.44855,107.55063,47.57035,133.92857142857142
0.03525073,336.655517754286,53.62244439181829,1884.8063200436889,-321.87747,85.704575,34.27996,187.5
0.011741222,209.1746933955342,69.8532380690198,1169.6491774162416,-390.7558,119.52342,40.9467,104.16666666666669
0.020995064,314.1585651237785,44.42007755683232,1527.1641993429796,-346.05295,93.32832,4.4166,156.25
0.008320276,220.7045622554349,7.696833031861098,1464.5873396289833,-403.32495,101.19629,45.017693,144.23076923076923
0.029886262,471.58579103485545,85.15976096073173,1599.186594802134,-345.51508,86.30019,36.249004,187.5
0.013986477,313.7689910803872,51.19963213598309,1190.6587939103233,-362.31094,121.9482,25.635757,93.75
0.01861391,233.91726131701392,59.23849218767141,1370.1008183558135,-353.36288,103.46286,28.442688,156.25
0.009495764,150.53285705073966,3.975846757677743,1357.6485617761505,-390.23776,108.95114,41.264122,133.92857142857142
0.027473548,217.71284008985364,42.399858712316416,1612.683170503394,-326.41196,98.57675,36.78495,98.6842105263158
0.018429128,163.24486786977317,79.44478372973742,1349.8507128896076,-363.48477,105.74139,37.86111,208.33333333333331
0.0234988,420.56340594664994,170.10753061970684,1370.165635840318,-335.7018,111.10649,26.994547,89.28571428571429
0.008495289,0.0,0.0,1302.217854389198,-396.21887,109.87616,40.324265,133.92857142857142
0.011440839,292.9561599053401,32.3837467399338,1620.6723524057911,-375.32178,98.08449,17.322794,104.16666666666669
0.040049,618.240471322239,138.61324963094108,1630.9673227443222,-309.5762,90.507126,8.63816,156.25
0.052072834,284.2910469815956,34.045409775608626,1485.5776492592795,-297.80743,98.014915,33.32073,187.5
0.08202297,380.1650157774241,76.48006088210481,2271.409361333488,-213.8562,46.581486,5.902905,66.96428571428571
0.004903531,79.07734309732469,5.634855426755725,1217.4000163075557,-471.9772,107.56323,54.870583,156.25
0.010352497,238.88597774642213,42.18941701416701,1347.654722488755,-395.75894,110.99007,49.16676,117.1875
0.010915424,139.73511739967836,4.10901140625352,1074.048744802764,-402.97778,120.099106,49.126427,125.0
0.009950564,0.0,0.0,1372.6091137264457,-400.97577,106.601395,51.316357,125.0
0.03490474,216.6174504565315,56.00125426819212,1291.9410682718765,-325.59894,107.87253,26.883478,144.23076923076923
0.12188984,270.23163542707005,23.3318425728845,1063.9716800310714,-228.67645,120.36014,31.967806,72.11538461538461
0.010591523,175.0970454421614,23.841224056323117,1455.310516007576,-387.6593,99.89214,43.288666,187.5
0.016803656,334.3713669436605,56.69802677932563,1701.0971439759162,-359.90982,91.867645,20.727169,98.6842105263158
0.024203064,204.1455963417838,85.59587092469518,1375.4405107774369,-352.5017,102.60481,19.064268,98.6842105263158
0.013364473,170.7354741073572,17.72093552089654,1159.6619073475129,-395.24188,118.041306,45.083954,110.29411764705884
0.015480477,137.58106235686793,8.591305470960787,1213.9142676978126,-369.78113,118.83867,40.85521,208.33333333333331
0.011076948,210.58034935105525,104.37907939745268,1494.4537177790885,-418.83383,99.429054,37.433533,133.92857142857142
0.04867038,281.56242509103976,40.48654508311136,1769.5042796617088,-275.67325,79.79319,-2.8062115,156.25
0.0128885405,200.65442105171357,52.24887479258757,1241.4830854928127,-377.0782,113.369644,43.43876,66.96428571428571
0.01296997,255.60671061935025,45.60235370247167,1399.6333849890132,-369.04614,106.19671,31.661476,117.1875
0.025159596,109.42353010579929,20.293596822157355,1945.592710868921,-329.32547,82.67838,31.812592,187.5
0.14070019,328.5805569487626,46.32788315237575,2527.004781145329,-128.26312,53.191452,7.6587834,187.5
0.0147127565,313.8259850501352,42.74645846616532,1577.0168555229147,-364.98224,104.04064,40.815853,144.23076923076923
0.018779228,141.5540816560895,14.19940089836163,1209.6351019178094,-341.5006,120.106514,22.909798,75.0
0.009266271,139.94535433886904,7.833465516705111,1270.4755565333082,-400.3875,106.548225,44.45518,125.0
0.022937486,144.21516199572125,17.52798493070046,1177.7192649030237,-352.49792,126.78078,29.137686,144.23076923076923
0.01213967,125.42414504440704,10.453622075823445,1189.3243289691502,-389.29565,110.80008,38.225677,170.45454545454547
0.021291483,309.3482230278024,128.80276338256058,1415.8382203712747,-339.88995,103.07475,28.125504,93.75
0.01394847,0.0,0.0,1305.4256124352098,-377.7831,105.73895,39.149544,133.92857142857142
0.07095699,239.07229139203287,40.35184093841942,1959.7881736000888,-201.71255,77.4417,0.08666018,208.33333333333331
0.035143554,0.0,0.0,1737.8634306581157,-316.6363,83.79178,38.698647,117.1875
0.020932758,153.71567621182044,4.14735039192633,1623.8809208391367,-345.67886,104.7238,40.807346,104.16666666666669
0.21040483,216.73357774396197,36.325377241272136,1342.2860208613215,-116.69999,121.240654,-31.164858,144.23076923076923
0.014861505,366.88438662066926,102.32580621749388,1247.4185304964408,-377.94885,109.925514,33.561222,144.23076923076923
0.015192997,0.0,0.0,1547.292021886575,-360.47977,97.95274,34.28991,117.1875
0.008209138,164.99162068837296,12.608315880333066,1299.6128924160057,-400.27515,111.33799,42.93053,125.0
0.019568337,194.3180281767092,22.792099669683747,1143.572494502828,-359.5139,117.90568,37.796158,117.1875
0.00906497,75.9339393843693,0.532792634576836,1293.1744188140767,-402.1441,106.058876,43.219135,133.92857142857142
0.05240275,343.8759364967536,27.056451110014304,1222.38466627109,-321.502,108.41521,36.748573,125.0
0.1388926,288.9527515160991,54.2103490693798,1934.672195614296,-111.67389,74.97745,-21.297617,133.92857142857142
0.072979406,438.56984948731775,9.992291245742589,2526.0692383637665,-200.39919,44.73995,3.5387995,85.22727272727273
0.009936826,151.90129325001035,18.0022176176005,1259.9556294139288,-405.2287,113.75791,48.120533,234.375
0.027692677,199.15671252136207,34.011578024907834,1312.3869135714865,-333.08514,114.013214,28.826792,110.29411764705884
0.00840227,258.5791551885235,69.08463500334335,1326.2294483285443,-404.77844,107.214424,20.810125,98.6842105263158
0.030727219,337.70372877147054,42.88271858352315,1363.3487502657383,-348.25626,101.65051,29.918236,156.25
0.11461217,262.4132842505326,96.65315564357364,1629.2141354024886,-142.36844,87.97236,-22.073088,93.75
0.024037467,315.94062179657567,11.651223126475172,1520.5787076660497,-345.98962,96.52891,17.496677,133.92857142857142
0.014516222,90.01787634762027,10.337184635126352,1280.5831659053551,-399.978,113.92401,55.27327,144.23076923076923
0.060196895,432.9996074546247,86.69666757700642,1532.5260520648958,-264.5044,87.34902,-2.8041365,170.45454545454547
0.023695454,271.54027959428424,68.00925228496605,1494.1130332797654,-348.01385,95.525185,42.803883,98.6842105263158
0.009741273,146.72779908303056,14.523324089683928,1218.6026877825702,-398.14664,115.492004,42.62707,170.45454545454547
0.027280077,307.95375718532307,69.56538453056098,1684.4961373603294,-322.05338,95.54218,23.406586,156.25
0.019873144,253.5362618103468,59.565881901163934,1450.057317489324,-342.4236,102.411644,20.461746,117.1875
0.04278353,351.852526862423,58.73002263754238,1507.0254678358272,-316.9741,88.04873,23.745264,144.23076923076923
0.047072917,500.308707739422,60.19416156762888,1441.1294364475334,-300.1212,104.68712,1.4447399,110.29411764705884
0.017860303,348.16479482746047,43.28862208648043,1905.115601367828,-357.48056,82.609856,42.393654,144.23076923076923
0.008740235,230.74871175830137,55.35823747950535,1227.0432376346407,-411.5352,116.96744,46.87852,81.52173913043478
0.05139411,186.67705030090897,10.58349356148723,1801.6405730571175,-267.2416,88.33732,17.94932,170.45454545454547
0.01661571,264.463348672116,18.204552499627592,1217.1985501091733,-388.51495,109.30388,44.010323,110.29411764705884
0.04527269,249.5206377889572,57.19204893466728,1238.4590074021392,-294.75696,117.15839,30.534592,75.0
0.040708654,410.826386978339,128.5016197732927,1513.394369714363,-310.095,94.57857,17.069113,93.75
0.009860934,0.0,0.0,1308.1153186087838,-412.14737,107.81271,47.667095,117.1875
0.00965834,0.0,0.0,1711.9467228537085,-395.01532,88.44603,54.835804,81.52173913043478
0.009489194,67.06593696430467,0.4838170784046517,1229.6831366371896,-395.6141,111.84197,40.657177,125.0
0.0056188083,0.0,0.0,1264.2255692154215,-427.74457,106.60077,51.60707,125.0
0.009244143,232.88353330909524,64.4688257206844,1263.8888082478488,-407.47583,113.14702,52.501213,117.1875
0.0135080675,243.0160181619909,22.787799223047795,1287.8043990570598,-382.0212,110.5027,36.086903,234.375
0.043462165,285.90255394448445,73.41808298307365,1600.2698451955634,-249.18135,92.20573,-1.608205,81.52173913043478
0.008401814,0.0,0.0,1444.6994359935395,-397.7665,100.79457,47.093372,208.33333333333331
0.00976546,0.0,0.0,1961.3260592680376,-384.15884,78.93501,53.98684,125.0
0.012362177,0.0,0.0,1519.2781180172287,-368.10797,98.19708,46.179413,93.75
0.030971423,224.2217015669785,47.50767400396875,1229.633238954475,-332.0343,109.08899,35.780148,187.5
0.009532961,119.77568886787049,18.438931318892116,1048.6566458700304,-439.75943,121.24186,40.58064,125.0
0.009916201,0.0,0.0,1168.207830180922,-410.88254,112.0986,46.774784,110.29411764705884
0.012374375,208.49420725328335,77.79436852123659,1449.6506426928108,-394.21182,95.01656,31.406086,144.23076923076923
0.02424271,330.81829421795703,56.774417362845504,1586.7515024487911,-333.10135,88.95345,33.26656,117.1875
0.013661999,236.99727078562344,23.604455766590192,1489.6438234036682,-360.1729,99.48572,6.011261,144.23076923076923
0.038902197,187.5317821207405,22.712106202247643,1182.3102577448362,-318.3298,126.07733,38.139523,125.0
0.012349236,268.2251146208287,28.565453960687957,1247.9433337492394,-400.16064,106.02343,41.51977,187.5
0.027148344,304.12097758670774,38.88852846398592,1578.94106905604,-336.80447,103.31109,33.434433,156.25
0.008554692,251.0778950099616,57.61990880040792,1417.8062121650428,-387.5244,106.87432,36.221004,85.22727272727273
0.012570033,0.0,0.0,2138.2234175350823,-348.9995,75.96493,49.52406,144.23076923076923
0.008166503,149.34398861232177,5.984934557830668,1308.9227497507486,-406.84076,109.37066,18.720295,156.25
0.02148325,185.4617151242552,40.835113069567214,1510.9864388185745,-351.06665,105.85509,35.69683,208.33333333333331
0.011038736,113.62801528378591,4.660207623490088,1100.1821300651502,-399.5327,119.10097,53.28965,104.16666666666669
0.015269787,149.81751194357307,14.702136366751969,1243.53439661562,-343.44336,119.37005,28.226633,93.75
0.11341167,183.81018463113625,12.017659649411316,1523.7440301720867,-178.26842,104.63353,-7.895389,144.23076923076923
0.01825058,300.67857536321367,34.68515089353481,1246.2852485131832,-371.62442,118.21431,35.361134,133.92857142857142
0.0087701315,168.77812041678928,16.773564011294837,1361.3422111846853,-406.1957,108.52306,53.04082,156.25
0.015192251,186.8439114601545,14.592894587189344,1272.5921900043968,-371.0585,109.81064,37.408108,104.16666666666669
0.02522957,382.12109714048165,39.413864513067175,1370.9472241653991,-369.52673,92.12663,33.240997,110.29411764705884
0.010300164,87.70482022925442,10.729925119488112,1651.8937184640406,-397.54416,92.55463,32.890697,125.0
0.0074691297,256.3935065454922,46.37576664533341,1586.901858082007,-411.39252,97.22898,56.321503,133.92857142857142
0.015522195,325.63633162452413,33.19671768751552,1296.8971188198177,-381.57404,102.04095,32.973347,144.23076923076923
0.0095042735,0.0,0.0,1292.9553748603118,-401.05872,110.47748,44.914967,78.125
0.15240622,328.5893328195335,40.39753702125063,1541.687116351323,-194.38196,104.205635,22.709938,170.45454545454547
0.01836705,263.2076797609332,52.79361866457344,1485.0813583287538,-358.36584,104.91064,44.469578,125.0
0.012109938,218.5892645691704,47.50310906990465,1182.3403506707389,-372.21237,120.07583,24.678175,144.23076923076923
0.13327444,499.9266962135822,44.38265910475913,2704.5296437082893,-97.307045,33.896946,-15.376618,187.5
0.11529738,307.04796468865027,43.75190858192282,2627.410695719921,-143.56339,50.283257,9.357685,89.28571428571429
0.011679525,0.0,0.0,1307.2020164869382,-365.02585,115.538025,32.70852,89.28571428571429
0.007252187,0.0,0.0,1319.449837459503,-406.88046,111.39756,50.66741,170.45454545454547
0.017904656,152.49065215008426,8.119200464861118,1086.8141440816723,-369.90393,121.64409,45.91649,93.75
0.014756126,302.1305382435013,31.37465493921676,1417.7652561960913,-362.033,99.977806,28.871893,93.75
0.12884785,588.8109367277725,207.34745974061303,1653.0590788709485,-208.65514,93.76798,3.3902223,98.6842105263158
0.009069974,267.46896710906606,23.66774190854447,1384.9907076426928,-401.3468,99.236984,43.82638,125.0
0.021055097,143.22252224446507,12.996282745588736,1294.944200788392,-345.0463,109.97312,30.38811,89.28571428571429
0.012013883,172.69590100188884,57.916468180822186,1183.5517817973373,-387.76886,119.66604,45.10892,69.44444444444444
0.08197501,197.8401713937696,38.941053433133696,1914.877376536484,-217.71516,87.09933,32.569386,144.23076923076923
0.03627447,238.50485084965095,60.13183220747838,1465.4018247001509,-312.56735,99.661095,43.325928,187.5
0.016024929,0.0,0.0,1271.1617351218777,-378.11603,107.415184,42.596607,110.29411764705884
0.03861124,208.33939384926057,24.918810202144915,1277.5978430118366,-319.73602,112.05623,42.17403,156.25
0.00803549,107.0178931601822,16.169369973943397,1352.3719105853124,-422.45255,109.52202,39.91793,125.0
0.031247493,258.9708240493472,19.56840231412628,1486.5105269060325,-326.90445,98.73854,33.793457,156.25
0.013002339,232.07959813283543,20.21159002312412,1339.0458830106463,-379.73474,109.38084,47.71271,125.0
0.15303116,314.1484295817448,44.04429621616893,2890.093959436907,-129.81319,34.045242,11.715641,125.0
0.02287636,158.2725039468961,14.477829925371337,1241.9805039604878,-378.31152,107.823814,33.508404,104.16666666666669
0.011643853,283.13766840363377,34.974181225562035,1405.3418284834115,-393.13226,96.65266,38.053394,144.23076923076923
0.058493827,380.4346026826734,58.01819737326334,2637.000922054449,-225.24156,50.407467,16.90572,125.0
0.029430019,0.0,0.0,1382.278399449006,-354.6747,104.86017,32.563297,117.1875
0.00984802,172.91958359395164,13.667562706321558,1705.7805682491307,-377.5733,83.54703,43.178127,104.16666666666669
0.024003234,0.0,0.0,1262.7901238054228,-332.0464,115.101204,27.6998,104.16666666666669
0.022007117,305.2274037316618,30.03891123918739,1367.0859847084791,-355.57858,103.18792,26.183136,60.483870967741936
0.007792493,113.53173404508811,19.838264304381426,1462.5535975207526,-423.7853,109.69568,43.12832,125.0
0.01220571,286.1275002701333,25.961168765802963,1174.2724636751354,-409.6261,102.532166,49.989838,117.1875
0.011970191,213.90884911702295,70.38256464369331,1521.1640820011685,-370.5049,104.07311,40.55673,104.16666666666669
0.030647293,301.83970364123644,51.37790974726109,1488.7906928573364,-311.71054,98.69495,20.436684,170.45454545454547
0.052284952,400.2805217827017,68.36571059944497,1382.9922052867223,-286.36508,105.51712,11.755244,156.25
0.016146826,165.4209656259331,16.678454580723265,1327.543454520753,-355.2738,109.50239,29.230364,144.23076923076923
0.011002673,274.8711600897968,21.79436234685893,1322.4425716538988,-377.33493,108.54059,35.62755,104.16666666666669
0.011233563,264.7445545486228,31.33655677855321,1198.2178514925708,-399.1223,110.75985,49.791008,187.5
0.008054776,93.59603028835856,16.63609424699046,1479.5630246229196,-436.01013,97.31754,49.48114,208.33333333333331
0.026805077,249.2560917353843,45.05117600629886,1487.7772060253833,-337.20825,99.00741,29.460707,156.25
0.019603213,279.15045686135426,68.0215856943297,1307.9329160265368,-352.12088,111.36472,33.441708,117.1875
0.02000234,157.1781397711236,7.333523258193883,1456.1217667071794,-343.63324,107.85689,38.7318,110.29411764705884
0.054747876,272.56398892357504,31.137796423339093,1464.842404099647,-306.65402,95.6161,41.713203,156.25
0.013285104,0.0,0.0,1185.2715128210446,-376.96533,118.70776,40.679035,93.75
0.015975665,154.66444197626532,5.157113334790028,1322.660374676322,-375.53836,110.500015,40.748234,117.1875
0.037174877,576.448807867761,124.67807900380056,2078.097327710484,-284.80365,73.83949,26.65931,144.23076923076923
0.019104794,176.40770795498835,49.00712533508394,1396.3278370374169,-344.6218,107.4392,36.784637,117.1875
0.14252877,614.2552897932867,74.20814476095998,2000.7620846223572,-142.79138,64.419205,-7.264656,125.0
0.009344612,194.334005816404,77.73454668765264,1682.7857920117117,-408.1778,88.876686,40.595024,156.25
0.024673695,110.27163687021086,2.992534113182523,2212.4333622837344,-320.86658,60.29785,35.57607,69.44444444444444
0.11021595,282.8626748674748,40.96354337500088,2188.643354979173,-147.626,60.72463,-22.004723,85.22727272727273
0.049300116,293.59300465964577,91.72759765483,1789.425664564946,-267.8125,85.15584,22.116707,133.92857142857142
0.014373988,0.0,0.0,1482.726871810154,-360.88736,102.49386,12.926062,89.28571428571429
0.03399481,206.475148385058,6.894540187386293,1595.3354838167293,-283.56088,102.427925,23.898136,144.23076923076923
0.009240259,305.0158469152082,6.222227951563123,1295.9165620590836,-414.00525,106.39899,52.05854,72.11538461538461
0.09341728,448.31004441306914,86.69751877114878,1790.119652691875,-218.09897,76.70093,8.81303,144.23076923076923
0.011520568,96.5902930099132,24.58028625808117,1035.2453523510733,-427.60474,121.879745,48.704727,133.92857142857142
0.036069702,208.94711356301977,24.67977845710061,1612.5236585438518,-302.48755,95.997345,34.701458,117.1875
0.04220906,335.6042784596613,35.6486814866053,1845.8565846177053,-273.65335,77.96373,8.725516,110.29411764705884
0.013209686,235.55193155010596,26.15341666205485,1426.7029903688274,-372.5073,96.15196,49.470016,125.0
0.008752535,0.0,0.0,1674.2618356164585,-382.86124,90.0984,52.150505,75.0
0.022803193,0.0,0.0,1331.486511567964,-361.44748,107.85921,33.788612,133.92857142857142
0.01110411,144.213528927794,16.98821874555022,1218.666736564377,-381.45193,115.532326,33.123726,125.0
0.007590089,0.0,0.0,1196.7227161735252,-415.1582,110.497536,48.961155,133.92857142857142
0.009870123,273.36672796302406,99.042516032438,1378.8205195197545,-394.92316,108.567444,51.67355,234.375
0.007690358,0.0,0.0,1539.0088047146976,-401.9066,93.73307,51.015484,144.23076923076923
0.015549191,262.9531451595707,64.64849305012298,1253.6611829140857,-382.9433,111.927,34.31013,133.92857142857142
0.014316986,203.87655076401964,68.3353532520055,1306.7616849781125,-369.34637,106.166824,38.387554,93.75
0.0848484,399.0828929049071,89.03046962239634,1781.258206138952,-203.8339,91.15098,7.7753997,117.1875
0.030111086,363.2221911078015,42.50849481140597,1594.726487442224,-304.69067,94.77376,16.524183,133.92857142857142
0.048762638,373.00952676866063,29.88652784420907,1579.6404124407352,-309.63422,82.77846,18.29358,156.25
0.032399256,223.20632560146532,47.7849519900814,1955.7102139777016,-302.3469,78.24431,30.33293,93.75
0.011388854,265.3412605689346,59.594003733294166,1401.6112425581484,-396.3735,101.66486,46.883244,170.45454545454547
0.027768243,256.28143998220315,89.20052357379568,2125.011230362295,-321.97873,72.07082,19.507013,125.0
0.018467667,230.3631298909889,32.04375650635894,1082.2656550865622,-379.55627,120.72188,40.516357,170.45454545454547
0.011950122,301.0796441746122,13.664032421176032,1541.076351818507,-372.4772,105.17684,44.76723,98.6842105263158
0.017834922,0.0,0.0,1323.3997222012774,-371.91434,118.63937,40.18246,104.16666666666669
0.04046991,268.7030827558,34.69759763556476,1180.8586177981144,-326.0703,123.44351,37.13851,144.23076923076923
0.010651574,0.0,0.0,1295.3388329262357,-388.54443,110.09634,37.776367,133.92857142857142
0.010909173,0.0,0.0,1729.329895654115,-351.88617,97.5834,25.508018,125.0
0.014721964,333.2932579064932,245.49809334352472,1352.8668906583862,-381.1181,106.58502,28.442238,144.23076923076923
0.008774828,156.37979640090862,10.881969525064106,1334.661601171896,-393.7258,112.950226,44.560326,208.33333333333331
0.061357673,171.65360803556555,3.6539018004763126,1458.5663677190669,-245.72324,119.224625,17.587858,62.5
0.010974806,236.3489740229533,23.215561170414468,1077.876548682802,-403.65118,118.39789,48.4722,125.0
0.017173206,0.0,0.0,1597.8422955674096,-331.0061,95.27594,26.04723,144.23076923076923
0.0073090657,388.2627951288565,85.3549358263811,1388.3417867216,-429.5554,99.65729,50.00889,187.5
0.087976635,256.1864209676296,24.16647377249867,1729.7807870443194,-180.52798,101.35337,-10.394093,234.375
0.022551082,307.7863137449143,72.05167186697348,1560.380995036979,-341.7429,102.23953,33.061012,93.75
0.04468603,444.25903419421,75.37944874868431,1746.6361730531785,-293.01382,87.06834,17.45272,170.45454545454547
0.010404678,262.26898101981664,23.83806305715932,1372.096390841297,-406.21268,105.4303,55.06155,89.28571428571429
0.019960176,244.10571858793725,77.52764022553876,1600.0092306363474,-336.7468,100.149,18.187735,133.92857142857142
0.26119548,591.3814221927703,71.6486317218418,2316.012101413673,-65.30352,37.37659,-34.71941,133.92857142857142
0.035631586,270.4553639365268,55.39621497332144,1544.618586782666,-315.2449,101.49203,26.388433,133.92857142857142
0.0082559185,0.0,0.0,1962.842481225025,-390.7855,85.53086,51.968616,89.28571428571429
0.0151450485,313.0130349285652,34.02024308889707,1661.7183598646247,-368.36136,94.61602,26.814201,208.33333333333331
0.011917494,283.6135276683578,79.27850798998956,2078.52281534556,-390.07416,81.58154,51.52384,234.375
0.023294967,365.6816613854217,100.25041007246048,1341.4316737365175,-331.28262,109.13377,15.889763,208.33333333333331
0.018786281,256.1733558934551,102.89350025086516,1423.9446016908068,-347.24014,105.83655,29.489338,72.11538461538461
0.007780542,208.15066589499563,62.85236537929335,1147.6473396651893,-414.05774,115.157524,45.67486,117.1875
0.012060704,162.18397404475215,22.471186183361624,1723.4785558714416,-358.78317,92.15015,40.567608,125.0
0.017975215,349.6716759621337,29.50903709329157,1532.45066817094,-338.12668,102.91945,35.16239,89.28571428571429
0.008563986,232.3625049378653,126.56622589089356,1250.3296295017226,-409.14044,110.98036,45.05475,156.25
0.02678405,337.6705668198277,52.52607242098479,1325.614328323274,-339.4906,103.94533,17.165699,125.0
0.009748101,257.92973959833233,73.80873322800689,1252.66486282626,-385.3237,113.51145,33.05092,133.92857142857142
0.08018155,304.6325171922723,18.060843563127904,1425.2995151101045,-232.16388,100.55156,2.6174803,187.5
0.012997425,239.73434704294715,67.23503560159597,1189.9743402129002,-393.728,114.018486,52.891113,208.33333333333331
0.008671176,304.4018504424197,8.14889535746372,1149.7350027413763,-418.60852,112.40684,52.459812,156.25
0.008808825,0.0,0.0,1593.7961241699782,-403.03223,92.732346,56.60809,234.375
0.017251931,324.3908180592153,48.07355432925719,1310.516941099184,-358.76678,116.09727,29.479773,110.29411764705884
0.01800143,253.00893890587776,72.45489592767876,1323.329382749499,-374.86847,105.794846,33.257782,104.16666666666669
0.015458782,136.47947362774354,12.949864758393668,1211.9484852968008,-383.09253,112.62012,37.182537,170.45454545454547
0.009011825,269.48048922663395,25.17128986408069,1221.221580875746,-408.54242,107.399864,45.33989,144.23076923076923
0.027390491,381.2928058057133,72.45536693107914,2111.2483114656507,-307.24002,74.9749,26.224007,78.125
0.014392598,135.84359490605866,6.756275386642912,1244.5430511526274,-393.78122,110.73088,42.39573,117.1875
0.04076039,297.1237878386715,28.29452090018935,1863.8555640207203,-290.36533,86.10156,29.44753,125.0
0.010340581,0.0,0.0,1464.187901570201,-387.6788,103.901855,45.61605,89.28571428571429
0.009397618,157.4221843151114,14.809052583644313,1432.2348181670534,-393.0944,104.39519,42.426163,133.92857142857142
0.010915429,163.35640894457032,10.05682035222478,1223.9084657868264,-404.38196,111.43982,52.005253,117.1875
0.008865505,117.22412709723028,30.87891443698816,1546.865908554933,-437.58713,92.934685,59.431843,117.1875
0.010908131,295.92174464452995,16.941181150465322,1401.705564753252,-385.403,107.45644,15.4039545,187.5
0.008569614,275.9689651927719,23.150118302785845,1257.5608364326088,-415.70087,106.819,51.696102,117.1875
0.012723187,217.1535864893517,42.82309314921199,1235.707559654941,-377.7766,110.06732,39.770042,170.45454545454547
0.018574668,355.8307118360609,78.14738665797616,1473.6490517228872,-367.4819,105.575165,35.738625,89.28571428571429
0.013816689,243.2511206565117,111.58579423507366,1523.5894760779108,-376.60318,96.17396,24.693449,133.92857142857142
0.023472201,214.97872344124872,26.506275821085207,1171.168111253386,-358.84103,123.46015,27.813679,187.5
0.009811276,0.0,0.0,1252.267941565871,-412.79428,111.99542,49.713875,104.16666666666669
0.008401192,0.0,0.0,1342.8165218747422,-403.0864,103.86013,46.07848,144.23076923076923
0.021098489,0.0,0.0,1367.567951884643,-349.9005,106.77866,22.695738,156.25
0.08869628,443.9721316196251,82.10052656839446,2070.6480640375453,-221.41054,80.65114,11.310279,133.92857142857142
0.010017467,275.80623350684,131.9202691009458,1388.9752220683397,-388.17834,102.03953,39.192482,85.22727272727273
0.0733002,215.172583977944,62.93814922186176,1240.6935815336178,-240.39252,117.58757,3.1800041,104.16666666666669
0.0120541435,303.977683658924,16.473273114652955,1203.2502734127809,-406.4273,103.961395,48.12867,144.23076923076923
0.01965948,133.2568240715454,0.9845262124203858,1060.2302755671576,-379.88547,129.12268,45.109825,187.5
0.0094436435,0.0,0.0,1366.417877089461,-389.89713,109.12443,50.152546,93.75
0.12716435,328.2153310257016,23.47525366292033,2411.232782070391,-122.57509,52.908737,-11.743519,133.92857142857142
0.013570007,139.57498451089216,15.837447327359792,1185.7650753909056,-370.15237,119.91986,38.46258,110.29411764705884
0.0240886,336.7978645243238,45.0576925746381,1479.7065693770085,-345.55933,96.18051,35.088264,93.75
0.028292922,294.6193547335937,33.78394946647024,1477.9004504212908,-334.72806,90.27985,20.053984,144.23076923076923
0.00816644,0.0,0.0,2103.881825405392,-388.6574,78.88557,53.783703,72.11538461538461
0.01428754,361.1355525015901,90.45971670665222,1433.297471609828,-380.19492,105.99938,42.530094,156.25
0.022137893,155.6125979901885,42.07010981811245,1042.289253667514,-380.54608,121.38614,36.521164,187.5
0.08639765,0.0,0.0,1605.9310772573683,-187.54451,111.68067,-15.040222,156.25
0.024682,319.2645615400981,39.52363708414067,1195.304690444524,-340.921,120.940636,19.877184,133.92857142857142
0.114141405,298.92339886356103,52.49396479378759,1600.225980618534,-161.12119,87.82809,-16.35251,170.45454545454547
0.28567863,492.0499368537487,64.3412792029649,2314.344567090498,-50.777283,34.146946,-26.484825,72.11538461538461
0.008872954,0.0,0.0,1567.721977136579,-386.66403,92.62055,40.525177,133.92857142857142
0.011228319,323.20651209223166,34.0939275554387,1234.6537539328558,-400.03928,109.76161,35.453373,208.33333333333331
0.012016359,0.0,0.0,1300.4426100175951,-370.92117,113.22944,35.921516,104.16666666666669
0.0118805375,266.0191718442535,16.671117399686135,1333.089151620479,-394.4698,106.07277,45.13711,170.45454545454547
0.17105578,0.0,0.0,1194.9411190580306,-147.76245,144.60347,-37.634857,85.22727272727273
0.024174232,0.0,0.0,1502.5099412053155,-332.2871,98.88511,29.335426,144.23076923076923
0.010656829,206.1538879338426,43.91176168614375,1328.3854962636135,-392.8068,109.519264,23.799448,110.29411764705884
0.027825026,219.78746465255392,19.031019039790102,1455.9692127011615,-299.6271,105.589134,28.807964,187.5
0.014211945,279.5258394629512,104.37067042394078,1772.6875624281467,-367.3542,92.782936,48.761208,133.92857142857142
0.011098865,0.0,0.0,1339.290147174406,-391.23,106.01359,42.919632,98.6842105263158
0.010962054,191.3443329619051,25.469203154724063,1361.421544095405,-382.31958,110.65426,42.292988,81.52173913043478
0.007307168,148.79150057203628,81.64978292365116,1680.9321821717797,-428.9433,95.96591,47.516315,144.23076923076923
0.012006036,275.6423673509659,22.45811950514319,1303.3804323896968,-384.783,103.49603,38.329773,170.45454545454547
0.0066929697,253.03381323609324,73.32767419549772,1339.3960329970882,-401.7426,109.85641,39.5991,104.16666666666669
0.011613314,289.58699218332964,23.65437692210636,1326.5095377959608,-374.6189,112.96363,29.260332,170.45454545454547
0.02144481,375.1849893688026,122.56563383702472,1458.9741236691589,-349.16,92.26169,31.557686,156.25
0.014388527,290.45691449542494,15.151704803741444,1430.614750735904,-362.54782,104.93806,29.819098,133.92857142857142
0.0147440545,246.61274339462037,57.557990961306096,1208.391596148293,-393.38315,106.88868,51.541454,156.25
0.022590006,186.75337289348727,6.312347005328848,1298.4194831235827,-350.24203,110.206726,32.2833,170.45454545454547
0.011557272,0.0,0.0,1202.2227553759997,-406.6319,118.36872,46.37385,125.0
0.064128906,375.72987535123343,83.9628593129687,1766.9230774807247,-241.41592,81.860596,8.234527,144.23076923076923
0.021522526,186.26301848131672,5.2372371648357605,1252.5073469285353,-354.41507,112.47153,38.63866,110.29411764705884
0.013659463,163.9186443240878,9.985939732584011,1309.2204678765358,-373.1535,115.82728,42.845127,133.92857142857142
0.005417279,81.16633304030577,6.921619607613037,1113.5391483580795,-470.14996,112.3291,52.8121,125.0
0.0174137,77.56076625215921,0.718852546880999,1467.1888152392305,-342.76392,104.50918,25.654741,89.28571428571429
0.02433113,559.5559420374192,143.3972663308849,1997.883863829403,-340.86716,67.79601,32.113537,125.0
0.021388082,286.2228310579368,50.79698322134825,1484.2174743143144,-351.236,102.80776,42.305347,144.23076923076923
0.008093046,197.2239381824369,104.85744353094846,1681.9088875124205,-414.59833,90.53273,36.527294,170.45454545454547
0.010080226,377.41942121877145,71.14940169806935,1520.263011696437,-389.9043,102.77602,38.91043,156.25
0.02611208,256.13401601804946,122.8420253624802,1659.7518952528717,-365.06818,86.09599,36.001854,133.92857142857142
0.02012932,156.6626666141366,15.988804395462855,1233.2745772021517,-358.46875,113.2896,30.97526,156.25
0.106204666,222.4844106922469,35.51003689048386,1353.860605211729,-194.17232,105.43735,8.873203,187.5
0.019580027,165.1192845967653,13.44472278321222,1200.1577245089925,-374.5114,122.050896,41.523582,187.5
0.007957805,268.2686349286873,16.98218061981602,1305.9194201147193,-397.37546,110.984665,37.999374,187.5
0.038823858,608.71432344652,131.3820126046703,1348.6345404281765,-336.66013,117.36165,25.44479,98.6842105263158
0.012069305,258.96127832275096,55.95251127310479,1127.1250149488872,-398.11566,113.87065,48.395985,98.6842105263158
0.0449347,341.78718385499184,79.83645406432974,1752.3016496572216,-247.54008,86.68392,-4.801082,117.1875
0.00788938,168.55554727324923,91.03311150715666,1652.8576262459644,-423.9297,88.855385,45.5055,170.45454545454547
0.013774717,251.41867907507643,94.73930170044468,1925.554630538873,-355.25455,88.660706,35.965435,110.29411764705884
0.0038206594,86.27832383266936,10.678637861420652,1356.948745711156,-490.8928,101.73637,53.24472,156.25
0.013447632,293.5900546950015,11.985320827651588,1227.519128588507,-370.39453,114.457825,23.069279,78.125
0.013785754,281.9898055685034,29.697521066056364,1102.7988447234416,-408.21744,107.251465,50.04077,125.0
0.0074694967,171.05512973127384,31.000802547633533,1235.6937149910432,-425.23117,110.80728,53.45899,208.33333333333331
0.066062875,452.4737699726011,117.80875879358533,1427.946178032111,-255.97421,107.46567,-5.5750713,156.25
0.042074714,192.3482785689672,37.79777331986656,1289.527354562592,-278.00626,122.07281,4.0978155,156.25
0.0062222057,127.54738737163278,2.755142932950107,1247.894846714545,-443.43878,115.79198,40.646343,170.45454545454547
0.19322012,291.8799368673773,24.890453809058588,1633.4245668049937,-108.49583,103.035904,-41.353374,156.25
0.0252501,190.0166651657725,16.587523434370706,1318.4682882966335,-345.25723,108.59752,30.067686,156.25
0.0069239116,199.81790645281623,58.341901958650006,1384.8547212100495,-400.72797,105.712,34.594887,208.33333333333331
0.00987023,0.0,0.0,1395.2005669280777,-390.03772,109.02586,16.075869,85.22727272727273
0.016476141,260.3939576266261,73.83268729913196,1292.306435844174,-356.32477,110.74288,32.316532,89.28571428571429
0.008143756,252.83655620673144,7.892566625688808,1398.6442750359454,-418.4515,99.13868,58.788563,187.5
0.025875842,390.1603738641074,35.061821278711854,1482.8938003342823,-353.95383,103.777336,37.748615,125.0
0.009693243,213.3820567118892,45.51416687029101,1439.924408681974,-387.7926,110.00952,44.0851,156.25
0.017943894,417.6195682076847,74.10703285897873,1298.9160685957258,-366.18677,112.179886,33.313004,170.45454545454547
0.0042682327,98.66199853347176,16.21237407057618,1559.1623875434152,-467.33,93.63979,50.092728,98.6842105263158
0.08886854,309.9867879286798,45.53583420199677,2062.512329958179,-179.18721,67.20546,-15.439145,170.45454545454547
0.010003138,149.8679459795037,3.3246178884812965,1465.6224314045323,-384.55685,109.1978,16.165955,125.0
0.010845406,91.50936295682898,15.26236519825141,1083.9520353834605,-415.95193,123.21107,42.381832,156.25
0.011763778,277.45900382366466,32.40904781524719,1270.5751441057891,-387.25534,110.66095,40.80615,125.0
0.0065956544,0.0,0.0,1232.3038365636796,-417.30762,111.98698,48.022263,133.92857142857142
0.014279268,266.8551695631697,42.027844199374144,1096.632205296962,-382.90903,122.47056,42.293865,156.25
0.008482835,214.4964927323308,57.24514410082805,1229.3034405686506,-400.0598,114.84411,44.11195,144.23076923076923
0.020993443,247.45598601766832,21.22984267527577,1544.9816071413566,-356.77795,107.51265,48.58431,117.1875
0.02540464,221.47713487118932,89.30437715897496,1313.4822368802093,-341.8002,111.468994,30.879133,170.45454545454547
0.011372779,309.09338131551675,4.51601207316745,1432.4230523009296,-394.6243,97.34907,53.278503,133.92857142857142
0.021104565,0.0,0.0,1300.2132243480585,-332.56018,114.683426,19.485918,81.52173913043478
0.063775994,204.14330169527787,32.75020366011233,1679.4732424589524,-217.95656,92.71451,-8.437723,110.29411764705884
0.0112740435,0.0,0.0,1413.0748540719358,-367.20618,102.9236,24.24724,110.29411764705884
0.114607856,273.4259191333754,45.150612423966166,1349.2462095638873,-180.44304,124.45692,5.4907117,156.25
0.017090173,86.17316196860416,9.765775199705535,2673.5022348952325,-348.1512,57.454422,40.750366,110.29411764705884
0.025696518,343.33374426976326,53.69539945157357,1249.313161267807,-377.88547,108.90418,34.17626,110.29411764705884
0.012993782,227.83302950851572,38.04230238186239,1268.044664413379,-393.31595,110.780594,42.35852,117.1875
0.020089746,300.8991396206061,32.32575611696743,2019.607736865055,-351.52032,74.63042,47.25513,93.75
0.07187197,242.69460101830143,46.52372629572477,1548.330095949036,-245.0609,98.658394,17.463747,156.25
0.12623361,235.98067888665528,31.68057427960724,1381.550464554891,-175.46104,107.48207,2.1639993,156.25
0.015627926,138.40684224930644,6.470332954627134,1213.832037301167,-381.63242,113.170135,36.490345,144.23076923076923
0.011675241,244.5380492683341,99.05247790754534,1211.1721467455052,-391.97134,112.795746,41.34042,104.16666666666669
0.041989725,338.0139204381284,101.99807650832275,1515.9132953101864,-320.17413,97.78702,32.21384,156.25
0.008290478,139.2342725427563,8.470119512062903,1243.810431301123,-403.42856,113.76056,43.376244,98.6842105263158
0.04511567,440.7884197317488,114.1308175179787,1246.3374265194282,-312.6834,116.20974,-1.556031,104.16666666666669
0.009083531,0.0,0.0,1614.3188574738494,-398.4091,93.45674,51.491512,156.25
0.09114163,374.5979251999554,36.10669533895142,1645.92725350861,-187.25407,84.61772,-11.18959,133.92857142857142
0.030886708,200.10200909183916,14.327169214539031,1656.2281556813423,-311.60678,95.29383,34.312706,187.5
0.057631996,486.3010748494662,103.7313319404739,1521.4585339969765,-259.6828,98.37987,16.52378,117.1875
0.17202574,270.7301880286748,19.07014335153669,1740.4017996180633,-147.54813,96.978065,-1.0861466,117.1875
0.008020468,245.59891654639316,12.079110524825628,1557.8203499177623,-428.70322,97.21633,54.409885,81.52173913043478
0.022250813,193.76437583612957,19.405179836708925,1339.8096921533486,-346.71613,106.62757,42.400024,144.23076923076923
0.024050493,264.9780098448568,125.02394728460528,2119.357756754441,-324.34564,76.53655,32.927444,144.23076923076923
0.008164818,272.40215536924075,53.23559705490053,1554.0838357633224,-409.66544,104.348946,28.552877,170.45454545454547
0.0087151425,0.0,0.0,1445.5856971239457,-402.51575,101.36932,46.770878,156.25
0.00747823,137.52429968869134,8.043108069970721,1484.810266916321,-433.39313,104.96276,45.28045,117.1875
0.007329992,119.38839554313552,12.95804664869516,1007.2050669329792,-460.85678,121.084,53.359737,208.33333333333331
0.009338259,125.40076676477123,16.067722428709338,1129.7361452512057,-402.71335,117.47278,47.691,117.1875
0.010300069,230.87505695063905,28.83579356198578,1425.748695191992,-403.12573,97.63322,49.060394,125.0
0.1903487,661.3754432411574,52.19529102853347,1556.059600909443,-148.76163,74.8888,-18.81128,89.28571428571429
0.026330274,213.6617968524164,180.2753804763432,2510.938878067452,-319.579,55.11537,36.813896,144.23076923076923
0.04954474,351.5946243089364,72.11917665478389,1448.312181683218,-278.86597,98.35326,26.773283,125.0
0.011117244,320.4732772707136,29.11216258634388,1206.6757153111043,-376.86975,117.91417,26.29803,170.45454545454547
0.010851187,0.0,0.0,1196.4159312890104,-385.6698,126.0177,41.40747,156.25
0.0122297825,272.8966693825445,67.66721650402982,1590.6996587254923,-387.59967,97.24885,42.293606,156.25
0.009612557,211.5388925697819,56.80254966826222,1377.36986356962,-388.123,103.07139,34.18249,125.0
0.031629227,255.6167385965017,52.63601647324535,1407.1842220544302,-327.77765,103.27347,32.241814,170.45454545454547
0.023810493,357.806512284073,35.42176112870644,1344.9101658800655,-358.1694,103.53233,39.1162,156.25
0.019498004,216.252350153232,75.11935891474893,1428.5091590276766,-346.0466,101.86881,30.287563,117.1875
0.011538561,208.3602485189924,24.533743326673623,1377.2219531603323,-380.07724,94.10795,39.05692,133.92857142857142
0.018498806,252.17672635911376,52.87525352767253,1448.0124709993856,-342.1488,105.16222,18.85046,93.75
0.124623366,299.12128655449754,63.55233535880531,1724.6153917877657,-158.38176,88.35946,4.3788514,156.25
0.07684185,407.93002575843377,31.590650060292003,1995.285288344825,-184.76369,69.55169,-16.022297,170.45454545454547
0.034262236,337.86258063004703,36.36419294679038,1870.388204814957,-317.15295,77.249245,15.736182,81.52173913043478
0.012898779,148.77553022104655,61.321640620210296,1418.2086165009089,-368.3002,100.41384,30.526539,104.16666666666669
0.013072533,259.10122667971257,56.167568060819086,1272.4031504819156,-380.52472,110.727036,35.96211,170.45454545454547
0.12822612,259.675253250972,34.03832474975133,1646.9412987260944,-166.84938,92.137856,17.787907,144.23076923076923
0.011752827,187.10764786057936,28.49702013156063,1342.6378097366255,-379.77695,112.263885,43.530712,125.0
0.02006864,138.34154942622123,78.29747380760548,1397.3107627541942,-393.90344,97.59132,44.93468,125.0
0.016883943,432.3520300057365,60.84905427892855,1633.911808254549,-371.43204,89.796745,37.616882,104.16666666666669
0.0044446406,0.0,0.0,1114.4193966700004,-485.4338,113.09741,56.780106,81.52173913043478
0.05596739,303.3921262813071,19.224090482902277,1922.783927429856,-270.55447,72.644714,11.041076,156.25
0.012161598,189.9490604393603,15.658421666980711,1241.17183591048,-383.94675,116.511185,38.101444,98.6842105263158
0.012131211,234.9261506767096,71.55590631441795,1277.4858575332896,-373.78354,115.31789,31.625418,133.92857142857142
0.014106169,152.98617353666762,27.852988626057563,1057.6932576664497,-413.75705,123.17852,37.595333,144.23076923076923
0.020159224,390.4047708698785,221.8584827657088,1896.6572648796591,-325.87924,78.164055,15.566451,89.28571428571429
0.009436872,268.2923791306731,18.574816049851275,1500.135100993069,-394.22083,104.412544,49.763454,144.23076923076923
0.0069587165,153.21860120437742,7.31796511202392,1298.1271432350993,-410.56622,114.06433,49.604237,98.6842105263158
0.014899426,171.75097704325424,71.62095745834196,1305.3198453507505,-377.92255,111.81706,42.829536,89.28571428571429
0.02892741,219.1040396945419,40.61618048409976,1116.2708239372132,-337.01053,118.86127,23.509768,208.33333333333331
0.013601632,0.0,0.0,1445.809258870009,-372.06683,102.37428,46.77551,187.5
0.018551908,372.5715209285115,85.59885641593988,1488.1295120244256,-390.4134,96.07629,42.688362,104.16666666666669
0.012529354,254.38060173203093,42.04076800840976,1393.629537679724,-393.70734,104.354294,49.900475,75.0
0.10224332,549.6863700546239,182.9948361145253,2285.0801198908875,-147.8817,42.830616,-32.206085,98.6842105263158
0.016979212,243.8607825230531,49.289767523311326,1146.5955850197774,-377.8223,114.334114,39.25684,104.16666666666669
0.0153243095,149.55441115774923,18.60509250444906,1220.501451969286,-362.65594,123.03728,43.67589,144.23076923076923
0.0068345037,0.0,0.0,1277.6207647734605,-409.49658,112.025734,41.294098,125.0
0.0078959195,187.41812552976955,17.059865410234103,1288.2962161592498,-407.561,109.92358,46.28019,133.92857142857142
0.031974975,0.0,0.0,3055.0759454383187,-277.52325,39.21851,28.202154,208.33333333333331
0.020139795,201.04073064352383,53.136382466547474,1318.433652961652,-337.4476,111.94579,28.003353,117.1875
0.043097887,369.1894891766468,175.85415988670152,1660.2255538153956,-301.47028,90.84748,19.417412,110.29411764705884
0.061541803,338.4781322372997,80.45740177910182,1988.7377685844544,-238.43907,76.03409,23.786594,104.16666666666669
0.1477253,254.446614855382,30.664614093712064,1656.2332445935288,-140.00304,85.24261,-17.569956,75.0
0.02585189,314.6994762960738,17.564230340838606,1386.8016856218728,-344.14722,103.68287,35.745644,144.23076923076923
0.022370014,237.33952022521515,15.278880745827127,1994.357788151679,-330.67862,75.656364,44.746693,133.92857142857142
0.012589085,0.0,0.0,1071.8912612807885,-379.3808,124.41743,34.982758,125.0
0.14248274,458.8958430531837,78.01644859499336,2340.142427387541,-150.1366,60.319878,7.8905277,156.25
0.012477236,150.0406547774511,11.09640488739814,1232.1137966060858,-383.67148,118.1025,39.928463,89.28571428571429
0.0061220727,77.41996912627756,5.139651000434684,1738.209585856425,-412.5947,84.61114,56.139717,156.25
0.008207322,296.8732233141199,24.826938098535635,1627.7544005843622,-384.74387,90.88627,40.67142,104.16666666666669
0.038104102,235.9387061079502,38.96020340102334,1261.3822324301957,-323.96338,111.04625,40.2789,133.92857142857142
0.019400898,253.36591335131192,64.91856891566626,1190.986628187551,-362.63312,118.5329,34.844337,133.92857142857142
0.011845477,217.9148476248583,48.29784531215012,1130.3522092593769,-398.88547,112.79951,48.461372,170.45454545454547
0.020186435,301.9431008038557,70.61564209669746,1563.322465845772,-335.69128,101.60925,34.48016,144.23076923076923
0.012777321,237.98748669619405,51.91370942182903,1215.6493023113455,-368.49823,119.578575,28.182243,144.23076923076923
0.027747056,303.5300206490673,25.146127775157694,1683.6900914154994,-302.3384,97.66797,17.14191,170.45454545454547
0.011262765,309.66423072514954,15.85753951168808,1821.1863988577863,-388.69577,84.5748,54.82384,117.1875
0.015198152,299.7387705326145,33.264058822256466,1454.9274652611336,-379.26315,105.15433,33.517212,104.16666666666669
0.18813334,350.84103998644247,91.0708063059549,1471.253287492298,-129.56166,101.1232,-21.9315,85.22727272727273
0.027360667,181.67199193729348,15.56466278789622,1222.6244649604953,-345.34344,118.03404,31.346617,187.5
0.009969965,219.98558273507408,49.61994279712891,1418.9663861165072,-389.34827,106.560684,44.53653,187.5
0.021946823,249.3837755394388,86.88270101673606,1899.7263289687985,-312.03247,83.78055,10.144829,156.25
0.08266991,371.4590742186731,97.21302091307606,1630.1257389311204,-198.1206,86.36857,-3.7854605,125.0
0.06612485,445.26025101047264,109.51608736510973,1651.1033252053478,-241.37732,92.04418,7.5038276,58.59375
0.0073534832,255.90525064027224,36.78519398193984,1457.4743097521366,-443.97006,99.74585,50.191223,104.16666666666669
0.018567836,350.43341075543634,61.00735758029307,2403.679298661419,-318.32785,69.137825,32.423206,117.1875
0.0107692,0.0,0.0,1691.5867069260155,-369.87936,94.68969,53.519855,208.33333333333331
0.0074097794,0.0,0.0,1312.925777730368,-401.22275,107.90146,36.780262,110.29411764705884
0.06881253,300.0632956111944,17.23564918208829,1638.3148578978078,-232.78102,87.47803,13.554562,125.0
0.00953824,265.23868837817986,18.518377397600403,1707.7301394005808,-378.19995,94.65271,44.477577,125.0
0.01257202,259.4275788176013,20.885212463696853,1269.992911317932,-393.85034,108.56009,46.47298,133.92857142857142
0.012945406,261.1197748261463,77.71224818605369,1739.759366483175,-368.60086,93.142334,46.992123,156.25
0.019539641,207.26755478391635,85.35332227323113,1824.110632973958,-361.96246,89.75526,42.681854,170.45454545454547
0.060136784,404.1869793018472,40.118173924860685,1592.6028363198684,-285.00092,94.13666,28.388422,187.5
0.015403865,338.69781341035974,42.77865164898829,1127.6450016393292,-383.39328,113.27495,31.283838,144.23076923076923
0.018253887,305.3189091147296,52.935826362961706,1457.739012305398,-328.3048,102.09979,16.046362,98.6842105263158
0.1648006,339.11664860884486,50.78331712383209,1451.9182723908673,-161.78026,93.54794,-17.861294,98.6842105263158
0.013036717,289.4223328930034,46.566275777023485,1513.3890274270946,-367.50403,106.06495,42.378025,156.25
0.009268425,0.0,0.0,1526.3972792473396,-393.69342,101.36161,45.953514,110.29411764705884
0.2576696,423.21788559193845,37.29624362405967,1442.7779010271558,-131.4607,101.87035,-2.1041555,62.5
0.028570041,379.9959563179769,100.60266958683548,1457.0293571141233,-332.57733,100.733795,24.183498,187.5
0.043741245,294.2609007075971,17.74268676618359,1957.619923893385,-259.86697,75.05911,6.880019,125.0
0.014523072,190.03319492230503,44.13793842696315,1522.4741458118071,-371.8078,97.562614,45.53364,85.22727272727273
0.014307591,175.54613057260184,28.01479869066913,1145.6376037553096,-379.29178,121.96261,37.27972,110.29411764705884
0.009620027,0.0,0.0,1655.3669679798954,-388.0812,92.262245,49.280983,93.75
0.02643143,270.9082312688042,21.41657321373164,1439.1291382238385,-331.11667,97.927185,23.032295,110.29411764705884
0.029327795,0.0,0.0,1510.910546296597,-304.11658,101.07333,17.128347,89.28571428571429
0.013202478,168.54312787688727,35.977349541255506,1757.3271396611717,-366.38403,89.463806,45.603718,117.1875
0.005941433,197.3886722154897,42.95084688330102,1235.834712696108,-428.64047,109.30943,50.379505,110.29411764705884
0.03257747,276.8172417247674,31.762658668261825,1344.8460366374177,-344.67017,102.46734,27.213127,110.29411764705884
0.013524811,261.7518643758971,72.00837817185652,1699.6009663991128,-382.08163,96.99031,54.704254,93.75
0.0118418345,269.56193026380373,17.958894513151698,1206.415986553816,-404.57233,108.048805,48.259285,104.16666666666669
0.012472064,159.26927230903698,21.859406789183957,1441.3647026256197,-370.07565,108.93053,36.63869,133.92857142857142
0.012973194,0.0,0.0,1260.5698809088738,-379.71548,116.4553,45.75141,133.92857142857142
0.006829099,0.0,0.0,1340.2783491552875,-396.65,110.08459,38.59986,144.23076923076923
0.026460858,388.25884417157454,60.71355225247889,1293.586292438972,-356.96432,107.28315,26.984243,93.75
0.015936984,312.7037481653732,110.56757958092392,1455.8928413598503,-359.08157,98.054245,9.9803,72.11538461538461
0.034923624,186.46392283387183,25.757807342139817,1348.2975590294104,-290.8088,123.21907,15.059075,170.45454545454547
0.04510035,375.81179635858734,18.57552413821742,1440.5792546242774,-307.80585,94.40487,21.669931,156.25
0.014886017,151.7875497285664,5.986383303071117,1245.670402264829,-381.46606,111.85292,48.12573,89.28571428571429
0.12240736,314.2026994673787,80.7312991143622,1680.100130500054,-177.7527,86.842804,10.746936,98.6842105263158
0.02057221,393.3292508311707,143.26065737001193,1453.6335695120135,-353.07993,100.08815,37.84573,156.25
0.01195966,141.79773272767363,10.97587791500545,1317.6734353070076,-366.26236,111.3988,31.591602,117.1875
0.101394095,436.7625037075384,72.48082233818138,1896.4168407681173,-176.3451,64.19854,-10.699788,125.0
0.0090976525,80.24858351316394,0.6292786829766217,1241.816338415398,-436.18494,106.70523,52.26463,133.92857142857142
0.029195175,396.0692226351266,56.05698886752239,1491.9396131017954,-308.52426,103.26129,13.809927,208.33333333333331
0.008551281,290.41540141226363,16.18897143236264,1342.865650164972,-422.7188,97.75348,47.84674,93.75
0.009852053,307.3197146744524,14.08156155777986,1605.431778596802,-370.76953,90.42056,34.075222,133.92857142857142
0.006823795,169.01336728279597,61.13480000011376,1323.418701834788,-404.1904,108.8077,37.66764,170.45454545454547
0.013382076,174.99031467748898,13.73715913016266,1479.8398197410668,-368.81473,102.474945,35.77968,125.0
0.13244154,382.5919562105915,49.89981627170088,1929.35976132056,-168.51031,76.263275,-0.18797302,156.25
0.028178133,373.58560096953454,59.28521147817072,1222.6505726421003,-369.9286,106.202156,37.752815,187.5
0.0084341895,194.95874726757305,84.0816046275826,1274.9781235960545,-402.25055,107.01587,44.169407,170.45454545454547
0.014103045,172.73417678324364,70.58700488803125,1589.6269020420134,-369.74207,101.510544,26.026983,110.29411764705884
0.011211434,166.252201941976,24.68999901840859,1209.4633035359625,-389.11768,117.10406,42.071598,170.45454545454547
0.013251787,171.87846514989664,138.93590567931233,2076.598846498285,-373.17416,70.52712,37.72227,78.125
0.0071399747,0.0,0.0,1796.0586246781645,-427.59607,87.10764,47.351875,156.25
0.08068079,153.9664673262597,20.428179016769512,1536.0182844347728,-215.72005,112.31675,2.1888344,110.29411764705884
0.014687266,264.93940290020043,78.6959867069733,1253.5994596998528,-372.1764,114.633965,29.37992,133.92857142857142
0.014132678,151.7760734612499,4.20660444782239,1301.0904473705973,-363.80078,114.03479,34.466515,170.45454545454547
0.045378532,242.9764519729713,50.17706928920022,1293.2087689697605,-314.91888,110.49764,18.470062,156.25
0.0056289397,69.69711254772864,3.740981019372689,1256.910358470026,-427.44583,107.336006,48.28445,85.22727272727273
0.012212269,0.0,0.0,1317.3972840532028,-365.46027,110.45783,31.735876,156.25
0.011920325,251.12078657176343,41.02751908422432,1183.355934405081,-388.09192,117.99242,43.642647,110.29411764705884
0.19829367,700.3850552598929,168.5323645115741,2183.405886751244,-127.97124,50.15939,-12.226553,62.5
0.14347127,459.9072027913279,48.665364400153706,1901.379864342048,-169.42163,75.3004,-2.347287,117.1875
0.123095624,731.6471672402938,74.40978359946762,2510.4498412577905,-142.1351,41.50206,-18.005035,133.92857142857142
0.012711113,192.2112554797718,13.856061238804646,1343.99663453365,-389.873,111.23023,40.004677,98.6842105263158
0.01645196,268.0353515397581,31.10929569547812,1331.257352517462,-360.27975,106.770836,26.319462,133.92857142857142
0.122101605,251.6070531095964,14.955441197120946,1215.5190791384923,-193.74191,110.2868,-6.3680997,85.22727272727273
0.008910248,253.4621114823365,59.66828018563739,1945.790446805516,-394.18393,87.7658,63.422295,110.29411764705884
0.14122556,304.1447603017077,45.99930017833762,2125.945180726057,-133.82257,76.68887,-0.5564084,89.28571428571429
0.045308568,274.71764562125907,40.78334945340664,1367.3683955044696,-290.58585,107.70366,24.698742,144.23076923076923
0.01855645,314.6042181540695,118.8272010946214,1315.335273173888,-360.3499,109.92012,24.387245,78.125
0.004462512,76.63466645745999,3.421721602452224,1098.8571669094251,-493.08673,111.28627,60.8832,187.5
0.014130425,280.1539954118716,52.8507572560809,1149.489047747105,-371.86523,119.28478,36.50846,104.16666666666669
0.012264249,155.9635256623842,14.566487433818564,1788.282891946964,-375.65167,90.923195,55.57946,117.1875
0.08139153,238.48383667002105,11.493637761561557,1656.5802217433786,-217.62462,89.124695,17.292213,125.0
0.29753256,459.0904772720376,30.642688048927702,2000.5348419162967,-47.618603,57.49588,-30.828457,125.0
0.14499128,213.4849522828619,27.548674620561844,1419.088163808595,-150.29662,102.80274,-13.12162,156.25
0.026138669,377.6883147310787,140.38716255081567,1392.907852865901,-331.106,103.64456,21.120153,170.45454545454547
0.015707498,128.46031444260277,27.210515568870967,1128.5770059545614,-387.665,113.579575,42.99583,170.45454545454547
0.016301818,319.3230729598785,16.77196088194501,1253.3133072940775,-385.3963,113.79494,38.595215,117.1875
0.14221443,353.86296929898714,46.07485361951007,2120.9398596052224,-145.80063,58.106716,-11.9647455,144.23076923076923
0.007718668,136.7966098043548,35.906462904097715,1377.588362789792,-399.70502,104.00252,37.988564,110.29411764705884
0.20871378,398.0276849807309,57.81311826208103,1738.0324834653404,-115.63056,82.23779,-39.50133,144.23076923076923
0.026052367,251.99462666332275,47.61783187563137,1465.3903891030632,-311.91965,99.03728,19.664227,187.5
0.020294873,0.0,0.0,1331.078808599594,-352.3709,110.38673,38.463425,144.23076923076923
0.04361476,355.13885957596153,73.46404697645087,1327.6263049880731,-305.30414,113.322174,22.10984,144.23076923076923
0.025213772,0.0,0.0,1234.4130632861638,-342.36356,111.15289,40.74229,133.92857142857142
0.026768634,250.45170532437103,93.509464349973,1669.349997824412,-330.23727,90.49485,29.851538,125.0
0.112364866,366.838146453505,21.32716180391779,2085.821768607721,-167.25467,54.063583,-9.993521,110.29411764705884
0.008915692,280.2516672827277,24.509700659534744,1381.1071495751492,-414.8405,101.4219,46.881824,170.45454545454547
0.11358559,240.12489993815785,36.48820264318018,1302.4933260717598,-206.363,110.96568,23.198364,125.0
0.015575039,160.14614677520635,15.954180176460344,1369.4192093677457,-359.8928,110.08941,39.561916,208.33333333333331
0.026673308,216.56534412230369,21.77289618635716,1323.1747089728265,-333.64413,107.3364,34.998642,117.1875
0.010108577,186.58471733302423,67.92913956307488,1225.340548764282,-404.20908,113.03491,47.855156,156.25
0.014423057,187.8489507071804,32.07138430968722,1444.0431545616989,-375.28546,106.83119,37.2043,144.23076923076923
0.013099943,129.8261072417642,14.559718742949428,1068.3298309156437,-391.9813,122.46479,48.621933,187.5
0.009148308,333.85788576454627,52.432664399221856,1441.1817142131638,-389.78473,101.735054,40.25314,93.75
0.011256392,244.8192579054996,31.89913778427879,1228.5237812501873,-386.41202,117.58724,41.27148,170.45454545454547
0.013924759,179.34301761063475,50.87663853384017,1555.2046952965004,-370.45798,101.52036,36.580803,208.33333333333331
0.033942785,440.1155621312765,76.11201487103611,1690.1317816603296,-290.79642,94.002846,22.596909,234.375
0.10025566,273.6360078192819,29.112584107836675,1930.1365804804568,-183.04547,80.2912,17.32828,234.375
0.008154716,0.0,0.0,1318.144828847322,-402.49902,103.3782,43.21671,110.29411764705884
0.03535019,278.9877194073397,67.85895111227636,1483.2776317564374,-321.8716,103.14639,27.144825,125.0
0.013818767,193.11428076138344,33.386196184152546,1499.0354194114916,-367.6548,109.49626,38.095333,125.0
0.009400822,232.938330167942,29.56873510910968,1330.7618696844522,-403.59207,104.614586,45.3926,85.22727272727273
0.011532337,0.0,0.0,1657.18618129493,-359.4636,87.53348,35.679554,89.28571428571429
0.09993798,507.0495166942729,59.22760864494855,2346.7022274956057,-163.42328,47.3207,-15.9897585,187.5
0.00989399,105.52106172983412,8.406737893748815,1077.2744504883808,-418.7945,120.402435,36.7738,110.29411764705884
0.03172922,564.8741227741968,207.4789217151549,1836.15485559549,-306.49417,96.0939,22.464905,117.1875
0.03269769,379.17403876577794,141.99107607720043,1701.4852062705982,-301.4083,100.3308,14.1804905,93.75
0.00835966,281.4415368403592,29.71607740934708,1222.802476346318,-414.17767,107.94498,47.376865,144.23076923076923
0.0103857815,198.57802336671455,48.37309027684381,1412.3196722040868,-393.43027,104.81283,49.501255,187.5
0.09074104,313.29490136759125,48.964178747419496,1350.426219714814,-227.59145,103.20881,20.656096,125.0
0.014118891,0.0,0.0,1318.7197118468273,-373.85385,112.4314,49.203648,133.92857142857142
0.10998308,358.05040087947907,47.34609843009465,2284.126465613322,-169.16956,59.489273,-11.075761,125.0
0.009700893,143.37706040037992,11.076678124120887,1148.8748535095642,-408.3094,115.10112,52.512604,93.75
0.026127633,250.56310387195796,50.81875388739295,1404.566892949419,-343.5759,99.530525,18.508362,170.45454545454547
0.020245098,157.19998736555405,13.72984535785297,1201.9072233776214,-354.83456,122.82672,30.169563,117.1875
0.010924791,314.7676479318545,46.998207000734006,1372.1597537687717,-387.7192,102.196205,37.88135,81.52173913043478
0.009026355,159.27619925620138,74.71007272027764,1384.0364760320522,-418.03525,102.460686,36.991383,125.0
0.035101183,359.8736154856071,62.88300909634554,1547.8125879576642,-313.6523,89.70445,22.903719,125.0
0.01539515,258.2878765420607,28.41819151405992,1872.857755454702,-356.28995,83.92345,45.476215,72.11538461538461
0.16723533,595.4422893941158,82.18793256029701,2181.1730667810025,-146.86429,58.86306,7.1942205,85.22727272727273
0.014514374,169.80167517371828,15.230890626385852,1162.9350818910557,-385.7288,122.52892,45.59268,117.1875
0.008818518,0.0,0.0,1300.504340616017,-391.82236,112.870224,41.820827,133.92857142857142
0.046260685,389.602700313465,88.46169037520771,1468.247222263208,-278.24655,105.845924,3.4391031,170.45454545454547
0.009887575,0.0,0.0,1594.712138203824,-384.18494,91.952484,37.641167,144.23076923076923
0.01848378,344.0433715320946,19.120580248101927,1314.234448448713,-346.50766,113.25875,23.410294,125.0
0.007704563,317.07063712127206,40.27120005569744,1274.7298788747648,-398.70184,113.72175,38.35534,85.22727272727273
0.096036,286.913340781658,109.30369168335112,1660.3242309423767,-170.8639,92.63659,-8.98995,104.16666666666669
0.010962522,197.21856024086907,23.60436925329794,1435.7962398441744,-361.71527,108.74811,26.791487,156.25
0.014285823,247.41049891039307,13.462369197673754,1826.0562377435897,-379.7392,86.26679,52.04176,66.96428571428571
0.026365377,382.4731459666561,24.118537944205688,1753.6022603099238,-323.0459,87.02297,11.465668,104.16666666666669
0.056424946,359.8401906600416,113.11316469640695,1732.5005418007725,-275.74182,80.81693,17.23901,104.16666666666669
0.010025057,136.20689278461796,12.231755261556383,1236.22484336331,-391.76328,112.69208,39.89868,156.25
0.06612576,555.7490764057228,121.68013196959264,2333.005040619098,-213.54176,47.489742,-3.1956565,170.45454545454547
0.022115532,349.3067682863977,50.46579248458752,1479.4383692724757,-351.6243,95.59923,29.812496,144.23076923076923
0.0065503563,0.0,0.0,1273.2767375014548,-412.50366,111.99056,47.524033,156.25
0.016617142,0.0,0.0,2051.405180665789,-350.89478,75.70454,46.54588,72.11538461538461
0.01803546,346.86817422498564,34.15330125283074,1703.967588863842,-349.8791,97.30018,33.173477,208.33333333333331
0.009858942,161.40727790074578,17.367331234797394,1747.5315767289844,-373.84756,85.22288,40.74789,104.16666666666669
0.034659028,371.6869921819113,48.26408067097287,1396.8460649944416,-349.7076,101.477516,21.737637,156.25
0.012280214,65.40639132514966,0.0,1234.1480840929669,-375.97592,119.20164,39.036705,170.45454545454547
0.020180594,137.6611184569378,4.560443177347596,1188.0620198247802,-374.19696,116.56087,33.511185,156.25
0.011366643,161.71344965467028,7.577598832950255,1403.8020370770078,-378.66803,107.13346,36.888348,125.0
0.007375704,304.6795161651686,16.716959451677727,1325.1767154220574,-397.96588,107.98858,35.90468,110.29411764705884
0.024790864,264.1803527848932,68.87703300353584,1419.0613858265388,-327.36475,109.23512,17.850565,170.45454545454547
0.017587796,304.3647628430727,28.49861955106137,1787.3547536505348,-345.93375,93.21801,20.049135,81.52173913043478
0.045072567,448.7897808477844,52.01414637743079,1801.2578318031897,-289.58112,95.9702,23.148922,208.33333333333331
0.066296,367.044945403587,54.84322481543525,1889.398131325379,-211.40105,76.512596,3.2716768,117.1875
0.0061797015,134.07221445876624,74.2371005398416,1339.3058177740893,-454.1314,105.707565,45.91034,81.52173913043478
0.013317279,267.8530204542776,27.62051260607644,1535.9750385773798,-376.87,99.826485,41.788277,104.16666666666669
0.020561187,159.4862131481796,39.44974512990847,1144.3441591408837,-346.58716,122.47339,31.57747,208.33333333333331
0.023990018,171.2513032008731,24.12462032880508,1609.6573577318686,-347.52124,106.87524,41.7619,144.23076923076923
0.012567481,148.5362172044482,6.362470466025118,1174.0632098570068,-386.74307,125.71435,41.14265,98.6842105263158
0.007948387,198.96148083290112,28.83672216238323,1633.2721298912438,-409.09238,92.31918,55.704613,104.16666666666669
0.010658007,124.46761822048286,3.2047180879359005,1397.9690522840829,-390.1471,110.99255,46.658134,64.65517241379311
0.025850378,355.0823694542144,71.49847594841167,1604.8540785426335,-340.19153,86.57775,28.516111,78.125
0.027631303,434.6694813412876,268.91198747061014,1631.122568945602,-324.21436,96.46261,28.512115,75.0
0.027875723,317.5755949229592,118.26249020043905,1238.740847619158,-326.21478,121.797356,4.7764235,93.75
0.010833291,291.9763403729767,30.52115894212248,1440.8893747643044,-404.53293,97.72853,53.056793,144.23076923076923
0.018446516,301.2440158313154,163.0644146676455,1532.5365714306304,-403.89468,86.21296,46.916115,104.16666666666669
0.025161827,297.6293810571605,140.41997513242282,1449.9330450861144,-334.7927,104.41246,25.286772,156.25
0.010415219,149.10741807872037,9.459402967158017,1147.156698898345,-396.95163,116.070076,44.314724,187.5
0.017324565,243.0217689991953,83.33160630644493,1126.304334693349,-361.97107,121.8201,29.395807,89.28571428571429
0.022423374,194.83902545815585,9.286959454559913,1260.0400529968474,-345.7259,112.98152,35.832592,117.1875
0.019619849,235.46557526901867,59.56682058350359,1281.721829959118,-374.25983,110.401955,43.522717,133.92857142857142
0.012736556,148.1571588048537,5.261726350313362,1272.2754557303035,-372.03662,113.51686,31.721159,156.25
0.011360022,277.821004973801,29.38616069030768,1247.457373530243,-398.61234,108.25363,41.051704,89.28571428571429
0.19046974,785.7336005067981,136.69190336653458,1812.4637755596905,-157.35931,61.356266,-19.6572,117.1875
0.11700883,224.0416201314666,30.730014926978377,1690.3070189626114,-140.5166,97.43307,-12.667528,133.92857142857142
0.0318646,222.42041441730376,47.55979011771074,1370.984262565292,-325.06436,105.53241,21.582619,208.33333333333331
0.010890502,319.14940687413616,21.39883513145016,1678.4403240413835,-398.5219,88.15972,52.097607,110.29411764705884
0.008132126,0.0,0.0,1427.9498128964856,-409.3247,106.01426,50.658268,170.45454545454547
0.030221382,251.35192186346612,58.57084514796736,1709.6711680003598,-318.89847,105.76878,33.077007,187.5
0.0073997504,221.2265545914473,9.5823260846876,1336.4261233597654,-403.92575,109.66904,39.901253,75.0
0.0099994745,195.10572757061647,10.60316447063745,1680.0854593264237,-384.79324,93.06633,52.097214,93.75
0.007600205,0.0,0.0,1263.816239374154,-410.89194,112.87564,47.83434,125.0
0.05809206,356.3976247625577,18.316811475427283,2266.6966499963937,-206.41505,61.082806,-11.156679,187.5
0.07185069,218.3625964779134,13.89189796957729,1804.2293025022775,-202.96167,85.638504,2.3352306,117.1875
0.09512425,494.9442115028064,43.4374180714424,1598.0098968038162,-187.4198,93.64385,-1.8893949,144.23076923076923
0.017551575,205.08492945188624,68.51126377810941,1070.7402383546537,-379.3419,120.4439,40.08219,125.0
0.008638984,0.0,0.0,1406.2629337613157,-410.48956,99.818886,52.91534,125.0
0.05693868,311.04016678765043,24.215454454254235,1285.8992353255608,-285.70627,104.06116,24.681776,187.5
0.0071532205,0.0,0.0,1383.360610145166,-409.62216,106.25361,51.57281,133.92857142857142
0.11695196,271.1097937232239,24.94114945792952,2384.502514821328,-133.57904,48.743122,-0.1104447,133.92857142857142
0.017741386,142.73929836988304,41.824761198237766,1531.0774278024069,-359.66632,107.134926,19.369753,104.16666666666669
0.028517438,435.2862554093138,134.9114109797846,1500.8425702279158,-338.2058,93.562584,19.699614,52.083333333333336
0.14716634,437.2995787089751,88.27197062239418,1786.4276866595228,-131.62196,77.867874,-20.744844,117.1875
0.021435505,341.68594631570033,80.03484314374934,1440.0933454431413,-356.80798,96.35135,43.279682,187.5
0.02165101,300.6725308413161,209.54486922181556,1631.395991011508,-358.57462,91.26713,19.40872,104.16666666666669
0.01621309,157.2593885232423,34.05165498956829,1677.1778696756476,-352.83182,93.132355,38.739735,234.375
0.011786957,131.68228212128545,46.153648137307925,1134.9333153786572,-429.5703,115.064255,47.54637,133.92857142857142
0.028101444,248.2984417193763,48.81401957971465,1479.72726909973,-332.6988,100.314156,38.370613,110.29411764705884
0.05081612,211.999902066511,24.61004022104564,1645.261518454551,-267.75586,111.89478,19.088383,133.92857142857142
0.08849208,633.0517698652847,104.97151719222516,2201.7077915760506,-219.99837,50.211437,2.9248302,187.5
0.17898417,558.1402529306694,98.32695571409204,2021.445599707339,-124.0461,55.69306,-7.044732,85.22727272727273
0.008469423,0.0,0.0,1287.5611892510449,-406.33694,115.26804,51.48241,110.29411764705884
0.00826052,182.7683137792904,36.92837393384206,1315.2580586365643,-407.80862,108.93398,42.837166,89.28571428571429
0.008244034,280.7274728021199,14.80861263244132,1530.7425905948146,-404.6718,99.687065,47.014595,117.1875
0.027111476,223.6293329402312,30.649870770381888,1421.974222986169,-309.3861,100.17057,14.853918,156.25
0.011011427,126.30500194694378,23.208013698653136,1220.7818677285193,-383.25717,118.772224,15.486777,104.16666666666669
0.052366782,279.69171587234496,23.804006771939363,1464.7387598809726,-303.84344,110.63245,22.433832,69.44444444444444
0.113155186,525.6448021749646,55.58921015409225,1619.4347808281605,-178.10677,94.354576,-31.146645,156.25
0.056748305,376.6205288112305,48.73309785708685,1430.1387495897775,-312.32388,89.57523,22.129309,117.1875
0.03352059,388.1664686042843,39.97796710755729,1570.2443969027488,-322.0615,88.74559,19.775993,125.0
0.01648344,329.9123587418372,31.93814384906,1510.0991929797494,-348.8699,97.55448,23.761837,156.25
0.016492886,145.79401817714674,49.9532100498656,1565.4861148751563,-391.56723,99.76185,52.396248,125.0
0.023902511,282.2349733962663,34.633967845251696,2120.5462085894164,-312.30276,70.02425,38.600227,93.75
0.018164383,287.27918406430445,53.51225825899549,1393.0182157047768,-367.1745,105.69509,46.15334,72.11538461538461
0.104342766,399.9275780656066,46.63191918502103,2540.0468102968043,-144.45444,39.597736,-30.771084,125.0
0.009997601,313.5940910591191,22.97280883010627,1766.4570861282762,-380.53568,94.083755,44.91745,156.25
0.29478693,682.297811468279,96.68598507952774,2158.0309779807176,-51.666546,40.210644,-55.08061,156.25
0.009620281,0.0,0.0,2075.058897384325,-370.45767,79.98302,53.73305,234.375
0.08325983,411.0146776725899,147.7669095666568,1706.825251570586,-264.45187,82.30354,32.748417,93.75
0.009869921,194.72398530492924,96.17158596105652,1355.2667444752635,-432.5931,100.64835,46.746063,85.22727272727273
0.013650968,145.9539321391069,5.998808751035904,1154.0716854049138,-369.5738,117.28991,32.434467,93.75
0.009978171,146.0658472519332,5.383179456899755,1281.0726208177618,-388.9305,116.90708,38.9659,133.92857142857142
0.011063659,0.0,0.0,1312.161383595845,-382.66992,107.94214,34.426456,104.16666666666669
0.023273265,202.8198801293818,82.61092935510172,1301.607886957935,-347.52603,112.31022,34.158146,133.92857142857142
0.10388819,405.5333767323452,51.57082675372144,1720.539890271573,-171.54114,73.12306,-4.216075,98.6842105263158
0.011152843,135.53678380082528,10.681417077657256,1237.962898016999,-386.15405,116.64399,39.028557,110.29411764705884
0.008180225,298.58789564144803,21.53501215111142,1612.1556562994947,-402.82596,99.72344,28.891998,89.28571428571429
0.045255236,250.51360917363945,33.08143657229183,1445.232608002932,-295.6922,107.230804,29.089201,133.92857142857142
0.049410146,248.57629158182385,31.510939038198217,1477.8628406474706,-291.5601,102.66145,26.946396,187.5
0.11860315,652.6609286856017,142.1175242754777,2191.0057013978712,-157.36256,49.081844,-12.593273,81.52173913043478
0.12213939,482.2040974767117,52.34633394984974,2030.702691869884,-157.637,61.284443,-15.318658,125.0
0.013753477,190.33356050719527,61.435845715147394,1322.8697138218788,-384.3597,109.33451,42.338654,208.33333333333331
0.052067503,381.2765645773622,70.21858177649786,1443.910117954154,-309.46198,97.0332,12.306069,187.5
0.067060724,636.6302994559979,176.86190576375378,1774.092475416107,-252.31262,92.5621,-9.871314,110.29411764705884
0.015166079,288.3655355499783,25.21747786744331,1293.261225600933,-381.9403,102.49345,43.541912,89.28571428571429
0.020301646,993.8856942634158,28.43117205131587,1408.79198255419,-378.13882,103.48148,31.715528,110.29411764705884
0.04958927,265.1903579848628,14.123858808515092,1609.255203641543,-267.17975,93.604866,15.595781,208.33333333333331
0.0068697543,0.0,0.0,1227.7044022122311,-409.64844,109.68225,45.26995,98.6842105263158
0.009639482,239.10248817444372,44.38930614514894,1331.161296974217,-395.58844,109.60774,51.261,187.5
0.018801434,499.709898600565,92.84539890477184,1570.2333805908306,-358.4386,95.540764,25.874132,89.28571428571429
0.08283773,243.24996561490408,29.0442514031892,1662.7425467263397,-190.20949,95.87343,2.0867603,125.0
0.023715073,319.76470733191377,43.75640172382397,1234.9701081339992,-357.76462,103.647545,28.32748,234.375
0.028697664,332.44469102184974,35.308442566686814,1367.1179134829597,-357.73892,99.42062,34.068527,170.45454545454547
0.062272158,274.005973870416,67.05772600905242,1296.782884783665,-267.46417,117.94137,6.5662556,78.125
0.019085616,201.4513597020481,13.053457202243289,1593.1831669823357,-324.66608,92.25715,21.623182,110.29411764705884
0.12026043,263.7056038436087,34.06078352955294,1525.9050748310767,-177.73898,98.85732,10.986235,110.29411764705884
0.007976898,135.43508714611215,64.36445152812892,1347.2255597451908,-423.16568,108.41333,35.25655,72.11538461538461
0.02265256,189.09485713239653,8.09394608495619,1493.580013373073,-347.8458,99.053955,43.186115,93.75
0.01709519,191.8689329027364,40.87787884788486,1701.8832374019748,-337.0051,90.33267,19.742388,187.5
0.073465824,383.7172326199204,122.726833675088,1186.2313917981887,-250.33784,113.537926,-1.6249045,110.29411764705884
0.010198385,214.8426007190437,125.52381960382932,1367.7863183215718,-414.21426,104.630585,38.456528,117.1875
0.1358618,0.0,0.0,2891.503799337324,-112.27065,48.77132,5.3519,78.125
0.014956205,305.4866646779968,90.55657783090504,1276.27601410548,-390.47223,110.12743,46.184975,110.29411764705884
0.015039682,164.089883220523,14.025904362004429,1303.492506038973,-378.09232,114.97356,43.292103,208.33333333333331
0.17438756,524.9126881660907,165.98323344576636,2541.214672762157,-100.91355,62.84265,3.81903,133.92857142857142
0.0080246255,207.48187678759356,78.5589345970792,1360.226551699068,-384.06223,109.406494,30.669565,156.25
0.017357545,278.5531138254175,64.12597908662178,1448.2282656936234,-364.61664,97.29941,10.986295,125.0
0.1139213,251.40857137148015,8.602058405962397,1398.981397957211,-149.64638,112.12405,-10.93887,104.16666666666669
0.02596538,92.78710764774236,6.229584860378124,1343.944029280524,-348.56613,108.53113,17.854258,187.5
0.009957098,0.0,0.0,1278.4425511021552,-398.5229,105.10603,44.242912,110.29411764705884
0.014964485,308.7639337089557,34.58158905752818,1457.9491015241645,-389.27734,94.599945,43.98858,156.25
0.051907983,342.5162100669859,82.7834310033767,1402.6169435561244,-296.02838,112.63655,20.160347,125.0
0.010677054,0.0,0.0,1414.7313764218195,-375.3486,103.65246,33.26325,104.16666666666669
0.05274117,328.48101878009044,79.4438941754591,1182.659495481528,-290.1251,126.61239,7.3302407,208.33333333333331
0.02853648,267.2492257594448,32.536041243063785,1391.3109541814574,-335.3503,107.81242,16.007421,144.23076923076923
0.011727409,328.8441415070061,23.16530062111684,1607.352299826869,-386.87442,99.12547,40.31515,125.0
0.24783683,532.9253360200411,35.067610821296434,2090.9230037035086,-84.66053,53.582096,-28.160578,133.92857142857142
0.12800285,299.5667367841441,47.53451672379368,1693.8526031642214,-194.40129,102.179115,19.231302,156.25
0.017609868,361.9194793264664,60.19453184619739,1199.3341398380703,-350.312,119.80241,20.035746,117.1875
0.02177671,231.45804165242924,109.06490644352856,1633.821788435212,-345.36218,93.46529,27.035738,133.92857142857142
0.011135485,150.24123930840943,4.204243319326489,1294.0716938445034,-382.68335,116.75555,41.012596,133.92857142857142
0.021469604,0.0,0.0,1298.3346348005584,-340.63556,107.55128,34.166992,133.92857142857142
0.006711751,251.83140948554023,67.22451429967352,1270.7623524861829,-424.50912,107.95503,47.840885,104.16666666666669
0.011008138,185.71631074521585,111.75471829141482,2106.254719324147,-376.42792,69.9497,27.923615,58.59375
0.044133577,516.2562488308612,54.86571482343699,1422.6759950926366,-309.6904,100.23975,18.196438,110.29411764705884
0.12143598,379.5618951324167,77.51778758340737,2085.397711405974,-135.53374,55.887398,-27.634369,78.125
0.01774334,292.59942427595814,54.917184276738,1171.1295681721033,-377.71622,118.96008,25.350225,170.45454545454547
0.07251868,408.6544040119424,53.19786923286456,1843.9830984541245,-215.83142,78.47121,-4.1685166,89.28571428571429
0.010581414,290.8633064823877,31.65343996608558,1318.2388462063127,-395.12985,106.00875,31.045275,170.45454545454547
0.0134378895,152.43572857029287,9.584100135732962,1235.1223397642614,-381.95117,115.89725,33.991707,187.5
0.014344138,150.06077680770355,20.11189655956473,1560.578111295929,-350.7571,95.56161,27.08054,85.22727272727273
0.041325815,318.9469840413904,56.79841677982634,1319.8459861693289,-312.96887,104.206474,19.147074,104.16666666666669
0.04537847,286.19690767207743,28.86327096430089,1618.5900406742269,-286.83304,91.78739,19.911228,187.5
0.017303083,149.85180447624097,5.413466311813764,1297.807931125712,-365.1462,111.12146,32.749397,187.5
0.016093802,0.0,0.0,1340.8238332214964,-360.70944,113.8613,30.647709,117.1875
0.010780437,176.65239898143756,88.6015053692397,1156.1315719158988,-436.54306,107.48504,50.045322,117.1875
0.011649852,140.49844858743938,14.862538891808612,1513.9699919926595,-383.15408,103.82486,45.23965,93.75
0.123470336,277.31270801944794,31.53755067401045,1485.2039018507028,-156.6768,108.06073,-6.520663,98.6842105263158
0.007572409,240.31556952519563,18.59759074226642,1308.4136830771313,-410.3188,103.97091,47.908604,117.1875
0.030958414,366.6665813590429,23.40006141822498,1381.8489284602497,-322.8186,107.493744,16.105103,170.45454545454547
0.01016275,155.4047735084688,17.866714116785406,1280.2466114546637,-396.14392,109.21308,49.450874,156.25
0.01120816,122.88606441599748,44.29354487558536,1284.3961518450092,-407.50665,115.61234,32.426056,93.75
0.012012612,328.80819622880847,30.86402064611379,1953.0625323756665,-382.17838,74.225494,49.098152,133.92857142857142
0.008108354,245.2770164100208,34.05093717985666,1409.5504733429232,-403.67294,101.38148,44.729145,170.45454545454547
0.008271257,324.86593337552534,26.043714000906306,1977.275902101112,-400.78085,78.50864,57.67918,104.16666666666669
0.0049657826,86.00255274091512,7.78973739758553,1409.919920141986,-450.7545,104.080315,42.09401,144.23076923076923
0.11747125,276.16931341836056,123.78342564864752,1329.8570373122354,-194.42203,109.19874,16.86539,187.5
0.014735197,201.79138521278225,65.78207132565912,1183.3240483269128,-380.33252,112.762024,37.364414,133.92857142857142
0.030931957,369.1257098507648,64.88429964494426,1817.83287475199,-340.1656,83.94461,38.596725,208.33333333333331
0.008980754,269.915463837258,89.15300978988313,1234.0425517907545,-414.40704,107.53887,42.008606,117.1875
0.013404767,190.1527404026394,38.6280327117996,1371.242132521459,-359.1423,108.55599,32.753727,98.6842105263158
0.014816585,150.7284554445731,14.338064710133148,1421.5929417219345,-368.64548,111.58201,49.102757,208.33333333333331
0.12766646,264.6484669752908,34.842660383662064,1411.6295485536712,-165.9797,104.669754,-7.7713604,187.5
0.008872184,346.68497215657146,43.92494212646415,1416.2135243129487,-397.29877,97.76584,41.030598,208.33333333333331
0.009327072,0.0,0.0,1481.1666539686205,-382.93173,104.82439,41.715755,125.0
0.024213586,324.59038033076735,37.98311773244123,1118.3110257176,-370.10715,122.44487,42.117325,110.29411764705884
0.010128208,268.65562248911493,33.33697625446755,1547.7591929815685,-408.48868,97.07843,48.02977,144.23076923076923
0.011359543,246.81533300924409,83.573637935761,1365.4466615233123,-384.366,109.801025,47.168552,187.5
0.011125126,0.0,0.0,1274.7869415643015,-402.4238,112.48196,45.942493,170.45454545454547
0.008588177,167.78672666423273,53.35038645736141,1378.337731799807,-387.00143,104.40474,35.530373,98.6842105263158
0.014946097,0.0,0.0,1461.420174381252,-354.04553,100.535,39.190163,110.29411764705884
0.0104713915,225.2166922636929,68.64806988438625,1270.0189124001574,-398.9695,112.98244,45.607014,125.0
0.16567503,304.3543564448857,41.4470391314839,1658.3198156117835,-152.26868,93.25862,15.768093,110.29411764705884
0.009879754,142.5124689279506,7.9904162733482655,1269.5692953282478,-393.44037,114.02579,50.66621,117.1875
0.010797584,154.32811428649177,17.17296475935765,1422.598651542026,-377.58368,104.61586,47.524128,117.1875
0.07741928,393.01933652797146,52.32122021842513,1566.9278543119594,-245.72234,85.86261,7.0967617,144.23076923076923
0.0070148683,124.22724881086482,3.17697204206981,1350.7944788498492,-418.24548,105.325424,50.710167,170.45454545454547
0.010699,190.1452107914756,26.129239888901093,1218.9882084662768,-406.1411,113.316124,44.730267,208.33333333333331
0.021308953,323.9619318023676,81.4890146525898,1092.1150976132374,-363.54004,125.09594,32.74713,125.0
0.038945705,354.810770043876,60.91211122943835,1306.5262692864958,-319.5277,113.32828,21.781002,110.29411764705884
0.027972523,184.6525459872765,45.48293742788097,1271.63421667458,-323.81448,118.22975,22.40087,81.52173913043478
0.026429042,160.91548887714592,16.057276154581725,1155.0029867146063,-335.1362,132.54318,31.686352,125.0
0.06347328,394.8350237179381,77.25499150643047,1215.0310878046505,-281.66443,114.25807,4.3793836,110.29411764705884
0.103688814,283.24736955556506,13.978998305600772,1450.883412295841,-184.72148,110.70134,-4.1759744,93.75
0.009993035,162.22035637048933,18.654823737100184,1420.614655517931,-381.7978,102.81648,41.241127,93.75
0.14171426,352.85771322188907,78.11886763145675,2619.2195758877824,-135.05455,40.87785,5.0578485,156.25
0.030571334,185.36868255778583,4.872555353062967,1245.0013405542854,-325.89227,112.80479,35.90317,156.25
0.059576303,266.9431247561026,14.37130459704734,1974.010358821846,-225.54721,80.20263,-17.02068,187.5
0.012829687,252.07180796595088,70.20204185487948,1916.6297097872675,-374.70068,87.55813,49.367416,234.375
0.0100260265,143.06657259794423,7.456404572454151,1287.9810149649334,-383.0066,111.12863,36.22296,170.45454545454547
0.012840951,311.8645753169473,29.9414795616523,1367.9309695446943,-398.3731,105.18607,48.46388,110.29411764705884
0.024040667,203.69328795448857,4.971802593247895,1576.3284813316052,-335.76395,98.85574,29.034195,133.92857142857142
0.08005229,375.4162731451205,72.70807814722227,1353.3516270527996,-249.4838,109.59749,10.499755,110.29411764705884
0.011571264,224.20829261015925,97.57767520742702,1330.9659175561003,-412.57892,107.66724,47.679996,133.92857142857142
0.03471541,261.4068124641138,23.62110806668844,1461.6881852687648,-337.45963,103.88438,30.397951,110.29411764705884
0.007905726,269.9157164734457,29.54523701908252,1322.108381599975,-401.5487,110.927,42.156437,117.1875
0.01782299,0.0,0.0,1363.4609873345978,-358.41388,104.30435,34.72848,156.25
0.2118955,360.2986454911513,56.03270970437203,1730.3572943581178,-97.94739,93.90338,-34.349632,187.5
0.015802527,0.0,0.0,1342.8556749349189,-364.32056,112.3541,37.25261,81.52173913043478
0.012464536,247.89670661901584,23.41528873732312,1358.5917138045213,-360.62018,108.284935,22.503544,170.45454545454547
0.0045723426,89.3273556006774,12.24202870771939,1389.8334581088857,-461.2214,102.84089,44.927628,104.16666666666669
0.098354675,473.49237488616905,70.58077482181727,2245.439759772466,-175.61183,60.30454,4.832709,125.0
0.017696267,299.6305979381734,66.33850546326097,1504.7968541852513,-361.70547,103.37925,36.251713,85.22727272727273
0.013535532,240.8283625429098,17.246452960679513,1214.2038828315383,-405.45813,107.74845,47.446686,125.0
0.01037502,278.2116043020604,82.2491259343377,1496.023085298551,-393.31787,99.03777,43.460964,125.0
0.009374892,168.6848573747197,14.108966038398805,1324.5086189249837,-392.31128,115.91729,41.08333,133.92857142857142
0.018890912,0.0,0.0,1300.2970866421522,-346.18808,115.19575,43.620132,208.33333333333331
0.0137224225,275.0281016017229,64.08566592847096,1526.1006922780566,-369.069,105.408516,40.769173,104.16666666666669
0.01233207,166.9997366596996,64.80997749662417,1589.7681222756703,-359.32327,100.25566,19.089931,208.33333333333331
0.008888264,291.75220757272785,70.12878480185748,1199.390585830971,-433.20123,107.24674,54.473686,75.0
0.02478775,132.46585665427972,20.23829345261525,1468.126587331314,-358.15256,110.11917,41.540817,104.16666666666669
0.009939598,0.0,0.0,1406.8877501618254,-389.75494,101.33275,41.34521,98.6842105263158
0.009319325,184.68767378250425,104.83810939183137,1235.809833986444,-438.79474,105.94623,40.436577,133.92857142857142
0.035006575,165.624994564049,45.00251000518588,1277.424808297878,-318.5204,117.57834,23.47919,85.22727272727273
0.0066035874,78.0849777012516,5.704252686768459,1395.5162848715277,-437.49252,106.98252,47.927006,187.5
0.010250767,0.0,0.0,1249.4607303722066,-417.03635,117.444244,37.052242,110.29411764705884
0.035012692,66.07165632067299,0.3168157577636123,1442.3183237534026,-305.34338,108.251595,14.964411,81.52173913043478
0.023052182,325.6374387804309,92.53320569956216,1328.942018498447,-340.11136,107.69811,19.353634,125.0
0.0070867855,281.1636559714669,15.682042654584048,1330.980804828188,-410.3483,105.868004,42.043903,117.1875
0.10232574,268.49536714011333,31.307717281186356,1970.6944442607528,-191.31873,74.86364,21.516409,156.25
0.027935334,0.0,0.0,1471.9199450062963,-314.79184,104.00568,20.10215,110.29411764705884
0.06941952,345.65366194087204,46.75300699586769,2619.9378921589623,-181.26714,41.133774,-7.980092,75.0
0.024565445,87.64418367725625,8.979437134079816,1554.0327296819116,-353.85397,99.18763,26.769836,110.29411764705884
0.018214256,0.0,0.0,1379.5007892124654,-357.04608,115.905716,30.7365,125.0
0.020316191,83.07670046936686,6.732523216277769,2020.100761844804,-354.03708,86.0003,44.81852,267.85714285714283
0.010390429,176.5352662180183,8.443492384713151,1314.2776774189292,-399.99915,111.26581,46.642628,133.92857142857142
0.0257552,302.37459203110734,41.70296125376639,1254.367219081285,-355.0767,108.283165,36.712776,156.25
0.018726395,206.4607669101015,104.80760174907051,1840.998169395695,-362.7314,87.94501,39.20595,144.23076923076923
0.0074994387,215.32191654360025,5.5263944590366005,1267.797870560958,-420.84726,110.80357,52.85013,133.92857142857142
0.019414289,162.64071249195098,12.981278846165008,1702.107793571393,-357.00052,92.63133,42.25431,93.75
0.03340388,0.0,0.0,1274.9737721661306,-311.46228,116.405495,12.107636,117.1875
0.012403826,131.75257438550648,17.696584795944567,1121.0690499687848,-392.43546,116.9101,41.340313,144.23076923076923
0.057021946,407.1651431245296,88.80518847086945,1618.2803562871404,-255.24164,94.67284,29.932243,117.1875
0.17878152,475.1568834979563,43.17478159302776,2088.650843228896,-116.55321,45.00495,-27.092358,208.33333333333331
0.019260643,137.72708968280503,71.07793728735767,1939.565878199855,-352.10245,85.30609,28.80594,170.45454545454547
0.28238714,501.8450089056248,37.345283143550944,2050.7151638278806,-70.12677,44.95774,-45.424786,156.25
0.01091587,248.24545043181607,40.952449380395,1129.1761266337307,-390.595,120.40148,49.126087,187.5
0.012800856,232.61901609912695,56.669478270555096,1477.0557259843113,-357.9813,105.65947,35.314297,104.16666666666669
0.022017429,196.0324011055512,66.74835947360262,1141.8231293180766,-355.4141,123.0355,26.247082,208.33333333333331
0.10469623,273.31409721444885,81.94058622137409,1974.6305684886745,-195.64354,101.9834,-7.7240534,104.16666666666669
0.008466945,233.682432164505,60.85165255808767,1363.721467280478,-405.81488,103.25308,51.321064,89.28571428571429
0.024830256,240.0692979650131,26.16104838938929,1434.6306759978063,-330.3401,97.130646,31.438452,144.23076923076923
0.008415198,210.4502482677518,71.83376472497058,1562.1327909751003,-390.69727,102.19485,19.208548,117.1875
0.038881496,465.2090225616833,92.86816663210368,1595.16767425307,-287.69543,87.61669,11.020367,187.5
0.015159235,277.47708167248067,21.88078170698037,1425.6563535053624,-370.47357,102.55463,43.292027,156.25
0.009567119,189.43985842307237,8.02041038489622,1495.2728500025194,-415.3449,102.59761,44.948437,133.92857142857142
0.012975656,242.41028414021892,16.79693498375818,1254.5958735972754,-362.81442,118.92993,24.822277,89.28571428571429
0.016420547,201.3234290092985,74.40272024804074,1251.1393389384796,-387.5491,110.88406,44.279716,156.25
0.008064456,76.21133470929271,0.9779477366425964,1416.7633459578797,-399.6494,96.217705,43.146114,156.25
0.018154738,236.419721088867,63.188939291824006,1348.7205172002564,-355.33005,103.94797,29.518435,187.5
0.023722641,0.0,0.0,1351.7150468018024,-339.51813,116.75632,40.79003,98.6842105263158
0.010691144,141.81901707293113,7.95184068398809,1236.683905860399,-394.29083,112.86024,46.765522,144.23076923076923
0.0088147465,185.1660566791718,120.47404422332684,1654.7220320738477,-409.7804,86.03276,38.325302,144.23076923076923
0.013365381,312.40272166041524,67.05207891717829,1476.8067537681743,-373.74878,102.786995,40.89731,208.33333333333331
0.05437848,0.0,0.0,2088.861103570466,-255.77934,75.92129,28.9144,81.52173913043478
0.20247176,377.1739940182026,48.78253804341289,2066.594404911162,-133.18448,80.63828,-0.97357243,170.45454545454547
0.05535096,652.3229575420459,218.91013985306523,2400.6359130034257,-231.90353,60.852016,12.789329,60.483870967741936
0.13031746,432.1322561900676,100.39074647038171,1393.528344129643,-208.05533,99.30758,1.0235649,133.92857142857142
0.016848594,153.79853427781262,19.96182950232541,1230.6405681740368,-351.3965,121.23805,29.50391,133.92857142857142
0.0071111238,0.0,0.0,1416.2374745588309,-413.2956,99.62134,42.87632,234.375
0.042407736,383.73562675282,53.87318418916207,1982.574099118328,-262.911,82.01314,18.3994,170.45454545454547
0.009815266,172.4719372298372,92.16392745544272,1659.5505557751223,-404.84338,89.744774,32.90111,117.1875
0.21346416,407.27321858262377,69.39721613789743,2392.0354160700103,-88.16649,56.11845,-10.712634,187.5
0.013650509,257.7647072586094,59.245178582474814,1467.6194136143322,-369.12433,104.023926,42.971054,144.23076923076923
0.093827,356.7428354760604,56.284091441181225,2523.9744765916143,-185.86171,47.215645,13.949141,234.375
0.01944903,283.62665909546075,74.67119778871522,1178.220743658768,-365.15497,121.1532,35.7022,144.23076923076923
0.01327376,139.31498142792483,9.06505737968827,1118.2109603993802,-388.39215,120.633606,51.017357,110.29411764705884
0.068759575,458.7550586798241,183.3288849399366,2195.692652693402,-199.75432,62.549934,-21.553076,66.96428571428571
0.06330591,276.0679586064587,29.354131526502638,1766.6706253922955,-247.53241,87.337,9.921274,93.75
0.0138690835,292.6450532738667,23.35675466801321,1240.538059933339,-385.4231,113.39006,33.128567,89.28571428571429
0.01549801,302.30049115393854,30.903828674566157,1327.4041434124383,-365.35965,108.90472,30.507515,81.52173913043478
0.034013838,367.5651062465689,59.55595858442796,1580.5462879443614,-317.31613,90.75553,23.223076,187.5
0.015465481,148.2377679790957,37.668651354931086,1622.4775511509686,-381.5866,93.990105,34.125435,93.75
0.27116874,360.8689117805365,40.90010957077147,1427.1562842418086,-91.868965,99.41263,-36.28418,144.23076923076923
0.00862258,180.59895603030876,15.640586816575295,1375.3056537251716,-410.38828,101.415375,51.7805,133.92857142857142
0.15158215,378.0607053815357,52.593078730875504,1786.9515209530905,-163.74197,80.28671,7.8372273,125.0
0.0068482445,153.58694182638882,10.524472223601878,1457.9266034240916,-410.0646,105.40007,23.46921,133.92857142857142
0.03595729,186.4379394134233,27.78106680906264,1589.1474982118018,-298.33975,95.43534,26.399405,117.1875
0.003886552,98.51231501527032,17.00871957227964,1555.4817066822682,-477.42435,91.88004,52.812634,144.23076923076923
0.016169323,124.69293165470395,14.956656377024991,1117.99612538863,-387.99014,119.57422,37.301258,156.25
0.009450395,223.4326936386922,44.51876083196496,1695.1144418626832,-378.29337,94.348434,42.804947,104.16666666666669
0.03865686,366.2422253350015,91.21903885825012,1348.5424246520415,-324.77142,105.253525,25.392576,156.25
0.0077490415,147.97984238144738,7.693061275089509,1459.943097750668,-404.3314,98.23484,45.04708,133.92857142857142
0.047791123,240.9626504921345,31.718867325204084,1238.947919163762,-302.8265,112.23533,28.854307,170.45454545454547
0.02360012,0.0,0.0,1475.6373465388886,-335.65997,103.6564,29.871864,125.0
0.0118711,116.52914093664428,28.73340646131728,2084.269859213544,-375.0982,75.35582,36.887676,144.23076923076923
0.013323332,129.1869247863824,3.589304950984107,1254.418383557792,-386.15112,117.36223,45.300552,170.45454545454547
0.015499892,100.44949719805084,10.41771870770037,1206.8862868626925,-388.84177,114.475105,42.079327,117.1875
0.022093616,250.42751292141952,74.10908122546041,2082.320117114284,-341.4268,73.73245,44.842216,170.45454545454547
0.0216083,287.5585465770972,96.597158985045,1065.3301205683272,-376.85696,117.40317,32.516,156.25
0.009644673,220.55292721845308,36.32440383529397,1276.1310138877102,-402.68866,115.60749,41.188824,144.23076923076923
0.0074390904,0.0,0.0,1507.7990994927725,-407.68076,97.49186,51.7382,98.6842105263158
0.16422205,285.8226544336771,27.956519121365933,1493.8051330491262,-125.247856,103.54751,-26.756594,144.23076923076923
0.015002517,249.0481940653968,57.52102070306394,1473.8752297374813,-368.22812,103.88787,40.081413,125.0
0.027437693,234.12977270203265,95.62204321233727,1797.3678880031534,-347.51907,86.25027,36.79313,156.25
0.015159889,275.70051832051576,220.65571105498017,2491.0917031695603,-358.77774,63.600655,38.72256,117.1875
0.015519098,0.0,0.0,1426.1026146049212,-355.55844,107.948524,37.617214,170.45454545454547
0.020888021,314.5958625091344,61.33121919732716,2013.329305004172,-332.92203,83.03894,39.518448,208.33333333333331
0.021887932,76.08241909292671,0.7847730349532785,1377.224338195943,-346.38367,115.53733,31.56621,144.23076923076923
0.021288734,0.0,0.0,1379.633062350287,-335.13745,112.82693,25.52258,117.1875
0.016220473,279.7236379569137,29.85745374684284,1416.189672633597,-386.4376,98.087585,48.820225,117.1875
0.012082936,237.7312736614793,51.28986502079005,1360.6133880510863,-394.84775,107.35971,47.538,170.45454545454547
0.056182884,437.7949328011891,114.5594477845994,1492.6370923646086,-252.90872,102.06303,0.21778047,234.375
0.025854645,182.39459963805749,48.90491964590796,1402.2335623519116,-340.87482,107.52089,28.853184,104.16666666666669
0.022586249,255.84281740675095,40.21471887893913,1267.9252795535672,-346.31973,110.45247,31.538586,144.23076923076923
0.012491466,146.06691486378642,1.704111558637477,1156.2220592222302,-385.63974,114.617584,40.658165,93.75
0.018498365,247.0941547926536,137.4690509631735,1668.738419938839,-380.79178,89.43769,37.16839,267.85714285714283
0.19017816,874.1077032019741,107.93228942604036,2333.2486679316453,-150.73444,41.447464,-14.892087,267.85714285714283
0.014081566,154.8312778154564,10.127412506594936,1575.2478551507486,-366.85468,94.72366,39.41995,156.25
0.016708666,0.0,0.0,1186.666661464295,-370.08826,117.80809,36.44516,133.92857142857142
0.034556445,562.0829385401101,145.62945833105255,1402.9753371725412,-323.35614,97.31484,14.028606,208.33333333333331
0.007894569,0.0,0.0,1418.3898357940752,-388.1094,105.18672,34.52863,133.92857142857142
0.096572526,308.3015174499018,51.688301407467286,3030.4034502952136,-171.19353,43.82216,29.859335,144.23076923076923
0.021268442,204.5679711520031,35.10908377898675,1404.5861842243312,-351.21884,107.00792,33.15473,69.44444444444444
0.01207875,258.82166698898806,69.9088506925558,1494.692880673446,-375.62668,108.36246,45.945175,170.45454545454547
0.04381492,347.6182391348657,63.701934447625135,994.5467451711062,-332.28778,123.1786,40.18503,98.6842105263158
0.014770778,148.90947168969933,12.172878705348362,1411.1295847743097,-355.61038,107.537224,39.223194,117.1875
0.017757975,330.6278876800824,19.4449691009878,1127.6319736090072,-383.4554,114.75481,35.418926,156.25
0.007987142,0.0,0.0,1228.4395447957763,-406.45673,117.899376,46.432476,98.6842105263158
0.08411656,0.0,0.0,2875.318608376178,-169.33974,42.39107,17.355556,234.375
0.0109057035,183.7927848708233,27.904683914781454,1311.1767921922558,-389.93396,112.88287,36.63869,170.45454545454547
0.018969579,292.2118055854122,28.02216533181868,1317.0904456327428,-356.82434,112.50738,35.062027,170.45454545454547
0.038400497,389.4456797657618,35.74440945017639,1558.3560683281532,-318.59436,90.46409,26.847326,93.75
0.039342407,356.57158532198446,45.275364268521166,1612.0930422984634,-305.75122,92.97508,36.24358,144.23076923076923
0.05659077,162.83883118905263,17.617530913167386,1144.0903289131488,-264.65317,126.55606,19.783648,144.23076923076923
0.011451478,285.7539008281764,33.73450924132772,1462.2170730151145,-368.56213,101.5562,33.489227,85.22727272727273
0.016994962,117.55403752460391,24.47231394239155,1322.1135708678862,-372.06378,112.74886,34.893932,110.29411764705884
0.105079696,317.31468015276005,23.856466773859665,1484.65631792752,-182.59558,103.21973,-6.125045,117.1875
0.0108987875,281.42917707102083,26.040234980169657,1298.25431436577,-400.6123,102.673645,40.726467,85.22727272727273
0.020332325,0.0,0.0,1286.2586054331005,-325.649,120.48003,23.561848,98.6842105263158
0.010914053,0.0,0.0,1359.8756576549476,-389.5352,115.211685,53.18648,117.1875
0.01831691,166.72417919477587,63.73921607717636,1359.6178485375958,-351.24255,107.67313,16.42951,170.45454545454547
0.02378679,163.58703705557102,14.180219876874954,1199.838838255145,-344.1483,118.57361,33.538616,133.92857142857142
0.010172999,304.3020103911869,26.303350866116197,1350.5258966534586,-387.94772,103.41666,43.344097,187.5
0.011190362,278.8916512541956,82.58114187158215,1751.9578130930702,-400.66306,80.93513,51.251682,81.52173913043478
0.012780496,220.8863408989469,113.61639013337674,1872.615043063796,-374.53662,85.94922,34.340103,98.6842105263158
0.025098793,0.0,0.0,1581.3011922549342,-317.84726,96.631485,3.034144,89.28571428571429
0.009444384,0.0,0.0,1281.590337453193,-392.584,108.09816,41.217896,110.29411764705884
0.008179268,82.6141318894524,2.8226391408417384,1247.715874470519,-435.98605,111.53163,55.59547,144.23076923076923
0.013353977,263.25063444422625,53.9674313539414,1105.6445843953268,-390.5224,117.85535,37.674366,156.25
0.09418851,351.6696100889956,63.097445183428526,1848.6111207068109,-201.50464,80.07793,15.152514,170.45454545454547
0.017458571,239.3961378440541,97.6302111630118,2033.8419005038847,-362.66266,81.60986,29.538185,117.1875
0.06644712,207.9047871195596,24.18899762643333,1407.5862129827742,-240.60313,109.43854,30.14372,125.0
0.0167807,338.58174093631214,28.64106747612245,1383.4325081969996,-381.60776,97.66195,42.19469,110.29411764705884
0.009447037,149.99967638491705,30.891725975864343,1189.7319280293282,-430.35312,119.143234,39.55332,98.6842105263158
0.008309694,257.81689720780565,64.97338912664028,1235.1834172243357,-427.3267,102.33127,58.959652,208.33333333333331
0.0163134,355.1929771266631,58.85537079026895,1710.4663797209548,-354.31616,92.85265,37.49485,170.45454545454547
0.024476897,369.4324744918978,18.92791804256444,1507.9273538780967,-344.84607,90.428795,33.303215,267.85714285714283
0.019116586,0.0,0.0,1159.80681897558,-356.35583,118.55414,30.494604,117.1875
0.118155524,635.9860270166379,52.3050838218626,1889.5319019016488,-211.85257,64.656494,-0.3237992,133.92857142857142
0.010788103,290.85803987555266,29.327920533384216,1323.682540537823,-386.84647,110.87227,38.47234,125.0
0.014059724,162.3168939095485,9.52068820313265,1296.6870104554064,-382.22925,115.40307,43.30965,93.75
0.0374697,304.10472107749814,23.39347938285242,1569.5979974415982,-311.82016,91.6307,18.483335,125.0
0.012847463,259.1685380138021,26.417391542027683,1164.5243049268042,-384.0913,114.29932,38.61657,133.92857142857142
0.009798211,134.62227522190176,7.380923670610096,1274.2118960000687,-408.8591,110.950264,47.31258,125.0
0.071351744,346.1083044180885,60.42692541028673,2387.116952619083,-205.40843,63.263145,20.190363,133.92857142857142
0.14971662,236.5002949892173,11.84962063358288,1689.4839013055368,-125.624825,89.217995,-18.98077,93.75
0.1505078,264.0418001663616,48.01479888989925,1068.1421973897686,-197.90604,128.74142,11.453593,144.23076923076923
0.0164959,0.0,0.0,1180.0333981989836,-363.82776,119.988075,24.98464,85.22727272727273
0.0068498487,77.427010264535,4.160354844025936,1322.693580535722,-404.39716,109.06934,45.87823,125.0
0.15677625,296.5961373380432,81.60662441546833,2164.1438531023614,-154.10246,67.000244,3.1817484,156.25
0.022820178,363.9600621509643,125.84969984965906,1253.8557521722687,-373.5203,105.85184,42.81176,133.92857142857142
0.015259451,249.5542245458876,81.27355661523883,1207.964369484082,-398.54117,111.591545,57.75847,98.6842105263158
0.022215907,206.62815167379355,17.967038185396767,1552.13165265339,-355.0012,98.942215,23.837503,156.25
0.010148126,0.0,0.0,1258.7398664621226,-408.28647,103.41286,53.678925,89.28571428571429
0.010678528,283.6334869113586,20.60424496231304,1446.6970819647377,-387.62573,96.56751,45.464012,144.23076923076923
0.019536693,222.4851940995057,46.93208935234955,1415.8998432028911,-353.3515,112.18783,41.05877,170.45454545454547
0.008711514,279.3990543742702,10.840441941267253,1423.3496075797914,-394.79282,104.68922,39.701904,110.29411764705884
0.06115635,290.47331227524097,53.54115705523324,1322.0913829693327,-244.83885,118.41628,-15.071361,81.52173913043478
0.009050518,266.3036124318465,28.80386644442462,1322.678314315153,-412.44733,102.67699,50.604095,156.25
0.006993492,114.23930149464417,31.730546055522503,1269.4887792395614,-466.5736,103.86627,58.396942,98.6842105263158
0.007928375,308.1142581939653,30.318732406393977,1589.4937852294083,-437.02988,92.79037,52.278927,98.6842105263158
0.02624001,171.25495639438873,56.95790798800585,1287.240458288614,-346.57434,103.916046,29.596884,75.0
0.009957643,265.3534728480016,76.29223131425519,1209.4319577929136,-406.04507,115.50722,45.040108,93.75
0.23899902,366.9466752703411,79.81849531108998,1624.7524124131694,-107.36745,78.74851,-18.627277,144.23076923076923
0.013530216,0.0,0.0,2098.565866915448,-335.9425,84.103775,16.46134,170.45454545454547
0.011125178,328.5087948480738,34.55644477903926,2301.060194762342,-370.6846,68.02927,58.875774,133.92857142857142
0.021508941,202.5649905363076,10.47014933080693,1539.6051147939306,-359.5665,96.02191,35.313225,110.29411764705884
0.009402141,196.70989725440532,105.38969350515428,1618.850016801191,-416.73904,88.601875,46.469067,156.25
0.0137116145,203.7768965639758,36.90192451042279,1248.6875686799583,-368.92285,119.12554,35.38293,98.6842105263158
0.017167954,206.2220163355481,42.92944887597663,1554.4086992936227,-335.49542,97.78102,21.173159,81.52173913043478
0.025891742,219.9264772136418,26.68404764735832,2006.4846554703824,-329.1024,80.84724,43.838924,89.28571428571429
0.026122672,166.3387156697468,17.544786678394537,1219.2278016459218,-343.04782,117.682144,31.826591,110.29411764705884
0.044695694,229.14851083159195,45.78402353959928,1794.4107366240055,-271.93082,85.53119,26.56251,234.375
0.03002632,0.0,0.0,1194.7603831992972,-331.21307,114.87306,26.966145,187.5
0.0139929885,281.59494092263793,45.75894266256163,1323.0671467501393,-394.6766,98.76608,50.78189,93.75
0.015167139,145.5320289334003,11.32009265133008,1357.3706404919835,-368.29895,111.76451,44.93927,170.45454545454547
0.017300421,289.2719877666309,67.63560137897629,1187.020601594159,-348.5567,121.160416,25.363585,125.0
0.042538956,310.432722064596,23.632861295035514,1544.5672739944014,-295.43042,90.7275,21.404829,234.375
0.020702902,261.49679582618484,91.66929915962692,1339.0395852256902,-358.67075,110.73602,24.444956,110.29411764705884
0.013029716,130.35599212673108,6.3038990780387305,1120.8577613554976,-399.06546,122.67199,42.73814,117.1875
0.08589022,653.9597421591136,35.319725300590626,2012.0906964169728,-178.77112,63.566418,-17.995125,98.6842105263158
0.01542838,299.5613406712093,20.7836829957842,1511.9843366887974,-370.03387,93.61918,38.431778,104.16666666666669
0.020189531,179.55450523427737,55.19163025748101,1308.7403491533198,-375.72034,108.247955,37.62917,156.25
0.01858098,105.2809823309458,14.82167735012978,1456.673113447173,-361.06302,102.32574,24.090399,133.92857142857142
0.018262347,390.5258988315603,71.09351243746084,1480.3779878786536,-341.1732,104.62741,27.56737,117.1875
0.023738233,285.55250302213096,26.46722874271502,2083.285690036831,-320.59628,73.65367,43.97482,187.5
0.0077059194,82.30940589852489,6.713820708283944,1373.0690161536036,-407.4649,105.23211,29.051657,144.23076923076923
0.014969454,214.06327448533148,19.446967677521705,1647.2137886630635,-362.04272,93.23052,20.175623,187.5
0.013036145,151.05189410053188,6.153992979125225,1251.058746214113,-386.03885,111.38719,41.45285,208.33333333333331
0.19051462,313.09122491185377,17.681326163215065,1453.803137323537,-157.16896,87.85448,14.761756,156.25
0.020132232,343.2048733141451,134.15332893863717,1590.6895771554116,-363.14426,90.04933,30.271622,104.16666666666669
0.019711373,286.19673904304426,33.972868729297794,1387.093705240926,-329.76413,114.46651,17.730299,125.0
0.03708893,307.0323221126558,47.89322733412112,1201.4985692436917,-322.844,113.84344,26.243849,170.45454545454547
0.017953863,250.7998367895418,45.73369531219997,1335.5223908466944,-369.14972,103.32538,41.695198,125.0
0.021759264,261.5213795546956,43.84739023172165,1171.0550593612488,-358.44135,117.65306,30.51416,110.29411764705884
0.016144508,130.97170470519677,26.62707999119345,1383.943593663775,-368.4975,105.61538,44.87376,144.23076923076923
0.015505081,220.4952273521608,109.56461348318432,1672.7422066949175,-381.60193,88.93527,25.969172,85.22727272727273
0.008898187,66.29857106380739,0.7879935870233278,1691.12565177353,-390.11804,92.33332,47.133526,75.0
0.01225951,143.65529132509056,10.79364024817107,1315.8291853312328,-372.1562,114.14874,43.199932,144.23076923076923
0.015436984,242.68155691686195,60.07901711393108,1261.6333003316147,-385.3586,106.66973,43.57844,89.28571428571429
0.010731736,159.2689210713489,35.46493390467565,1340.1672233305333,-384.23944,104.06264,38.84903,110.29411764705884
0.008325789,250.9911999658118,58.29379503043106,1321.450219596337,-412.98416,102.284386,49.823616,187.5
0.014057143,164.1123686517244,17.661475160608294,1131.094698565506,-390.06195,117.32322,49.97962,110.29411764705884
0.016940117,239.70627266164968,39.77789222816861,1992.4695808290453,-345.22522,75.722046,47.147003,69.44444444444444
0.14938337,258.40804368551073,37.96671841078401,1549.4900866450112,-147.0701,97.00898,7.416714,58.59375
0.007360175,0.0,0.0,1294.462116644159,-391.73926,111.54793,42.255707,85.22727272727273
0.013722666,0.0,0.0,1903.527994394224,-338.3207,81.33197,42.672394,64.65517241379311
0.0044535412,96.2258640930866,14.163745764979804,1538.7089692213008,-458.49872,95.09531,47.858086,110.29411764705884
0.010213039,224.3794554114905,98.35152423841814,1312.2670346190253,-381.09677,113.29538,33.847706,144.23076923076923
0.033219315,159.35888412959176,17.93611318864073,1352.3469603801525,-316.5086,104.63607,25.749983,117.1875
0.018732024,210.7488253214523,70.10181259329651,1334.5314226823148,-371.25223,110.62415,48.205017,187.5
0.018631708,217.8005369201697,39.28078415588277,1111.3861596123602,-381.44934,123.56174,39.693016,93.75
0.013632569,310.6580999184496,39.253354505259466,1781.2650033537666,-401.36,80.607445,51.18548,104.16666666666669
0.013931925,336.74060532923744,49.26846700002268,1351.119302183852,-395.56152,97.688255,39.074677,156.25
0.011498027,248.23949031753187,85.76228333814682,1280.8469029470184,-387.78885,113.17597,41.696045,81.52173913043478
0.018614514,146.5878684904432,9.25926562349361,1186.698752567251,-362.45554,115.9849,30.584343,144.23076923076923
0.012855009,248.0299367817194,8.203655001010913,1264.220296523246,-393.1614,113.24413,54.969257,125.0
0.07322917,0.0,0.0,3508.291422628272,-158.65442,21.616592,12.136714,133.92857142857142
0.27425885,368.8428188762762,78.53409306197449,1439.0931292929197,-123.88377,96.191246,-1.4704926,144.23076923076923
0.01013526,141.53047002830368,8.567237686481525,1259.7847577846144,-401.51077,109.050476,45.472363,110.29411764705884
0.02227223,0.0,0.0,1189.1412967160747,-362.36237,119.37974,34.37643,125.0
0.023217015,426.8740512108574,59.70893627247128,1534.2701977501206,-326.53613,104.73439,30.637655,208.33333333333331
0.011283899,146.09119513631822,30.80763062044909,1173.4666332330207,-392.8864,115.90893,47.68278,104.16666666666669
0.010572945,262.27584246757715,33.33504209455002,1454.6109925133098,-392.2941,100.332436,45.66611,98.6842105263158
0.025236858,0.0,0.0,1760.3097393142978,-344.53946,87.46257,43.811867,133.92857142857142
0.045453236,177.68582214974498,32.24898252131777,2430.9841034019623,-232.01187,62.855244,21.06447,144.23076923076923
0.010641553,281.3982674309032,34.29606778677844,1395.2990768157526,-366.24954,108.51493,28.852755,170.45454545454547
0.24946341,476.3565879268074,28.35512462156049,1918.403076136548,-93.99752,56.59309,-13.104222,234.375
0.0073745544,0.0,0.0,1446.3835625254312,-403.00467,103.9243,41.388554,98.6842105263158
0.048177052,324.9813961272023,79.1065305903348,1674.3254150127177,-267.6231,83.061745,7.5664325,144.23076923076923
0.017183749,134.5580231759529,27.243996346870897,1156.1357527773323,-374.98758,118.34271,46.652023,208.33333333333331
0.11357282,448.570251290185,122.18109852714818,1739.201263567803,-187.8178,71.65965,0.06566136,156.25
0.01033436,0.0,0.0,1620.2760027947204,-387.26025,94.839806,52.501022,133.92857142857142
0.014912771,165.734058385455,63.53618886606951,1352.471946013708,-389.56046,99.998924,26.311419,156.25
0.117385976,432.9397413641235,100.63680754267608,2466.5527571915595,-143.7815,50.699455,-1.209522,69.44444444444444
0.056759015,418.1556325638726,58.460578811213885,2813.354370249959,-219.6196,44.228672,12.887289,104.16666666666669
0.020880008,353.0916174706679,42.155012601458175,1334.8121549853993,-381.7674,99.15799,33.85231,93.75
0.021444842,83.87138430969901,10.556794013929998,1105.648960455417,-378.9649,121.04532,47.790844,156.25
0.007951006,0.0,0.0,1139.2720520517312,-414.05066,120.75269,48.778347,144.23076923076923
0.017218577,254.2751970948298,48.4334821732528,1465.8515684344054,-357.19907,110.885864,41.895615,104.16666666666669
0.08184499,294.52125670456195,36.3829502836621,1586.8168665026806,-241.36331,83.95452,13.7763,144.23076923076923
0.010914853,284.48968293361287,29.190065849679,1291.9084409609482,-396.67056,110.173584,48.52869,98.6842105263158
0.007611704,265.3287507906366,27.914872572975387,1253.7307020751948,-416.56622,105.401474,49.414955,144.23076923076923
0.013158802,203.0690404735246,71.57339210060361,1647.4640073079104,-370.5465,96.74467,18.813423,117.1875
0.012200073,280.30494938683825,64.781035408735,2126.4195102450058,-357.53055,79.9162,48.810493,117.1875
0.023797203,219.37162285259635,67.76336462624633,1455.3130667271469,-310.06213,106.79377,13.971829,133.92857142857142
0.05838343,235.77199775846077,41.97946992707357,1537.101276519808,-281.6854,96.476326,35.499916,187.5
0.012625144,0.0,0.0,1343.2939052538088,-370.0587,115.15402,41.29736,187.5
0.021955881,257.3704176011102,23.71977915329433,1451.070887764116,-346.15924,103.2687,25.449898,170.45454545454547
0.02325992,283.06119099193404,30.28943359781153,1136.058721363711,-349.8043,116.76624,30.628641,187.5
0.009024214,293.09583519185657,30.748628560978236,1599.6410416108315,-385.9121,97.28507,42.95892,93.75
0.028474512,390.6291881098511,102.61046620425408,2235.7699764719896,-317.85437,72.993614,33.924644,64.65517241379311
0.0075716386,161.15191360750748,7.062620043665296,1421.9479990579107,-412.2101,101.191734,47.687943,93.75
0.038773946,348.744679373613,35.28977545684687,1686.823024859449,-298.3061,93.91713,7.8438044,117.1875
0.12592669,342.32347917461334,69.10301836831208,1542.0006843120052,-165.00049,87.23622,-15.581575,125.0
0.018432537,0.0,0.0,1310.594816656728,-342.89053,113.82386,24.833046,170.45454545454547
0.016473267,165.6670991893921,16.35224161518685,1172.268412762222,-360.43082,119.4813,33.701935,110.29411764705884
0.1884738,447.7940384860156,59.76594836720828,2073.62055621582,-102.73374,68.22134,-13.19245,144.23076923076923
0.018528998,141.25946217335724,50.83438947227907,1429.917396548797,-395.31458,100.09957,47.89076,208.33333333333331
0.021006461,213.14278627931688,43.47677885023207,1312.3057502369927,-346.63406,115.78,27.121704,170.45454545454547
0.01694549,273.0803542485062,35.72979952075407,1258.4920451140838,-365.59155,107.529564,33.146084,117.1875
0.011360333,100.68792931177887,11.385511228161011,1065.3952028208244,-421.54376,121.83576,50.89222,104.16666666666669
0.009605038,251.65833815668628,15.832512359040075,1247.2165753799943,-423.8607,103.70218,47.152683,156.25
0.014972912,155.42702420358972,3.636413211510644,1470.6023909079202,-371.7164,106.82953,46.173527,110.29411764705884
0.087580286,371.3918987430703,42.30542423929844,1746.5067933271775,-189.96394,89.8278,-8.653815,117.1875
0.012951027,262.31897548830136,37.1929288350942,1292.5911538435423,-386.0926,106.398926,40.516804,125.0
0.012840691,256.32353710845433,78.9730716099241,1313.6740848202112,-360.3635,113.026924,22.647131,125.0
0.012037826,0.0,0.0,1637.424249970102,-375.16724,98.35712,42.10704,170.45454545454547
0.015205775,272.2299682663047,45.994589243434845,1260.6340624231586,-369.36313,114.35072,36.549362,156.25
0.0063390257,83.31939638490982,2.002092775395292,2200.842527555498,-429.6177,72.13322,51.320076,98.6842105263158
0.019743964,118.15421802418756,9.731518068925558,1996.864426060683,-315.67743,87.85907,18.420143,144.23076923076923
0.018134775,103.8061282964586,12.755805811841077,1527.2899812287217,-344.9427,100.14428,24.01971,156.25
0.014648967,0.0,0.0,1297.8264148170497,-371.02164,119.31769,44.32288,144.23076923076923
0.016504018,218.43431476558732,20.440961107431686,1323.5328539027537,-373.27728,108.73124,41.78454,144.23076923076923
0.08938266,0.0,0.0,1502.2306807708685,-173.98392,109.441536,-0.22390813,110.29411764705884
0.025252009,183.00684440289427,17.617200596950656,1541.0880102626818,-334.20837,106.49846,31.513159,98.6842105263158
0.013239619,89.60652902724962,7.43696871441948,1893.7693753381784,-394.77936,82.31488,42.83235,156.25
0.029708436,322.9274037025137,95.2201548819828,1457.8745324100207,-323.22968,103.733734,21.308775,156.25
0.041768797,222.46758770152036,45.07863368349354,1549.6202698478778,-286.7353,103.44397,26.200937,125.0
0.11948865,597.8017748190368,100.75141687491738,1844.012641069563,-228.41179,70.952576,12.162242,117.1875
0.012372095,762.3025054018607,1.5439910740068197,1756.6571683964037,-390.96606,88.847694,52.06624,104.16666666666669
0.09093334,346.22260683779353,61.14996201787118,1764.1666407168036,-167.19322,77.75872,-23.685009,81.52173913043478
0.011191801,83.88550563482191,6.143753925510138,1546.4165719173047,-384.20483,107.94588,21.821302,104.16666666666669
0.012317171,296.62385291370174,33.01371609135932,1599.2720184867003,-385.82755,92.66779,47.780643,170.45454545454547
0.026553435,321.7002009119673,36.79187372654399,1104.1889471824422,-359.88217,118.909874,43.142963,72.11538461538461
0.06849249,0.0,0.0,2678.042725345929,-184.48293,58.96772,16.120022,234.375
0.010155401,210.31652875140688,57.81346491589935,1378.604801057446,-370.33658,109.966545,28.34304,125.0
0.060603175,358.3456600244956,44.047394032769056,1718.1989108460652,-253.80414,94.79771,9.89572,133.92857142857142
0.03778922,182.81956095917505,8.893133113713091,1725.7469880711026,-275.10175,92.63534,11.669856,104.16666666666669
0.0077032563,292.5640302344935,25.079601669861685,1883.3924827260955,-397.74405,83.83149,52.426445,104.16666666666669
0.009907083,250.97766597018676,21.40450561755478,1848.618549514371,-388.15332,88.07845,50.96988,133.92857142857142
0.0287278,150.08162496559618,24.993572433726225,1979.858166526336,-297.27457,78.84596,30.201107,170.45454545454547
0.008728494,0.0,0.0,1209.290805590153,-444.03223,108.67281,52.087395,187.5
0.02022638,325.5569953951332,138.36108662672052,1410.3308982115425,-347.111,109.656265,28.536753,170.45454545454547
0.013060198,180.12417130556233,9.413588681104214,1650.3781154904684,-372.81625,93.4925,34.72746,133.92857142857142
0.010025387,192.35959904896012,94.7878897439886,1276.0825892499354,-434.03098,103.56642,47.240196,110.29411764705884
0.043525446,387.3690117654549,169.81423231235354,2071.107643614684,-234.37743,66.62779,-7.082697,170.45454545454547
0.014821516,298.50444332809224,55.1109703216008,1506.0957204097574,-373.11026,101.37355,41.958553,89.28571428571429
0.0066839526,0.0,0.0,1261.0419769535104,-422.30038,106.56713,49.565647,156.25
0.20459817,375.1454747901959,34.244181159992415,1779.8646375045862,-114.897606,75.495476,-12.043896,104.16666666666669
0.0066216122,66.55821895580273,1.0705058255307764,1301.632732481491,-416.35663,110.56654,50.4095,110.29411764705884
0.044345584,207.3679214433769,38.24189016660582,1307.976054485547,-288.8963,117.49292,-4.0129557,170.45454545454547
0.027276566,210.2317592436555,34.94923805029137,1232.262480584192,-340.41666,112.67195,23.492876,93.75
0.025229277,290.52995808284385,56.41634767420835,1378.737658385333,-321.3699,107.004875,8.54012,170.45454545454547
0.031444736,354.0639555943438,37.60826474242319,1470.5616451368412,-323.0546,101.873505,22.730177,144.23076923076923
0.03742467,324.44311291815444,118.39901039610784,1367.225736800784,-290.47977,106.87043,8.283914,117.1875
0.024223395,197.37654298399283,10.366514205105634,1151.3307885668523,-345.51694,115.99722,31.09864,144.23076923076923
0.009525415,180.7017067617869,19.010668787384738,1346.242261874989,-409.88797,107.522156,44.94907,110.29411764705884
0.19262165,321.45772680245204,23.84824760462664,1833.1794994942693,-93.29214,74.51337,-17.994654,133.92857142857142
0.024601232,390.268491214962,80.28253110571892,1598.015837746818,-330.42743,88.60776,18.386042,133.92857142857142
0.015920017,169.37116414906123,10.429359128523645,1326.382069336022,-374.0941,110.19361,42.402695,267.85714285714283
0.16683505,355.09180781763024,203.46087075714385,1613.528609707898,-165.34598,103.998,-2.1862886,85.22727272727273
0.029876987,342.6713542088903,30.115561618810712,1481.0911718354982,-367.61722,90.05843,33.050274,89.28571428571429
0.03660246,599.070196858007,252.37859760729083,1945.8151013103595,-307.5583,91.29436,21.617367,125.0
0.015182388,285.8138761229817,51.161691554563085,1127.3610409583896,-396.4941,110.5275,41.209656,125.0
0.011191941,0.0,0.0,1694.170858379047,-367.1146,90.61721,36.40141,110.29411764705884
0.01490644,359.64022560650005,119.5412621608326,1369.4496090776754,-376.50607,106.68549,35.883858,78.125
0.01190927,152.62668062667868,16.73960123622526,1332.9059202603307,-375.3886,109.776886,9.730951,144.23076923076923
0.008408042,280.4935924112787,31.728865257127534,1189.5349710686864,-418.6338,111.21602,47.174038,89.28571428571429
0.015600204,165.56107514589928,34.47786051155836,2046.7143619845829,-358.32053,77.46961,45.295795,98.6842105263158
0.012930779,150.19126204579325,11.984719277927926,1233.7016068170797,-372.06064,114.899254,34.549435,144.23076923076923
0.0120906085,354.8880931825491,35.235312831775346,1249.983956216373,-390.21454,115.03942,42.33253,72.11538461538461
0.01950044,280.9424922281457,55.54350781243608,1347.385130523795,-371.74698,98.51897,34.573677,156.25
0.05263471,539.149157021626,42.59381336177984,1650.1664024284005,-289.18802,79.38302,14.774327,133.92857142857142
0.010853608,253.6901770036111,49.615757135302886,1916.092664767652,-371.48694,83.22222,48.48296,125.0
0.027009036,289.58298218115,41.10863980958622,1331.8871238797203,-345.29147,112.855705,32.425793,104.16666666666669
0.01767583,196.1778486636917,91.6659986843746,1254.5865683085822,-354.704,111.1191,23.2498,125.0
0.024571683,124.34769434295129,9.9933180092235,1121.1191630105825,-363.59933,122.483604,45.93709,110.29411764705884
0.03444247,369.2493192828727,45.24426572027613,1795.5885649203906,-294.1823,79.42694,10.458697,93.75
0.013792938,0.0,0.0,1240.085156204887,-374.79056,115.1707,36.25726,117.1875
0.011975883,207.26938869510244,60.974910323561865,1415.2534809680883,-374.17212,108.92639,34.003643,187.5
0.014108309,174.93860765187722,90.60615190478129,2311.9236946158862,-374.72516,68.30988,44.645367,133.92857142857142
0.013509743,174.33667979583058,15.113198789225647,1206.1413927270687,-368.81155,118.34601,35.66643,117.1875
0.04056164,370.62823438821016,53.68293044578503,1469.60854607498,-311.8661,94.659424,23.413462,89.28571428571429
0.010761477,261.5298555166649,54.81090346938067,2111.3749177852405,-372.80807,78.77561,50.06399,208.33333333333331
0.016730636,0.0,0.0,1515.6942779684646,-360.89108,108.22932,43.215084,170.45454545454547
0.010313938,0.0,0.0,1310.4770806078402,-380.33218,112.919945,40.91442,117.1875
0.009114076,0.0,0.0,1350.84522168194,-397.41302,103.66146,39.95464,125.0
0.022684675,328.5430935630142,135.194772735758,1355.851354133014,-333.0964,109.44141,16.24296,110.29411764705884
0.050648708,394.7913412861283,93.96179296347668,1429.129080505175,-308.34738,98.520134,23.152565,117.1875
0.25047642,410.26756245087137,37.22531087192052,1767.141096732294,-95.257774,77.351074,-16.842512,125.0
0.09245182,366.1531518593632,35.64004922447176,1694.9539795072376,-205.33347,86.374596,-16.838766,144.23076923076923
0.0122119915,0.0,0.0,1404.7127844735164,-387.75555,104.62032,38.021786,144.23076923076923
0.012168333,158.07820053560704,39.26843108423131,1317.1563562214135,-376.04422,112.21301,48.830833,234.375
0.026270384,337.72144950781313,127.11233813876852,1316.1317879376277,-346.93765,105.60846,32.96369,156.25
0.014571313,0.0,0.0,1189.5870656384257,-386.33456,115.132805,46.62273,208.33333333333331
0.006204097,100.62436749068254,13.874733247208898,1565.5390974617587,-437.827,95.50542,44.64783,187.5
0.009185904,108.84489436545697,20.61806449585619,1234.3313051133318,-424.0242,112.3409,53.4535,117.1875
0.059284586,232.39155795104247,62.68679551911011,1651.5471599560926,-240.87024,93.69103,20.229193,125.0
0.04159135,219.02399626222845,34.82825744996645,1496.7539487966726,-300.7675,110.34129,39.815754,170.45454545454547
0.009034316,137.47123600485224,6.719179620102012,1357.0083569396274,-391.34238,109.69521,41.28691,104.16666666666669
0.004545624,87.022205524639,8.703685132218965,1278.277838804346,-473.65555,105.68498,52.4913,85.22727272727273
0.013264019,230.12011260491315,60.79947708249741,1282.3371849600749,-386.4028,111.99126,35.30348,110.29411764705884
0.020868346,0.0,0.0,1258.1826233447207,-336.5909,112.389946,26.850012,110.29411764705884
0.012875835,437.0231841323315,73.68022541745897,1373.5875700157735,-393.3431,108.58859,44.422302,117.1875
0.013145184,157.06809534047662,37.35294844414482,1456.790896462051,-370.30252,106.73306,35.140076,156.25
0.09609111,385.94055369835473,51.75065380260623,1354.803110892371,-197.86052,113.73938,-26.117397,156.25
0.03398552,208.32909776501265,63.80752848138222,1323.723540062534,-335.85825,114.79249,31.171518,125.0
0.020693053,246.8941343221665,162.3542591437631,1637.1051024168503,-389.7184,87.61666,27.499462,93.75
0.006924962,0.0,0.0,1171.7380375055343,-421.75363,114.07947,51.807007,98.6842105263158
0.02347227,119.08608032736356,23.77352604584281,1612.3685428532344,-348.00113,98.83829,40.543037,170.45454545454547
0.009399675,116.1744610041343,18.178065759418487,1285.0035326832026,-431.34467,110.230934,57.699356,156.25
0.007684757,0.0,0.0,1442.8339343365271,-401.03195,105.76217,51.0893,144.23076923076923
0.02409351,222.6708466480882,37.38457978368762,1540.4015947344817,-345.63528,101.078186,35.255867,156.25
0.0063244626,0.0,0.0,1306.058452601873,-418.61804,104.460266,50.064445,98.6842105263158
0.010615143,148.90899830052507,17.148386416557933,1267.9016297262117,-384.91107,112.25135,38.25283,187.5
0.011284574,173.9219667817595,7.783944417838126,1213.1508418970286,-396.5368,108.378914,38.82145,144.23076923076923
0.04970133,255.6576238676586,83.99433315117084,1127.1866518323775,-316.2686,129.75732,23.884491,144.23076923076923
0.03023419,204.73632691550296,24.14584069946506,1526.004813362809,-318.9667,95.85325,25.462051,93.75
0.012533225,235.7893949246672,44.02224424766597,1504.4528035862352,-376.25198,103.40562,45.912987,208.33333333333331
0.013322021,153.36115584279608,7.202568896278003,1430.6284101650513,-358.72678,104.59087,35.90637,187.5
0.013054233,272.8524413252739,31.038215748001463,1165.8836725702604,-381.3155,117.21889,34.78188,133.92857142857142
0.011102018,289.64016525642955,35.63662487272352,1367.7827104625774,-381.0008,104.19582,38.89132,104.16666666666669
0.3228745,384.409413188872,46.93967984520055,1862.0586793697048,-109.33684,55.75868,13.072041,170.45454545454547
0.033913516,325.1082862654732,61.65008495759957,1550.3485133887232,-308.6374,91.69412,15.141838,133.92857142857142
0.017965239,312.96788265713485,23.221054700082654,1312.9494052553985,-375.4209,104.0562,37.496754,170.45454545454547
0.0078111123,268.91741742585583,80.4098058173144,1510.2965611098575,-400.6769,99.916275,20.411243,104.16666666666669
0.026566576,178.81319884964478,32.24475271767329,1562.462094521098,-344.46686,96.97345,35.055244,133.92857142857142
0.023018725,230.8434944295809,59.42849331670824,1119.574748759116,-376.26932,119.550186,43.55356,110.29411764705884
0.061850447,463.1567115334661,102.03229776548852,1837.679633363124,-247.45332,83.23367,7.0446043,104.16666666666669
0.008572332,309.4831670041192,5.955178107428163,1319.423586655719,-418.2768,105.51457,50.027523,93.75
0.09562675,453.7515521775101,54.24586619296128,1842.7139903060404,-175.20503,81.691055,-13.695931,133.92857142857142
0.010760294,0.0,0.0,1378.0778460815814,-379.32718,110.409874,46.858105,117.1875
0.005276783,118.79852348650434,3.3971037672465063,1266.6532304743982,-461.37766,105.131454,50.69934,133.92857142857142
0.13816565,346.3072402914098,65.14956506674328,1293.963734020912,-189.37425,118.923996,-10.693177,104.16666666666669
0.010482998,209.1138118892315,87.55241107375936,1342.0068792773857,-403.00165,102.52588,49.183804,117.1875
0.0060612764,0.0,0.0,1395.8707946943568,-416.6293,105.376915,52.720016,133.92857142857142
0.017651334,188.80582094600376,16.31443021087225,1246.1372457689956,-363.53064,115.64642,42.39471,170.45454545454547
0.30664447,575.2747576000592,21.82252880251087,2034.2947086180127,-57.62265,54.83442,-38.868813,156.25
0.30517673,714.507627297824,37.94734564323137,2314.242744371269,-64.37523,27.079739,-29.841047,117.1875
0.011758429,163.10633380957898,22.8958729682266,1271.7170701965272,-393.29,110.50505,40.80496,64.65517241379311
0.01744827,155.80605804930246,44.22208658980093,1309.892971710993,-385.70422,109.24583,36.541016,104.16666666666669
0.098785006,565.1962155238289,68.36857631736017,2069.2079945437936,-192.7254,65.20908,3.9163375,89.28571428571429
0.012463847,103.63336634964296,1.1952254464526109,1129.675142745395,-394.1773,117.97286,48.181595,78.125
0.034854848,75.71268568994103,5.779597935749087,1666.7858822847354,-304.27808,91.19521,20.84543,125.0
0.015706986,316.49420970231824,20.47928438030413,1326.152127225698,-374.80402,109.278656,37.470078,98.6842105263158
0.009644121,152.4269808217924,14.125725529456766,1289.7554903875796,-391.17358,114.811905,35.276096,170.45454545454547
0.036663227,194.7909003653793,43.49198638703748,1368.193401308864,-311.1423,106.487526,26.798227,187.5
0.039836187,313.88683640398114,39.24920447955424,1432.4507666487868,-339.15308,96.07388,37.49737,117.1875
0.008750577,0.0,0.0,1262.1721035049973,-391.87256,113.88658,40.886604,125.0
0.027640145,192.9350681541272,36.43966678509933,1264.419631819096,-347.23135,115.990776,37.23221,156.25
0.033965994,250.9497414535864,40.15984937013165,1271.4686148751157,-342.35443,108.55609,44.69357,117.1875
0.008860486,226.81570360117945,56.305295779117166,1317.1362631507725,-393.3553,107.22925,39.07971,104.16666666666669
0.014017241,181.34103975885228,114.42088649545626,1617.8383292239716,-388.86798,94.7854,29.024067,104.16666666666669
0.008955951,293.7803344187868,31.408181666783257,1317.4874247210712,-414.21304,101.01146,53.77147,117.1875
0.010956898,110.00570210943135,27.753985550077008,2131.8058817572314,-401.18393,81.54169,43.803738,66.96428571428571
0.017152384,149.98541978588167,13.079064371604902,1389.4645520455788,-353.70377,114.32106,39.680164,125.0
0.020378597,222.0838974573093,18.159773357524173,2332.410123469808,-326.21783,66.77383,20.648241,156.25
0.010352896,127.49522816969412,11.202719310769377,1218.7310722276231,-431.201,117.68612,52.428265,89.28571428571429
0.011189648,132.01142314433912,10.660252675987463,1472.243723663271,-386.03894,101.227295,40.7183,117.1875
0.011527932,182.37085273071943,81.27042851374821,1339.4241544135705,-404.27722,108.62621,41.83568,104.16666666666669
0.015534191,228.1168857117869,11.784490398477176,1297.8268768048686,-375.44833,113.51663,41.946316,85.22727272727273
0.111993775,190.36289916758253,15.503554395073907,1328.1295865643208,-169.544,126.87936,-20.237309,170.45454545454547
0.014086809,346.3288440401428,41.83082065982784,1504.7691549770536,-361.93347,99.22523,33.59328,144.23076923076923
0.03208866,383.8676145624944,87.80284475865159,1647.89667910719,-337.29233,89.19986,38.01442,133.92857142857142
0.012863731,309.5237600530189,22.092467085126067,1419.7952401559708,-393.6075,96.67216,51.91648,98.6842105263158
0.071789585,421.8362181622704,22.367234685627174,1490.239397228978,-252.40154,99.412186,2.2583516,93.75
0.0100099705,239.4274745657796,38.5318108201928,1179.0015765429982,-412.7979,112.125046,45.44343,117.1875
0.08834392,716.3669458106816,241.736967898954,1419.5239939117032,-247.64568,114.37054,3.656218,53.57142857142857
0.009273501,0.0,0.0,1405.3035566791398,-368.1448,110.51137,32.33501,133.92857142857142
0.050980143,299.2099390997302,24.934824886928133,1368.4081501976214,-286.27423,109.53273,20.343304,117.1875
0.0556858,386.5748455456867,23.04932006147386,2237.916793477047,-215.37483,72.23379,7.48238,72.11538461538461
0.008067356,281.1474533585743,27.518477341036707,1346.3138012483607,-423.61703,99.37308,56.70737,85.22727272727273
0.030356063,236.42865311806264,65.95496656368242,1431.4147937552352,-312.2939,107.539856,33.34013,170.45454545454547
0.013548008,269.2817640970726,79.15960251818524,1818.8266154018768,-372.798,89.40624,47.09904,78.125
0.026638536,181.9826035397422,13.482848849355836,1109.0023344894096,-331.79648,126.7188,26.295757,170.45454545454547
0.0065765185,175.97340024623966,60.83415927268081,1438.54150897341,-438.4591,103.92681,45.01592,170.45454545454547
0.061847,331.0075864433332,43.6331244182599,1514.3821060937044,-282.44467,103.55731,32.78639,98.6842105263158
0.13222554,467.1071139295633,16.47664462156057,2501.6142540530163,-120.62658,41.071106,-9.880683,187.5
0.024633886,122.87705109273242,23.04894625032005,1470.3657958084348,-335.293,100.85793,27.799938,93.75
0.04078535,532.1860427293961,57.53746998293195,1626.0379904957676,-304.50305,84.79436,14.339392,170.45454545454547
0.15698215,386.4187843200081,23.72972230427484,1710.9587438567332,-175.6152,80.80031,4.7992373,125.0
0.011644288,126.6657322493813,28.34872305385971,1114.2453779455316,-408.09338,126.41074,36.557907,170.45454545454547
0.0074770497,208.8729022007084,32.27586248956327,1388.9139283971533,-416.82056,103.581024,51.90499,156.25
0.007824148,255.68079254386384,55.55658158006074,1446.5846571854966,-397.68567,98.47227,40.227825,156.25
0.2807007,369.3575835671546,22.428847814920044,1659.340142417333,-78.13341,79.65588,-22.197254,72.11538461538461
0.026647264,470.5972217693745,64.11392013578846,1344.8524804565102,-350.312,105.81775,18.886974,144.23076923076923
0.018648028,211.81953287021577,38.240068011282496,1333.053918607403,-351.0924,112.32505,37.422913,125.0
0.011509364,327.66530614850643,14.792645136822774,1299.7639741454311,-392.89142,108.15478,39.859314,104.16666666666669
0.01449915,84.50882005196002,6.401171917072143,1004.4056425965986,-392.18073,127.39737,46.39881,144.23076923076923
0.014698437,170.08270583792643,16.743074113516272,1204.435958927991,-378.17828,111.65934,36.620247,125.0
0.17784044,276.3316511585776,38.20055886331796,1263.1604310135212,-185.49199,115.37251,19.426271,125.0
0.05657498,358.0520716615266,51.70882460755938,2802.757787337263,-197.0469,44.342236,4.337528,170.45454545454547
0.016770773,0.0,0.0,1300.7295198895354,-362.48486,106.8853,33.677574,170.45454545454547
0.007772614,317.1667158798061,4.052557360387385,1642.6339972887192,-402.3304,93.60511,26.423721,110.29411764705884
0.012565647,238.20426476891896,38.88194742960002,1330.539103536776,-366.32187,111.30748,29.505346,125.0
0.008774276,0.0,0.0,1463.917666599146,-382.95712,108.00754,13.014915,125.0
0.06463319,0.0,0.0,1219.9312358813293,-238.76865,129.7712,4.1631055,187.5
0.013485476,266.05608294179314,38.2260673506382,1182.7551431852032,-386.13687,109.04624,43.84706,125.0
0.22061718,399.9565075589354,30.70236476950621,2274.5701193052723,-75.42564,48.25278,-24.828554,144.23076923076923
0.009079907,0.0,0.0,1271.4414831453607,-396.36182,113.38794,40.158943,117.1875
0.013333174,0.0,0.0,1265.3683381928856,-373.11493,113.16309,37.084553,117.1875
0.026741484,175.25066282407994,18.99625710321961,1153.886762458858,-341.61862,118.64455,40.19689,170.45454545454547
0.023651956,238.0290068233258,52.26657293120804,1704.7321214861577,-335.0819,94.90475,23.226858,66.96428571428571
0.006440295,0.0,0.0,1105.3473706401262,-464.3358,114.233864,54.699524,110.29411764705884
0.00947693,0.0,0.0,1403.7352146389362,-395.5053,104.397644,45.850437,110.29411764705884
0.03987235,165.59529360485013,12.255630263977146,1118.2058694151574,-317.2223,131.04628,21.899035,125.0
0.012275279,238.45637059282728,58.82459884881066,1338.9712532132564,-390.23123,105.252365,47.783653,117.1875
0.037378833,207.55429862664096,33.4999715787454,1834.4557251861825,-245.60852,86.39714,-11.665646,110.29411764705884
0.048000243,237.70250244735067,35.32394918765042,1253.459269216004,-288.87103,121.014046,6.4370575,170.45454545454547
0.018864956,254.7771083144072,68.67769911641673,1215.9390684793827,-357.88556,115.078125,23.979342,125.0
0.016382262,243.94561912784152,67.59384116720231,1466.018542114066,-368.47522,111.10965,34.346,85.22727272727273
0.0085011795,306.71429001829546,30.73867813296945,1387.6991699873358,-416.77625,100.1934,40.420776,72.11538461538461
0.016442692,135.79415635957915,8.51364177375777,1217.802943794679,-377.5002,115.14686,46.13569,98.6842105263158
0.010456408,265.781155357136,17.461682941391818,1431.677430898044,-370.22565,107.60406,28.155657,133.92857142857142
0.04669681,286.2394732779962,111.42929518243912,1391.6241834255502,-304.42212,98.22159,17.731606,93.75
0.01983435,156.1329412042636,5.345622863173061,1142.3907195647048,-369.80136,123.861206,35.63026,125.0
0.007151525,358.89710147211883,50.93715964804101,1483.0246090121757,-420.5839,99.3598,56.601067,75.0
0.014385023,145.51147720426513,9.792455168641114,1187.8021314318344,-365.84137,122.03889,30.55287,125.0
0.061899737,238.33116194773112,67.30287730665269,1812.6341153463009,-199.73445,84.37969,-32.877277,156.25
0.017117785,138.3391222057578,8.897117539028379,964.8103121498524,-368.83682,139.62842,39.60935,125.0
0.009666662,155.84564375244864,8.009073197312425,1309.4129752426004,-395.85706,110.9611,43.546448,156.25
0.0145253055,271.326167664796,122.56906137025209,2066.264527040789,-377.61307,74.79311,39.451824,104.16666666666669
0.009593048,108.0689870913922,30.23434712332565,1378.9671415386497,-431.18436,99.770485,40.66128,98.6842105263158
0.012139116,233.89417676738717,35.369366099249696,1329.5302884257226,-377.86356,110.49759,34.794476,156.25
0.033459682,342.3882255879452,138.91416037435968,1543.0790946504217,-311.32883,97.75016,23.390802,187.5
0.013214164,151.08286251324827,3.1153511764687227,1071.5102091803517,-393.52853,120.91072,53.515556,144.23076923076923
0.055926297,237.06010495417112,42.40628914024761,1564.5269525749425,-263.00696,107.38308,6.185308,208.33333333333331
0.011073094,315.96810289946416,28.903667552624867,1399.4543604125738,-378.12775,107.47174,33.60115,72.11538461538461
0.111726046,264.7985953861314,19.76334830124778,2256.3027468628125,-172.48012,60.889957,13.140741,117.1875
0.044785127,184.6199930720633,14.628057297948056,1173.8241574630956,-293.51013,129.57397,4.376477,156.25
0.027777793,327.68580347593974,48.16134715368825,1423.7298122618129,-339.7782,100.20237,32.65663,125.0
0.015508319,0.0,0.0,1311.388888783218,-375.6007,104.656906,39.401974,117.1875
0.007414111,0.0,0.0,1310.054493391859,-413.2309,109.51942,51.304077,144.23076923076923
0.007087747,0.0,0.0,1245.11488585735,-412.61746,111.16136,52.215076,133.92857142857142
0.031485308,443.0560867298835,38.20688755412825,1327.2837036570024,-310.44846,113.51798,0.8046964,93.75
0.017238725,203.11259558637192,14.940003715237845,1473.3923231387428,-364.99966,110.03254,40.997253,125.0
0.013278647,141.11866813599875,25.50888241851116,1261.15897527339,-368.46454,122.075325,37.056103,187.5
0.1540474,557.6192973719651,43.1438859582105,1788.8248115314773,-162.42697,69.174324,-20.413218,66.96428571428571
0.017139526,0.0,0.0,1522.791769696743,-345.34604,101.11215,32.781006,98.6842105263158
0.012355422,397.2121625950868,46.78769023792109,1718.6531591740647,-359.86172,94.69232,34.011906,170.45454545454547
0.012619779,293.1666519404341,95.96169948491446,1394.958059793886,-383.42676,104.9248,49.99297,133.92857142857142
0.027853152,197.73197139924685,32.60723555032815,1591.021735047688,-328.41214,109.65192,26.727718,89.28571428571429
0.0096617825,0.0,0.0,1311.278109097475,-397.21002,113.59779,45.550636,133.92857142857142
0.03463548,296.37179184011944,90.70034671549824,1478.0956700654028,-289.01184,104.836296,8.148525,133.92857142857142
0.025231823,186.0565869349311,99.3763137093072,2106.086747934644,-306.88226,70.69985,13.853844,187.5
0.123270325,442.9333590391474,219.236565935458,1403.95176166495,-212.61226,102.034035,24.38552,187.5
0.013248141,195.77753619638375,64.47794366346803,1323.0014085488713,-374.0734,110.751854,40.105946,156.25
0.025671633,202.36251915415824,37.78431279727064,1384.05965692492,-345.76175,101.093124,33.58198,125.0
0.027709387,190.3034070807597,18.405131440712022,1247.6014431889605,-346.51773,111.05993,30.094465,156.25
0.109107375,443.5074978796617,106.27199983158096,2090.7352003247465,-172.7302,69.55234,11.586024,144.23076923076923
0.021826098,155.7156635515588,14.229300879446498,1055.1930289040467,-359.58176,135.96796,35.89776,104.16666666666669
0.012816361,292.9151890211321,19.38944830185626,1586.5529590997185,-359.63107,99.43904,30.252083,117.1875
0.0115317805,0.0,0.0,1230.4192485994572,-407.13303,107.3697,50.480347,75.0
0.007573941,138.57312592433266,12.123300708761244,1363.0121328062835,-414.24426,99.85653,45.754204,170.45454545454547
0.09551248,217.06805122238805,60.48165437061762,1051.019834964756,-245.14189,135.11555,-8.068287,156.25
0.035537504,342.2201974126101,41.05626826986842,1322.9681942416314,-336.7014,93.93264,30.758886,133.92857142857142
0.011353363,151.70690054524945,15.761495782895912,1857.1154846520608,-372.72116,83.30174,48.48152,156.25
0.10994963,361.53768178088905,77.31774319157135,1613.7068170643151,-218.47458,80.715225,20.166523,187.5
0.026208904,0.0,0.0,1305.5779587827494,-301.0821,116.337105,18.354559,187.5
0.043459415,411.9441803564472,38.05298893508427,1499.870378630059,-273.1136,97.024925,0.9848055,104.16666666666669
0.022787131,270.69688617785107,53.76984684491506,1431.2403312859558,-342.4088,108.400696,37.247604,208.33333333333331
0.011728657,231.6109210116772,94.9737657990796,1244.685623325123,-400.9634,113.853935,38.406235,144.23076923076923
0.023884304,314.51810248284414,23.413174549635425,1417.102954994017,-334.9645,108.74653,37.794422,234.375
0.020924795,194.622369233937,42.10400058462331,1369.543824090115,-320.7317,112.372795,18.308764,104.16666666666669
0.008956981,294.96573044276965,22.59784042444201,2052.2210422314533,-364.511,84.47549,39.391216,234.375
0.011180901,0.0,0.0,1613.3723554601802,-372.72864,98.16206,45.229927,156.25
0.008060651,299.612004394508,20.88863056998589,1123.5470906029782,-422.03952,109.72973,51.755642,125.0
0.18729605,353.6314799726495,46.93729623351468,1755.2470623033091,-120.79591,81.24184,-11.748147,125.0
0.021616273,232.24028374063465,8.324819358725186,1441.8887073137869,-328.2741,105.960266,20.14363,170.45454545454547
0.009995139,114.46053157082608,17.628106688217162,1154.9670012785175,-397.07138,110.82141,41.184483,117.1875
0.016820237,495.4609789447534,77.72764430007926,1467.1813994477052,-375.40152,105.85041,32.064087,156.25
0.0050089867,84.54645886943476,8.214494912354908,1421.9801375072009,-454.1323,101.39287,41.938377,125.0
0.017595835,159.61530320053393,15.733112267059836,1316.058448712073,-343.89157,114.830894,2.4744742,125.0
0.02784852,405.303592826433,196.3870579815912,1702.178173976704,-345.4405,86.134224,24.445745,156.25
0.012290606,0.0,0.0,1248.385846497071,-385.9331,114.07092,39.86293,117.1875
0.066856496,176.4272936776306,43.49340496600964,1139.1495685137158,-249.73138,126.01515,9.381488,144.23076923076923
0.014832505,225.07489052739203,59.27063103016019,1113.4125689646637,-375.45508,118.94778,37.229145,156.25
0.08858292,427.0765202605167,46.53669382263975,1704.8627894331482,-161.9157,90.55404,-20.205332,156.25
0.1380901,0.0,0.0,1822.114233357722,-130.09213,85.25654,-3.4771194,144.23076923076923
0.008648717,156.49894621841435,10.41266473272624,1416.7964220506888,-384.1995,113.17878,37.124317,110.29411764705884
0.022028588,140.35519013519814,10.469924741641355,955.861313702806,-361.86658,138.42235,26.142979,144.23076923076923
0.012145293,206.7496255358026,42.84187193070599,1240.0178309077844,-395.34988,109.28806,43.02538,125.0
0.07493741,362.70075501951806,68.4357618473073,2419.8367995563094,-213.55956,60.34847,22.659487,98.6842105263158
0.010339247,160.74070466961552,6.712379551659963,1327.5352881070446,-396.89325,109.832664,46.503426,125.0
0.12623759,464.3519746976129,96.00543304827144,2088.8351835687617,-149.22464,63.944233,-6.8440633,312.5
0.10607126,548.8120953109336,105.70652167438966,2861.8968076823667,-158.41888,32.61443,9.528966,117.1875
0.013211077,214.0976410086655,53.41127813414521,1279.4158813426354,-354.95425,117.55067,12.621951,104.16666666666669
0.012143853,268.2327353095484,14.229297981927,1525.813874067955,-365.49152,108.10642,32.657368,89.28571428571429
0.012544824,139.82193932023242,5.86736615874215,1286.649751376022,-378.64365,106.95844,39.117867,133.92857142857142
0.006569707,0.0,0.0,1270.1681824694415,-417.94864,109.49226,54.338657,125.0
0.17041692,279.84652429377104,64.54350374081952,2232.02138413389,-129.37143,72.59995,13.05255,208.33333333333331
0.017833276,197.96916534770637,22.549890611051847,1336.898445499509,-347.4152,106.83185,28.376059,78.125
0.020262375,309.800889897084,47.87427446536319,2132.8544971662327,-334.4458,72.72473,40.674374,144.23076923076923
0.011809141,141.0787139653944,15.521410252442696,1268.549912078238,-383.9086,112.037384,44.577858,187.5
0.10504305,244.0575521140171,29.11606095002572,1859.1635334855937,-169.19293,80.284035,-1.0074447,133.92857142857142
0.011136713,303.0892181188594,13.221880171163514,1414.3210548604295,-378.32016,112.052,32.72601,144.23076923076923
0.009699122,203.8104224511881,43.977290241062846,1258.5793268742486,-390.86746,111.9898,42.913364,144.23076923076923
0.012310757,278.4310145812913,22.25105236767409,1374.9726768068117,-378.55142,112.58381,33.15221,85.22727272727273
0.010796363,313.7318187058856,64.47989344291472,1439.1951793598248,-387.48264,104.353584,46.84131,208.33333333333331
0.00944508,293.3135048589464,25.69241496265133,1279.1482173340885,-382.57233,110.71956,32.543102,170.45454545454547
0.007933975,0.0,0.0,1199.3399113575408,-405.98233,115.36334,47.760082,156.25
0.12866224,209.9639876975901,14.687628063424707,1640.9219240654718,-149.90993,108.93072,-36.9523,133.92857142857142
0.0074400683,0.0,0.0,1222.6135436267532,-401.86383,116.57363,42.042557,144.23076923076923
0.012857526,354.06996980332656,36.61024376523632,1214.568320132852,-409.4416,108.50009,44.658,85.22727272727273
0.010084637,229.85170283831135,83.116474576126,1523.774187961336,-389.34006,98.47736,48.029045,110.29411764705884
0.009909466,243.0332675357732,13.328964924480395,1462.8707928027757,-376.41785,109.25728,36.365673,133.92857142857142
0.016322752,133.71880912476558,18.009418916753965,1637.9493654308146,-358.41763,97.60888,44.942646,187.5
0.10630175,673.493484982223,283.3876350348452,2443.7010651709625,-160.31425,46.64393,-16.773727,125.0
0.015597407,307.8993216049757,47.58236860011277,1477.444549993678,-362.17877,107.789635,33.821716,234.375
0.058560017,336.9474666200491,39.30219133691418,2904.581681536728,-226.0206,44.76011,30.40204,60.483870967741936
0.010370218,253.8398883375306,35.592163224426535,1193.451473761514,-384.49335,117.647125,35.543217,110.29411764705884
0.009970562,148.09919075220014,9.810522070752704,1715.5006865198889,-383.79486,93.734116,47.456795,144.23076923076923
0.014041131,138.3825976234323,6.51134028975729,1265.889804893329,-383.66113,109.857544,40.217136,98.6842105263158
0.021444965,435.3865917802783,170.2260775275054,2085.388482606278,-326.69342,69.59694,35.009315,104.16666666666669
0.08228764,210.27475307246075,31.736644614073136,1448.439614042555,-225.41043,114.76509,13.015595,144.23076923076923
0.01127803,147.19736897061313,9.824622772324064,1285.0520467412862,-401.73734,106.654755,46.883587,144.23076923076923
0.16421147,0.0,0.0,2159.561089709125,-127.4303,92.614426,-18.144611,125.0
0.030395808,228.42393225202076,63.75776526050177,1494.4364215544217,-312.5408,98.7793,18.439528,125.0
0.0956267,303.7657577293601,33.95566736438928,1928.984513080352,-203.25015,97.66754,10.200687,208.33333333333331
0.017959882,167.45374777225547,19.44927717144848,1339.6485216578922,-380.00134,106.589264,51.186413,156.25
0.030735638,136.92583209992674,21.38888799034845,1448.659536903755,-320.35895,113.59275,22.44172,187.5
0.17318687,317.78045223038544,52.802951266345765,1336.194838996286,-173.47774,103.35416,11.6440525,81.52173913043478
0.008001357,65.78601833507442,0.3102632775381477,1291.1920145283088,-399.8496,114.80078,45.034286,117.1875
0.17166671,346.464016489709,24.766436391137372,1986.8707721398291,-151.9229,78.97272,9.505967,133.92857142857142
0.111698166,296.4328821923603,42.15447974199736,2665.033547545355,-170.443,48.216393,20.78,64.65517241379311
0.038605776,206.9092971702856,32.05100105683174,984.198600315722,-320.26907,140.04634,14.921285,170.45454545454547
0.009354964,396.6743734324856,64.53751820455486,1730.498125884635,-390.70807,86.27483,46.46291,55.14705882352941
0.14394087,357.6478730791891,38.9714375898286,1946.5589364904883,-179.74284,92.4723,2.6298213,170.45454545454547
0.12944669,287.3643219716931,38.771606339853335,1915.383222988481,-144.33922,65.880585,-4.8443794,208.33333333333331
0.013033911,128.6659227340574,23.9134045269558,1431.7309340038237,-362.66995,110.386375,38.436016,110.29411764705884
0.01910073,144.6308062886648,10.271224827640722,1357.5101517623257,-360.16977,119.61264,44.113117,170.45454545454547
0.01289155,264.7545603156861,14.77271444773455,1283.3534998818357,-395.02505,106.18153,37.021835,125.0
0.016451405,198.22789652196244,54.208696196133374,1059.4772053168554,-386.6345,123.03485,36.067356,89.28571428571429
0.02494486,407.7410368113026,78.10131943755701,1463.4491907230506,-324.0617,107.76621,13.80695,144.23076923076923
0.0073173577,0.0,0.0,1600.6668690419906,-405.40472,96.458435,52.698936,144.23076923076923
0.009500308,238.34174450179285,67.4182356645339,1363.1658623093092,-385.03632,107.02717,35.46715,104.16666666666669
0.006326839,91.27545946238466,11.398853421515716,1502.5968629247989,-445.48743,99.73792,48.843933,104.16666666666669
0.031072175,164.09845661785522,13.353311122345392,1267.4429382867331,-335.04504,116.065834,27.798252,110.29411764705884
0.008521214,229.07785195332949,24.65239833401035,1358.8011952900474,-407.46674,102.08135,46.037193,125.0
0.17890194,351.56079429981725,40.2550702382814,1850.06233651026,-103.90899,78.70578,-18.888279,133.92857142857142
0.16303699,382.3425778095957,64.08590362898931,1724.8437012888453,-129.24324,82.245346,-10.514284,110.29411764705884
0.010429444,287.58144827451883,18.93500038801089,1373.0138083327145,-376.01038,116.63572,28.522175,144.23076923076923
0.0068054902,134.15709402800593,71.04981141422759,1955.8897565669145,-438.52075,80.67638,56.277813,234.375
0.012146174,0.0,0.0,1628.5853680239836,-368.152,95.08038,9.097295,133.92857142857142
0.03848992,251.5851276684656,27.63291391327243,1216.6115929740567,-328.08875,106.69335,27.025934,208.33333333333331
0.07726291,318.1923187006945,26.204643784421663,1312.3756125346945,-259.44836,98.05917,34.310707,69.44444444444444
0.011571262,246.93819188740292,55.09771941656904,1306.688537828586,-371.30838,116.336754,23.061174,125.0
0.019530185,306.3484549553652,17.342185921567566,1889.6039944690483,-333.89688,96.020325,30.690304,110.29411764705884
0.014421527,327.9320354387377,34.00113405923134,1790.29461103692,-371.83054,93.97288,51.059658,85.22727272727273
0.02980247,330.3456251704683,22.35623629799205,1475.6794504467923,-320.89386,95.57104,18.82508,125.0
0.009892245,163.2165127525457,32.542109558461895,1626.8152904333845,-382.00323,95.84877,47.64153,125.0
0.009530848,0.0,0.0,1241.9383688441335,-396.2449,113.42593,41.60107,170.45454545454547
0.006634182,0.0,0.0,1322.958675826966,-415.48523,104.850655,51.645096,55.14705882352941
0.00809208,84.77503121117583,12.976480686142486,1536.5011570886672,-417.07047,101.64836,49.36537,98.6842105263158
0.09665548,490.620541554985,12.091985800892529,1984.3459287223936,-148.5774,73.498085,-33.63718,170.45454545454547
0.019879317,180.43970703379975,29.331591976208696,1388.746578721177,-331.01083,114.08438,27.338272,144.23076923076923
0.012229351,179.87225384770187,50.99766127985159,1164.19082539507,-399.92087,115.388695,44.062626,156.25
0.018248806,321.7854055446671,98.66026437342076,1286.894861179773,-351.6026,123.0399,23.188437,81.52173913043478
0.03385032,246.2108878656313,63.49075961403882,1560.7344156254549,-320.98517,99.90551,31.836813,104.16666666666669
0.010880516,82.36047235458048,2.7800638742737065,3098.088017918027,-343.27243,44.69918,41.658623,208.33333333333331
0.11674301,461.912342111186,223.3526579564817,1630.485589670503,-204.76895,94.59896,25.28487,89.28571428571429
0.018378036,0.0,0.0,2423.3773375526216,-319.28653,69.378,15.240972,117.1875
0.014124203,136.71353462923065,12.45309807867544,1553.222637379435,-363.21146,98.11852,33.30362,208.33333333333331
0.006661185,305.4515366392373,6.3649969041500105,1231.7151488724903,-427.35364,107.23989,53.076,104.16666666666669
0.031826455,176.27146889880328,84.11212169521748,1594.362419171593,-318.2599,97.7023,24.078878,144.23076923076923
0.028854957,329.0041639089705,40.36843684441641,1519.6173321865576,-319.92313,107.42228,23.94589,170.45454545454547
0.012331263,302.2479296457608,89.87341045692968,1261.26582598578,-378.42197,115.18659,21.280334,156.25
0.0653515,378.8955121701562,45.20144556144026,1965.0009602168916,-214.19809,78.41595,4.7668853,144.23076923076923
0.011998004,234.89872321588769,52.63493828898809,1311.9348933380977,-391.19962,111.22505,44.153492,156.25
0.013823615,323.47601836943613,52.64336515534404,1309.5027811017592,-377.494,103.96707,37.038498,89.28571428571429
0.012986176,203.89881535890757,115.9300543170558,1515.6746576986125,-394.67746,98.83743,34.202503,170.45454545454547
0.018337877,292.62559480260467,86.41558132471876,1170.7323485810791,-378.7499,117.31884,24.074411,144.23076923076923
0.0154821975,324.1159727352564,27.384600026639035,1450.8084219561345,-364.5438,108.48345,41.145004,144.23076923076923
0.025315762,320.73647974303543,98.79742437188544,1285.533111701734,-345.59116,111.53385,38.673515,133.92857142857142
0.024838483,203.3146634067231,46.887093753210806,1432.6247161658227,-341.74692,110.05073,36.433537,89.28571428571429
0.035434682,500.61632062663256,27.534638282033537,1581.1520080826797,-310.8603,91.08259,20.900589,234.375
0.10491612,236.55064966366808,9.816288542702829,1531.8003060288331,-180.60762,98.291466,-6.0455694,144.23076923076923
0.016866896,256.90914360932726,52.9649499267801,1251.6581942611604,-380.6238,108.68686,47.293995,133.92857142857142
0.011994822,261.33648913849515,64.48900448301636,1826.4679505317647,-376.1761,79.37571,45.886604,81.52173913043478
0.078802295,263.6000113011242,30.306062856250332,1561.6183690577095,-209.40979,106.89466,-6.0165863,125.0
0.032155998,314.83853819888,63.28567936914053,1167.4218598905911,-345.7983,118.69956,26.212067,144.23076923076923
0.0490215,387.0579618016965,50.64504642834756,1674.0594048485573,-262.64908,100.08211,4.9319615,133.92857142857142
0.012633567,143.7670368407771,52.4901309122191,1176.8430991994278,-409.6531,114.4454,35.18305,104.16666666666669
0.016298847,153.6859055902802,8.46188852551869,1155.8650271333058,-371.77332,115.982445,35.298317,170.45454545454547
0.007618063,84.915790444549,10.244142001949903,1266.7185429592294,-465.42285,102.39678,56.916416,117.1875
0.010446688,0.0,0.0,1372.8330053492812,-377.68616,106.9395,40.766014,98.6842105263158
0.03944082,302.7054250825904,49.96345765924955,1092.396553764691,-337.56747,118.15159,23.466928,69.44444444444444
0.012963629,157.53377448645404,15.644036866296954,1217.0691867959251,-384.91748,115.56076,33.508625,208.33333333333331
0.038894355,276.3116488836718,75.7866162967764,1314.9939125725475,-308.79684,112.86875,8.17454,98.6842105263158
0.011005028,213.60847038410867,58.00511200637753,1238.0792932634092,-402.76276,105.4436,47.284378,110.29411764705884
0.01113873,281.31944575635106,65.35187393686894,1351.5815853097436,-377.21967,105.60885,29.313477,104.16666666666669
0.024390114,359.9530970284385,51.3971639701748,1389.4351674457164,-363.31467,95.485306,30.725765,66.96428571428571
0.017786086,187.8361705336741,35.41420600686293,1518.6595051699417,-337.74496,109.19103,35.731255,156.25
0.020968912,252.357724710683,72.48416879258832,1615.6635495819835,-352.55292,89.58917,45.518913,72.11538461538461
0.008693613,133.32910813918147,7.79526825041258,1481.929331984026,-392.39017,105.358894,16.12793,110.29411764705884
0.012997938,214.2575972600876,39.37475464529364,1322.755269271591,-365.7377,116.98392,38.452133,117.1875
0.17626294,386.5617853798214,75.45113247137257,1547.97948833973,-154.32083,85.2094,-0.7458265,125.0
0.0058783493,0.0,0.0,1531.2944530121354,-421.2402,95.89335,56.92153,187.5
0.0162186,262.53900342378,40.85634227471342,1499.683069171584,-356.63284,107.685814,36.47647,208.33333333333331
0.0063942247,84.97574164438473,7.07466217160207,1797.921517720817,-452.00244,81.135086,51.491768,125.0
0.036622938,229.12135083017824,72.64554002378868,1606.7131909245486,-312.5445,90.11061,28.512089,98.6842105263158
0.016962927,129.76242332913563,2.0237670052193515,1155.9043780825405,-376.5554,122.141945,43.58423,156.25
0.009615458,296.165825724842,15.641581544768036,1209.668931221071,-412.3632,112.4765,50.912113,187.5
0.115119,329.62754482706686,57.773429447864125,2148.8962078711165,-148.65121,49.433395,-24.104868,117.1875
0.14257368,315.349178222945,67.30231157848566,1937.119055669012,-113.77439,65.53028,-17.606064,234.375
0.009184383,0.0,0.0,1387.705645033834,-382.89856,106.92646,37.156635,156.25
0.043242507,0.0,0.0,1447.3112874257067,-289.72516,107.99329,31.015099,208.33333333333331
0.25971296,675.6484231871668,60.238324068734926,2277.444845234285,-89.0931,31.882158,-34.683006,98.6842105263158
0.008400048,267.26103772328946,16.76208806818123,1951.9637018002684,-380.11664,87.1049,21.40119,170.45454545454547
0.012879997,235.64196387494192,69.33968759247175,1500.3840562303478,-357.94455,96.35919,28.972061,156.25
0.010117543,305.97441167778607,7.305702960728747,1274.0297874570151,-384.65494,111.72833,39.498608,144.23076923076923
0.11996563,440.9272337157119,30.20681533302861,2244.9770390761764,-162.0904,46.23218,-11.976571,104.16666666666669
0.061687596,270.1998549613831,199.0730999741251,1348.9713732906916,-251.26648,117.151535,3.790477,156.25
0.02279276,185.35080654658051,59.09332420180086,1176.3869230950045,-331.48804,123.02055,24.290329,125.0
0.03646696,339.791486716671,24.131921348307195,1261.8899901969753,-326.36588,118.50709,16.318613,93.75
0.02523065,189.8080477125716,12.73188444537388,1489.7990256424946,-332.68326,107.33372,45.08528,170.45454545454547
0.011231627,0.0,0.0,2095.2121141068315,-361.11127,80.46097,54.97428,267.85714285714283
0.014383469,167.82448820605538,17.71282291353294,1455.1899598113564,-369.17084,107.02438,43.55209,234.375
0.013670538,220.49000059462992,49.57241858110821,1200.517009462735,-359.48212,121.35087,17.048172,133.92857142857142
0.008118688,0.0,0.0,1216.6042539430684,-421.46313,109.07424,52.496494,110.29411764705884
0.043796904,392.7710579037756,134.94424181593055,1978.2689689840035,-261.36786,94.45299,13.873083,133.92857142857142
0.06977962,182.40782271144585,10.85915823350046,1415.4700903417106,-220.32834,106.420296,-1.5475343,144.23076923076923
0.02004636,138.523408490679,13.690018356898742,1170.420166124046,-365.34674,117.970436,41.44345,156.25
0.041519728,447.6554225607312,199.200981811637,1661.4342042658964,-305.77353,98.95311,14.209413,89.28571428571429
0.19003163,423.5290484554057,124.76042510968868,1578.0662737255382,-113.07705,88.368935,-18.728773,117.1875
0.016549073,262.71344848295854,177.16259955545814,2539.09432233022,-337.45288,58.6337,30.076847,187.5
0.017051917,116.97474188794524,47.36222175533535,2025.757855457926,-377.42578,76.65377,41.181377,170.45454545454547
0.016587658,230.42288420650596,48.7859738349939,1355.9888900661358,-376.3107,102.00412,42.416416,144.23076923076923
0.008484986,281.45371688518753,26.848025775937597,1379.1911469508636,-405.0757,106.761345,20.106945,110.29411764705884
0.010499441,270.5289209620595,35.48614478275586,1325.7548484072363,-387.04355,106.5197,36.92046,117.1875
0.028511504,388.52259146995954,57.87064082337504,1486.495472021135,-321.32123,93.76926,11.278182,93.75
0.020155683,320.0902376279617,49.90926222110208,1666.6552776910876,-355.09424,86.17281,31.191446,208.33333333333331
0.011946034,82.90841409156306,8.53069086443673,1990.1316115149723,-397.87924,82.7645,47.090736,58.59375
0.008898427,0.0,0.0,1235.836477750575,-415.0639,102.72374,54.05939,156.25
0.028057372,215.81644094821655,24.23090612873668,1842.8320681437688,-302.7847,89.29612,32.127937,117.1875
0.04557954,202.39162878869345,42.4776308653232,1297.9817057417042,-289.69012,118.86959,11.783661,170.45454545454547
0.10986467,203.9077744077038,37.50039182081081,1474.327487735757,-187.02994,114.772285,-8.711013,208.33333333333331
0.014042616,199.00076208520284,60.92505481569763,1686.7653706207952,-372.05447,89.83433,50.350925,144.23076923076923
0.014939906,359.9484643308982,18.37759238412273,1378.9369708485958,-390.53217,94.20794,31.955849,93.75
0.007772123,0.0,0.0,1300.8729578536131,-410.68625,109.492775,46.235542,110.29411764705884
0.011308911,213.82295788073125,26.94450637511971,1883.8936826347292,-393.54114,90.77816,58.75031,117.1875
0.10917311,424.54910744881886,17.39197119522927,1622.4136393888512,-170.80219,87.04094,-22.513142,110.29411764705884
0.08353534,325.9021815503488,79.62303447402039,2144.8512901644253,-206.94835,76.802986,22.86041,187.5
0.015301025,288.5844043850751,38.747629328124816,1457.9490341035546,-360.24057,99.60103,8.389407,104.16666666666669
0.005950459,94.7737656625718,13.379441117954984,1092.3068519793069,-458.98654,119.89301,49.868114,89.28571428571429
0.006093457,98.18182360575533,12.350298658422924,1390.526062880287,-442.88803,104.407845,49.83685,125.0
0.017930888,249.93565098440283,28.300536488034485,1513.1119979114471,-369.73303,108.010414,41.62307,110.29411764705884
0.016312882,276.4567506092088,18.280799324168456,1621.036625863038,-355.75876,100.32707,40.800297,110.29411764705884
0.12092744,340.8501718999973,60.83257354742676,1841.0476847080288,-158.0341,80.85884,0.60841894,125.0
0.012546931,280.74013872416884,87.37431491295602,1389.0843727522106,-397.65805,104.14839,51.276894,98.6842105263158
0.13515843,466.3046072942629,30.145429977416697,2661.9889004667107,-135.99863,46.794685,10.710622,85.22727272727273
0.05472415,328.079666838327,130.09916050700232,1510.0074969772538,-256.96567,104.00259,-5.235553,133.92857142857142
0.12838882,456.23885314201306,73.83440590743069,1946.184652799216,-168.5876,67.84463,-2.7911973,81.52173913043478
0.016290458,0.0,0.0,1313.65871715831,-345.30722,112.652245,31.045202,144.23076923076923
0.11742805,421.3446561644362,22.67859243995021,2137.8771766524724,-148.80971,46.782185,-25.096949,104.16666666666669
0.011264613,296.84054897286825,16.639786441738263,1350.0234737983917,-410.1134,97.43211,52.77433,110.29411764705884
0.008325888,0.0,0.0,1372.4522470936963,-394.74838,112.168755,41.88623,133.92857142857142
0.01153049,194.4867715946056,23.250897789385604,1222.300823706793,-374.04813,115.80826,32.32296,117.1875
0.07723318,416.7832574844016,90.18033008041712,1808.7301366649767,-211.3254,79.27371,7.4294405,156.25
0.00773608,264.65834187988594,32.93927896920646,1314.5883120761216,-417.72415,100.43291,48.02207,98.6842105263158
0.011879433,0.0,0.0,1307.9298582135411,-381.21014,112.03335,35.789375,170.45454545454547
0.104463354,427.8663006607492,38.99828740519519,1909.827012495091,-156.06314,67.12056,-17.091331,104.16666666666669
0.011986067,168.0721611788759,14.644304670303017,1212.6446124315587,-386.3225,111.79989,37.047348,156.25
0.006809567,145.5167841594326,8.549209018194823,1316.3580018081868,-424.52814,107.423515,50.671864,125.0
0.024636958,312.35262255507683,36.74515231940549,1444.0974185362604,-349.4962,99.41707,28.678751,144.23076923076923
0.0070962943,0.0,0.0,1248.923861523276,-396.14288,119.959145,38.110985,144.23076923076923
0.083869204,493.9012612953823,97.65841204215924,2785.8258690385587,-185.81924,34.850895,-9.453748,133.92857142857142
0.008552365,288.7530206620956,25.52729534532734,1512.9565970240574,-394.7978,97.518425,19.404255,133.92857142857142
0.012430179,261.0661401163052,46.02303576511464,1279.1851964463915,-402.03726,106.05738,52.327972,133.92857142857142
0.011980444,0.0,0.0,1327.0165781119167,-384.2354,106.50128,46.096928,89.28571428571429
0.014648165,138.45549737010538,5.074835531667469,1161.6116589069543,-371.2567,121.48811,35.16236,104.16666666666669
0.11149377,342.83548683632915,45.81113398434806,1637.250395326673,-191.5238,96.060616,-1.8486274,208.33333333333331
0.012104625,367.0564021670027,39.15161852931946,1946.272530437413,-379.00366,79.7274,43.316956,133.92857142857142
0.006500886,0.0,0.0,1274.956162127455,-414.75574,110.100624,46.699074,89.28571428571429
0.015196989,350.67132558967097,102.29605273449964,1427.4647687157835,-393.6864,100.05691,37.511803,104.16666666666669
0.021047203,171.4235079569026,40.113620817849664,1989.651249759666,-353.94415,86.048676,49.836178,62.5
0.019819375,170.42386723825646,43.86989940266412,1448.6205445633836,-354.90497,102.335594,34.4082,156.25
0.013248362,0.0,0.0,1552.051283712348,-359.55188,95.03994,30.702616,144.23076923076923
0.035400733,345.4832081926354,54.94680540262207,1469.492142588755,-306.65598,107.40254,16.30371,156.25
0.012701749,180.8477604056525,22.022086500953524,1766.2718314963606,-379.5531,91.6695,50.18142,234.375
0.04401919,395.6960470952513,91.85257587814536,1370.5874582665183,-295.312,101.810074,18.94711,104.16666666666669
0.0062944307,0.0,0.0,1358.459244562633,-419.47906,106.5189,50.234756,110.29411764705884
0.009347503,308.85089831850723,34.9620065076721,1270.3866615758682,-414.8678,106.589806,54.99666,125.0
0.013557155,244.5963636404937,28.122514237802616,1464.3869844710125,-395.02765,99.74922,43.65234,208.33333333333331
0.008573667,0.0,0.0,1409.2357408832477,-403.07764,108.192474,49.379616,125.0
0.108684555,427.7268932916709,49.91611442425213,1488.2866517363727,-225.1028,88.39693,10.831815,125.0
0.01155237,233.31800240300623,31.146086283941266,1169.0578476060705,-393.71735,112.13193,37.937748,170.45454545454547
0.012331891,220.03808013138655,97.88633525655564,1758.4153139330947,-374.53128,83.721245,31.415955,170.45454545454547
0.010625979,261.9578012532341,53.98961026174457,1295.5742543612755,-400.53784,109.52409,37.416195,133.92857142857142
0.027598394,270.4272305185646,64.53269681223904,1360.757783476523,-352.4578,104.975426,49.849636,85.22727272727273
0.016330315,132.22116574753645,9.05856022568114,1194.134813536368,-379.62988,117.08883,48.29046,156.25
0.0154848965,372.1585329224236,66.4326620539226,1192.0614073143015,-373.4932,113.86717,36.764973,125.0
0.008004234,150.18838039208322,15.74992896385212,1223.4506944684913,-411.4932,116.20338,51.1047,133.92857142857142
0.010425395,230.45508234660605,21.66708150273594,1300.3594897162466,-387.63895,111.61558,44.679604,208.33333333333331
0.03276124,455.7910445841876,182.133122323152,1637.5801797794206,-301.33884,93.09621,20.456863,170.45454545454547
0.052592486,175.2976130374929,23.080357094139547,1140.6642365329055,-295.6162,118.59227,19.9525,93.75
0.010463353,0.0,0.0,1711.420989456122,-379.08243,87.212,50.176785,170.45454545454547
0.0400959,281.8453865672937,82.43037119855094,1695.9472977550158,-309.9204,98.22823,34.167892,125.0
0.029158337,455.9548434047687,91.64949403617818,1509.8424955192093,-338.5819,101.950386,29.922552,170.45454545454547
0.011585299,207.84057008389365,87.59506348713234,1788.313112634138,-393.18124,94.35329,45.251865,117.1875
0.045251217,276.2530919301424,75.1827871596694,1950.4489930832128,-287.99847,85.518234,31.571856,93.75
0.041742206,357.6767758288734,151.94333410246432,1589.3934743830832,-296.83344,83.47868,16.789005,133.92857142857142
0.028524853,85.2941686576584,13.33865401640266,1331.9290231992102,-343.22845,113.75424,40.665874,144.23076923076923
0.01310013,202.36624201795476,42.90961707779251,1301.2399614376127,-377.2881,111.11,35.67015,144.23076923076923
0.03522468,480.4574034433287,132.18828927319706,1990.785349647296,-306.61664,78.62374,32.297085,125.0
0.012480102,235.619310654266,52.94948460680467,1375.8069479677115,-378.17728,102.924446,34.414692,125.0
0.017773524,180.2695151053333,23.1214229068162,1477.517337345688,-356.5767,103.38873,42.062504,208.33333333333331
0.013366262,192.3191331608437,1.5497966790424236,1463.206423217564,-382.2391,99.495834,42.82018,234.375
0.006637892,0.0,0.0,1339.2488228680213,-410.8068,108.63399,43.974567,110.29411764705884
0.010032166,224.5089837682379,89.35974073797809,1301.9615803235636,-425.63095,106.988365,49.684566,133.92857142857142
0.016613144,168.2220881365473,16.215821401849407,1270.041709381166,-369.16263,109.78773,39.770252,170.45454545454547
0.016484255,154.36081005103622,16.004264534163198,1343.6192943741746,-386.5198,103.06252,46.777233,133.92857142857142
0.035918955,345.66888707491137,54.06920909637927,1457.6335946464474,-302.98282,106.27583,15.765888,170.45454545454547
0.020723946,308.7692665114568,84.55335423802929,1275.607601330482,-360.3136,118.18288,29.807556,125.0
0.016899748,247.7687391373928,61.85429665628259,2010.2948174404796,-356.63608,81.4298,51.78994,78.125
0.02236772,216.5149629092083,79.8567858087863,1161.4509484846371,-360.36365,113.478714,33.49081,187.5
0.011821594,213.5916790719214,83.35025481327881,1264.9630813983138,-384.5909,107.058914,38.80446,156.25
0.31674615,547.038150604532,52.4215434489623,2106.3354384377303,-58.51334,40.294296,-33.601463,156.25
0.019753622,236.8465368391493,37.7113106821177,1365.9763321747173,-370.11743,113.651955,47.98068,156.25
0.009813823,353.2079995986902,121.74942179292744,2010.194675421582,-389.16986,77.430115,52.79954,62.5
0.016042294,0.0,0.0,1217.0350362691856,-375.7021,111.684265,38.165794,85.22727272727273
0.0075779427,0.0,0.0,1454.622487068814,-426.08615,96.36019,44.017563,89.28571428571429
0.009455125,294.26443468390323,51.98850644309947,1421.9121341261716,-401.65393,105.34779,42.627953,144.23076923076923
0.020553239,247.46673852506396,90.35107135994238,1284.3368103063606,-368.4171,106.066986,30.317833,187.5
0.020781709,311.73680147219227,38.370622645130894,1179.6510508833082,-354.9885,114.49369,20.332848,144.23076923076923
0.013929023,261.8955891796724,32.14369149870519,1270.7737102879555,-378.05396,110.738335,33.355816,133.92857142857142
0.019731985,241.47379640850517,34.224063942568264,1176.846800120921,-365.7694,114.1622,32.17622,104.16666666666669
0.17812835,326.8303461038842,39.85854170861145,1813.4035621981932,-125.76502,72.49835,-6.793157,110.29411764705884
0.016026065,191.98592089238517,35.77097570199358,1158.0107046987175,-388.72137,115.791145,36.72815,81.52173913043478
0.024931699,197.84319197397204,41.27122021982531,1160.6424915808038,-362.09763,114.70981,35.02995,133.92857142857142
0.01610224,246.67059085217397,22.43169551132976,1111.2693973307348,-384.75204,120.72324,31.823786,133.92857142857142
0.010742486,267.4238222418721,22.741606303906664,1287.5342282577692,-385.2368,109.748344,38.6374,133.92857142857142
0.013356648,87.87924644402321,8.47397300712141,2120.335936251809,-385.8487,78.244156,42.007874,125.0
0.0066660554,218.76891897407137,55.22082383699489,1394.7929754560555,-423.55994,103.9161,51.30538,117.1875
0.20238736,349.92904938176895,21.16806596123876,1476.189462549854,-144.88098,92.11652,21.967276,208.33333333333331
0.020760203,360.8543429972517,52.18517313009997,1867.0212208051937,-345.53015,87.29063,26.503435,133.92857142857142
0.14950168,303.6760925834431,67.4320319880641,1677.0804562688918,-147.66354,90.1029,5.467928,104.16666666666669
0.0551079,388.7700021911563,80.02164195841793,1581.284255176135,-302.96402,88.723335,33.16182,170.45454545454547
0.018396191,170.74639937291295,25.50870927425253,1143.3563164406005,-370.41904,118.00963,44.940872,133.92857142857142
0.008881438,282.588126327678,28.42784667658093,1402.948704994809,-402.07324,100.156715,39.266228,156.25
0.1142183,407.3902058968165,49.27873423045501,1997.118740830768,-165.44202,69.024734,-6.6918364,89.28571428571429
0.011457503,286.34223201844424,39.539049733595874,1310.60638250376,-385.89084,115.99248,43.78286,156.25
0.0063290824,0.0,0.0,1255.4592197031272,-409.36346,117.29096,42.604954,75.0
0.009595054,235.79797204135892,65.95261149129246,1236.7579589453128,-399.35834,110.75388,45.557976,170.45454545454547
0.03673938,433.3450779101204,74.57693989228154,1308.3554960106187,-338.66074,113.36248,25.13512,144.23076923076923
0.009963065,131.9533857970672,24.73377165044442,1205.346873103702,-395.30017,113.35017,43.339607,133.92857142857142
0.02572501,322.5813556201046,42.166204338697135,1425.431139934923,-354.34494,102.74723,38.225075,170.45454545454547
0.026656982,231.8598342101463,7.506072646317891,1538.5389608709274,-336.24167,99.15346,30.184973,125.0
0.010376591,131.43586422478856,10.412841491004238,1260.9972709882138,-408.00626,111.7672,48.39826,125.0
0.02257573,314.994738634438,93.33334490182484,1478.7311337120557,-331.8525,106.4326,31.125105,125.0
0.08209306,522.1542284088592,65.50498654271597,1978.8765180812704,-187.56636,66.412346,-7.919204,125.0
0.011454775,242.50748323185084,65.12450018193967,1449.6813879404,-389.24335,99.318,46.523457,170.45454545454547
0.014599949,319.9415099023521,86.70436885486393,1768.6306817423442,-343.02325,83.14557,17.214737,117.1875
0.06787693,230.41200762717028,30.809508180926137,1480.9383062065758,-238.02504,100.2327,17.502247,208.33333333333331
0.011394454,183.31546304543545,4.132709525135603,1490.8979616413576,-388.8451,100.68709,54.038715,170.45454545454547
0.011406195,0.0,0.0,1677.055997838411,-387.6486,91.19575,43.38068,117.1875
0.009626241,162.91703237313965,121.39780574652798,2117.641823411828,-393.715,76.72033,44.343708,133.92857142857142
0.040039502,0.0,0.0,1466.6565282290808,-280.10187,120.42857,19.84517,125.0
0.016601302,213.523735448036,27.07239638867819,1381.0148637157515,-383.034,101.67005,40.862522,133.92857142857142
0.079316854,357.8420544282358,35.99456185229146,1662.6894594710918,-225.95917,90.78543,20.423218,144.23076923076923
0.0076504042,0.0,0.0,1123.1273997686071,-406.90677,119.10978,41.765198,81.52173913043478
0.08460325,248.35305426700995,8.275509835180385,1933.578293830768,-171.16228,77.55087,-7.23216,144.23076923076923
0.1387957,476.99181527241694,46.63498381939685,1845.71522788249,-136.60013,66.36257,-22.559834,144.23076923076923
0.009092163,188.2670468475437,82.65448785350962,1243.8048432803964,-435.0436,106.15669,44.90834,125.0
0.02699911,160.58630739416608,19.208183194518583,1257.5863706961904,-342.10333,116.09116,44.72815,208.33333333333331
0.005629387,84.72263444111347,8.339415592436339,1524.5270453973185,-448.79636,96.85975,53.592056,234.375
0.1124988,304.8245733577431,55.11174559096435,1882.1563337524267,-161.72337,70.084076,-5.3916726,117.1875
0.011634114,1819.8220840661068,18.44786228921523,2006.3081214092097,-381.57822,91.34401,37.13888,104.16666666666669
0.008726431,0.0,0.0,1587.5297475735292,-384.91644,91.28912,39.904377,144.23076923076923
0.009545223,275.7130707674056,57.33601812957353,1661.4682256234626,-401.26273,90.56406,55.66286,187.5
0.015889289,356.5119443170207,52.81729878959891,1295.95780944352,-375.2938,112.71273,45.24152,170.45454545454547
0.011801034,293.0361082774854,21.49948676173844,1395.2654511431788,-389.96063,105.96173,38.17331,144.23076923076923
0.013184105,187.48813855324892,62.21628578098907,1186.674286457183,-377.0408,118.457924,30.021803,133.92857142857142
0.019872075,0.0,0.0,1270.604096319256,-362.00592,120.83258,40.698875,187.5
0.01843468,0.0,0.0,1290.1350409833628,-365.55774,113.74719,40.11741,144.23076923076923
0.01086783,77.37730604650572,1.1861870878431042,1349.4398825495462,-392.28427,104.72913,47.393543,89.28571428571429
0.010368508,228.6350342643813,90.36909171517529,1380.8199112876125,-382.04846,111.98726,32.98178,156.25
0.026136784,276.1509964013342,83.3258088114621,1608.281852537501,-300.99738,96.642975,14.237904,125.0
0.03646168,319.98591185288564,30.706755663404252,1364.4737403266197,-314.50888,101.18947,23.098375,104.16666666666669
0.028423859,259.02553346249726,36.84427909545157,1531.865472967012,-316.97162,97.33925,20.417435,117.1875
0.0154551435,202.8203662790412,68.99781145482436,1319.4023631081093,-374.0274,112.791504,42.57605,133.92857142857142
0.013260629,148.55260023003632,20.125901098847788,1323.1757550871175,-371.0688,107.54984,36.29678,156.25
0.013075267,197.44866554422737,24.157683277766523,1385.900282688524,-371.85693,114.11863,43.72276,234.375
0.006259073,151.16702504640585,6.273326214611882,1364.7592765660502,-402.25717,106.49417,34.657993,170.45454545454547
0.16549262,314.4783654665288,29.9414544522734,1635.8831339843912,-161.72571,84.62892,18.919598,125.0
0.022462195,193.49084657905084,12.86093799952998,1354.113955899268,-335.23508,101.93488,24.506811,156.25
0.008852175,281.6193234097768,21.272580808040654,1188.4799589627503,-419.35266,113.382454,50.827305,133.92857142857142
0.006999335,0.0,0.0,1201.8391588893423,-419.00275,109.59674,46.69814,117.1875
0.036584284,168.9597726623342,5.06943534611339,949.8586597912494,-331.10394,137.44638,41.246822,78.125
0.011617667,168.82134030000148,86.79041900116803,2190.5169109478634,-386.951,71.645294,46.28866,156.25
0.008916416,91.71478509039083,10.727888283422065,2004.97775539741,-395.2527,72.20909,44.33938,104.16666666666669
0.0077126306,179.2828846270292,16.02878919139929,1295.89962440909,-413.42987,108.93342,52.919006,117.1875
0.019467914,377.2002044526015,135.25709274016387,1385.296987726833,-342.11008,108.384415,31.247667,144.23076923076923
0.008116673,233.99066399986924,66.78230212849923,1215.2186312639112,-418.75977,107.290565,51.92076,78.125
0.02583232,164.97374733252215,24.54501661179752,1176.1095718765716,-343.5432,118.89271,25.715296,133.92857142857142
0.019241273,178.10743534760502,23.02244537735472,1369.058356225142,-346.7929,111.6077,25.12952,117.1875
0.023722883,0.0,0.0,1440.0857578528598,-330.33365,112.52365,24.328691,104.16666666666669
0.022606993,180.04183214814609,3.179680670023851,1349.6614529177475,-346.87283,105.04396,31.456072,125.0
0.029148282,160.28787344704128,58.86982068295618,1784.682353738959,-334.1019,84.00321,33.55109,156.25
0.009255714,0.0,0.0,1281.6400288970556,-394.6425,111.375565,44.601143,125.0
0.08916224,258.5458489192603,38.07078500761053,2244.847942006838,-192.61147,81.518135,10.026649,125.0
0.0094508445,246.5943241369249,104.54218164619662,1219.56515534325,-411.68665,110.61327,46.96102,170.45454545454547
0.006385671,0.0,0.0,1345.101555715752,-449.05792,94.717,55.661545,89.28571428571429
0.06937507,519.1754392053118,252.48660201782445,1683.7037697784033,-242.62961,82.99327,20.785065,170.45454545454547
0.02496406,523.238489449665,73.23899978076665,1622.8846008110108,-362.42758,85.95227,43.82811,133.92857142857142
0.009784978,125.65053818412083,2.3044213505637687,1445.4996314510304,-388.01184,108.11199,47.463108,125.0
0.013720691,180.2112952770576,26.93148311756669,1196.39433594918,-386.2474,116.86899,38.169613,110.29411764705884
0.015657442,225.6190931981595,86.94421457114812,1851.2471614791152,-370.4879,90.63811,38.969696,156.25
0.0078432625,0.0,0.0,1837.10571235674,-393.03998,91.124535,52.99948,144.23076923076923
0.01420883,228.9737696603076,17.86334130249892,1540.4518757299325,-374.51663,99.89271,45.47573,110.29411764705884
0.0066505815,126.2546716623968,73.50700997818033,1438.2948637455258,-437.36984,104.237305,38.420944,81.52173913043478
0.013099808,0.0,0.0,1251.8719535063212,-388.5458,113.11621,40.743065,144.23076923076923
0.01584745,149.13924512603455,36.39146564263245,1228.3617790314115,-356.09592,117.47413,32.847645,156.25
0.016080502,280.43865791620493,203.0021561857715,1523.6650957314346,-401.41888,87.02684,34.80717,187.5
0.015756985,177.9165875747637,31.53697975042189,1210.3143336057608,-373.25012,119.39053,34.558388,104.16666666666669
0.0072121867,250.65253285520308,61.39746922454732,1322.9756446948163,-415.85367,106.99467,49.86742,125.0
0.0073437546,201.90044626371028,65.39968196750227,1289.4533110113127,-413.68387,109.542854,49.27554,170.45454545454547
0.011245576,169.76527548876027,24.246897866718918,1699.6493381731098,-370.98776,88.295586,43.21786,85.22727272727273
0.18960108,315.74474838802865,28.31994812781925,1657.470613394488,-105.17737,87.86917,-17.356558,208.33333333333331
0.02904613,309.4566405187771,51.4555365387828,1240.1363337184812,-340.6402,120.12909,28.272514,144.23076923076923
0.010702166,277.8383768764472,29.149131317465645,1133.4138584389204,-412.26004,111.543015,52.755714,125.0
0.038591865,149.13562920116664,13.919973199002891,1114.038871276584,-332.80573,127.2479,23.256123,170.45454545454547
0.0068028355,84.1915529912125,9.513550866729592,1165.045409174461,-457.62848,113.99191,55.840405,187.5
0.111944914,245.12858320995892,26.579068955963663,2077.493513440804,-140.58847,76.50813,1.8337332,133.92857142857142
0.14102288,439.3495814712668,79.33471724646749,2299.277486560245,-132.9941,40.307858,-10.753789,170.45454545454547
0.016913787,250.02998440097048,45.90520219079027,1525.0208571480246,-351.9594,93.10602,29.046652,125.0
0.067887284,565.5874182699775,38.41050699918559,2001.868821460405,-197.81194,73.46387,-24.642973,93.75
0.021605145,228.5978009538616,53.11940630284418,1318.5543355111206,-349.7694,106.2612,31.526043,125.0
0.01865863,0.0,0.0,1232.0344303578074,-359.8042,114.03249,28.38505,98.6842105263158
0.020692293,192.5661407325611,31.794273862877365,1307.3800245023078,-352.29138,110.175156,27.458677,170.45454545454547
0.008530471,260.43165351783074,53.10906448660402,1243.1243682415457,-419.58267,106.89165,47.333694,64.65517241379311
0.015957473,306.3627910409571,6.83114126452883,1490.6512896406557,-386.4509,92.822685,37.61707,72.11538461538461
0.03668312,396.3765660048303,87.85849940729017,1648.0085640391048,-321.80887,97.1832,38.47499,133.92857142857142
0.014249394,152.50616702651143,5.980629421828247,1245.4766039138915,-373.65323,111.66,37.413227,144.23076923076923
0.016360017,325.9914990568507,40.465722842992456,1638.7299566521208,-357.69778,98.832275,38.840805,133.92857142857142
0.012478792,110.6349239894774,4.930602329906196,983.4683920406231,-413.072,120.14509,43.5513,156.25
0.0064567016,87.10424757919625,9.18120204104107,2131.1194842395694,-422.62857,79.277306,50.732975,117.1875
0.0669311,422.24426701175565,101.7863761208082,1420.5985640145586,-269.9469,106.202354,1.4242778,144.23076923076923
0.020332096,143.91620813740687,53.65717726832858,1931.6539677919973,-344.73047,78.67408,31.5386,93.75
0.02161975,259.0591975441519,37.35458118545086,1120.1094593095395,-382.0752,119.0971,42.666195,133.92857142857142
0.027478753,322.79920731870646,110.30811041006704,1366.6357188078316,-345.46268,114.11626,27.119217,93.75
0.19359565,348.645700306506,47.87464941525569,1674.6147833176717,-123.038155,94.122505,-24.986982,125.0
0.016544256,304.92623884872705,57.5603506657647,1300.9884104801963,-363.6109,109.843216,34.003605,78.125
0.013921646,0.0,0.0,1491.5107296099209,-374.05798,100.50291,11.756449,117.1875
0.0066472464,82.97954454202153,5.322505004989763,1534.3440117256102,-439.3218,96.675835,51.06145,187.5
0.005887413,94.43067683457694,11.01189630744443,1677.8514650524492,-423.00766,89.8933,36.98695,104.16666666666669
0.017829016,145.7109349789648,24.18083482876496,1384.684110491298,-348.75476,116.65964,37.894608,125.0
0.025889214,149.95609713807238,52.05915413241427,1344.8794482225978,-359.29712,105.615715,23.78484,234.375
0.115181044,429.77707964955925,69.16927629607243,1685.1711806447638,-190.91573,87.83143,-10.95894,104.16666666666669
0.033351578,271.4451929029017,107.61775109415166,1273.2187187288614,-315.89868,117.84503,1.748249,133.92857142857142
0.0069405613,170.12278110967074,17.720137782162052,1276.14218035258,-411.7947,112.08628,47.029934,98.6842105263158
0.008616789,133.75923690925745,28.88262934281499,1451.8371001781377,-394.24728,105.98461,20.877146,156.25
0.006570301,0.0,0.0,1294.0224823212425,-425.38156,101.51406,52.4092,156.25
0.07302862,387.5000753571713,70.4232091156109,1488.9145070310954,-246.05731,94.31884,20.792717,81.52173913043478
0.011964149,186.82971297933585,3.9859570800357584,1595.801340359317,-369.9953,97.53013,40.25352,187.5
0.07964764,394.7432689425562,59.94313449032115,2026.2002261411449,-214.95515,92.173874,-5.847183,170.45454545454547
0.09178924,577.8140212060315,228.52082358470045,1628.7069870365754,-247.58403,84.435234,0.9427287,234.375
0.034470726,249.48658867754023,82.92640634487246,1697.9183825032212,-297.77026,90.47383,20.733612,125.0
0.049639393,310.5999138294134,40.68522059424314,1192.4143704269286,-306.04633,124.55001,22.721827,187.5
0.119105905,286.4089136128504,27.33540686007371,1888.901916175628,-181.471,95.58324,14.306977,170.45454545454547
0.026020939,155.50067765347077,19.42941662269741,1047.261984101827,-356.0199,131.5177,37.829758,117.1875
0.008311845,0.0,0.0,1194.3519907601358,-400.20178,118.11684,41.704475,81.52173913043478
0.014432614,194.59225199072284,6.213663927425303,1368.7817918023802,-374.10413,107.986404,37.731865,187.5
0.018302515,170.07848046181493,11.685790679366528,1151.7899576979753,-365.89084,119.181496,32.42832,85.22727272727273
0.015766006,282.10080762491174,59.10689836152354,1667.6738230113342,-364.35516,103.72807,41.150814,133.92857142857142
0.0060338043,113.25872329427628,18.134287993737008,1125.607586660352,-456.16623,115.51681,40.244648,187.5
0.013464754,364.0932457091407,45.77341847662254,1523.6329658913116,-356.68875,100.27698,25.719936,89.28571428571429
0.016438462,0.0,0.0,1312.6832897279378,-378.17044,114.18825,43.764034,110.29411764705884
0.00822708,0.0,0.0,1299.6630446409613,-396.16504,111.10917,50.69438,85.22727272727273
0.0064065927,85.85386865785277,7.290222698257955,1649.76052156533,-415.3321,92.70219,38.030025,156.25
0.030730855,213.3528341952601,23.047225693242773,1513.035386638842,-310.41867,97.449326,20.827871,117.1875
0.01703864,178.56219851475737,25.780899692913543,1424.658266268902,-359.23257,113.8832,45.756573,104.16666666666669
0.009524173,82.80948241318625,7.084698411940888,2014.9292101670817,-398.07626,80.661,46.223625,156.25
0.01165361,235.2234393658448,24.00225845550204,1281.3691088066007,-401.96826,109.412155,33.424564,144.23076923076923
0.015895775,173.86485628555218,15.783410916741827,1436.044439044402,-362.44086,101.26316,39.136738,144.23076923076923
0.0077578505,182.71512610953204,50.903061420002814,1392.8632467035109,-392.64862,105.51767,32.433655,133.92857142857142
0.048085,351.28099542084954,55.16635886328567,2284.2761638405404,-225.14381,59.46058,-0.26770663,117.1875
0.009088457,254.339900632087,64.85389507671984,1288.7088281717126,-390.14142,109.98125,41.962513,156.25
0.010915163,108.02814344221932,18.420111775338228,1072.707495437005,-424.09482,119.0074,41.48107,133.92857142857142
0.0057281237,86.43002845919058,7.710048090230958,2311.752222533278,-423.9399,64.147,49.90305,110.29411764705884
0.02545175,215.23488453979297,75.35432237745907,1748.8789384325798,-327.30734,84.82369,16.479982,93.75
0.021465344,184.02582638961783,11.370886140103451,1347.06873353897,-354.18158,114.76145,29.720327,104.16666666666669
0.11865093,227.57300129793492,53.52651150718631,1177.2097754291383,-222.15642,113.98967,32.65066,208.33333333333331
0.06431411,454.562611770452,112.35191147958126,1864.6789301313397,-198.59804,75.04787,-25.4812,117.1875
0.020340374,307.55675385046857,17.866863584116594,1242.7052613803037,-359.36053,112.73806,30.512226,187.5
0.025961783,331.9818603292952,104.28988538061492,1531.042155260921,-336.6593,97.41276,38.53991,85.22727272727273
0.020155579,179.11861404042872,90.63838710173655,1802.320223562545,-360.8307,85.41614,22.7093,156.25
0.011008299,153.914590829288,57.28379598197607,1158.1337445045597,-389.76782,120.405556,42.26957,89.28571428571429
0.00906773,367.8187397505248,33.44393357415525,1371.883123931509,-411.82172,100.53608,44.612675,110.29411764705884
0.0072160275,0.0,0.0,1192.5660042235422,-428.19507,108.713066,54.1074,85.22727272727273
0.016960718,180.01679066553265,24.219433524484455,1320.265335445573,-361.19244,111.955826,42.0233,170.45454545454547
0.034535877,268.69447576786695,61.454816041278846,1634.8807618536737,-303.48703,103.889534,16.193768,187.5
0.11708195,327.18286687924353,52.03597665314116,1762.5104565395145,-166.51689,84.27432,-9.135876,133.92857142857142
0.04482432,278.09515170899925,58.21153085702729,1588.5814218762666,-292.44366,101.2275,22.220148,156.25
0.019934274,380.84848731869016,45.963401446047214,1980.7769696184864,-365.23944,86.82292,45.012894,89.28571428571429
0.009087253,140.89447811127172,8.504949939700461,1384.7121452962056,-389.96057,110.12422,44.906223,110.29411764705884
0.008425192,0.0,0.0,1769.2634843729102,-392.53772,86.00301,56.24298,117.1875
0.113118604,535.6758379392022,103.19080085748426,1533.152772453389,-200.95981,82.27277,-10.513852,144.23076923076923
0.009282646,126.05051259815257,9.845846216097032,1316.3409905508947,-400.81537,105.13814,46.372375,110.29411764705884
0.02315013,203.94317931266244,30.95407884217175,1465.922536659297,-349.11234,99.778885,42.01184,234.375
0.040767543,252.47894685723563,51.39759208196314,1295.6738249835105,-303.00043,104.478874,23.062103,133.92857142857142
0.008198403,269.31532087924023,26.54993099257859,1227.2977677419049,-422.8734,107.3473,52.604267,187.5
0.010788092,262.9876361858507,54.62641143045547,1278.3560457750557,-384.96265,114.04603,35.75453,208.33333333333331
0.015609799,254.66391198566123,52.96331884755886,1124.7733247551832,-378.64322,119.30867,36.82358,89.28571428571429
0.0109053245,249.84746487110476,31.85468278475833,1315.7629363456276,-397.4109,100.803635,46.110302,81.52173913043478
0.020342475,153.48395264154334,16.04908407129201,1183.7095888961037,-346.26813,120.3376,30.685087,170.45454545454547
0.02950987,213.92533430078447,74.15932049005322,1438.836154298144,-333.452,111.20404,35.313213,117.1875
0.030746823,269.7742425926265,88.90899457537013,1461.303441620367,-312.38434,102.05257,20.062418,78.125
0.02087155,357.26435804124765,70.62791001699557,1518.7640492550786,-344.1965,102.43835,38.66102,187.5
0.019893363,158.2671124520926,17.612561987894654,1279.6310305794243,-365.97272,114.80622,44.863384,170.45454545454547
0.16029046,328.9527889391705,37.390040017514586,1228.5643644869228,-161.05106,125.62446,-28.60788,170.45454545454547
0.038668998,0.0,0.0,2337.97007097876,-263.69727,72.791504,29.371973,234.375
0.15472832,0.0,0.0,1325.7147297763822,-168.02695,131.96529,-22.345015,117.1875
0.016056309,212.5804883063555,85.2255179860028,1521.8742258543475,-389.22266,98.635216,32.956264,170.45454545454547
0.0142044285,288.48285552550755,26.07941731666485,1478.7045496650926,-365.98596,106.025696,31.268244,156.25
0.008833575,312.4584475528811,19.64687257090559,1297.1103959267084,-405.04913,104.55892,43.963696,144.23076923076923
0.020236688,389.47715977275584,31.336914857102126,1869.5240091377573,-330.43256,88.18907,26.72018,156.25
0.014732389,196.11435520077092,30.325029391397383,1302.469144617488,-348.0743,112.77181,26.37032,144.23076923076923
0.032092527,320.2702430786473,76.724773840226,1478.3045461282493,-318.44064,103.2017,8.6195755,104.16666666666669
0.0069049,94.89821968903496,26.82766023142079,1598.0483257770643,-425.17416,91.59056,48.903793,133.92857142857142
0.047611956,480.9231795864199,50.54595989248052,1760.279980353126,-304.88593,83.6892,29.999704,234.375
0.078302845,493.82313381638727,140.72937976597615,1830.4457565404043,-206.76865,84.16099,-20.09756,110.29411764705884
0.004585486,95.5190333793924,7.819309743281401,1447.0537172081806,-479.466,97.96744,52.113613,104.16666666666669
0.013628483,246.89254079964687,34.07578539916047,1100.332675947252,-389.55405,116.05151,37.774223,125.0
0.009407644,242.5310056256696,32.363174054369594,1487.3687321884895,-394.20837,103.220314,45.58734,187.5
0.015818203,217.9837357382447,3.4061721742282645,1512.0386096548596,-366.96448,100.47576,40.843674,170.45454545454547
0.0057816487,99.95051136820209,40.78914984034139,1212.85531557829,-455.1388,110.595474,43.70852,208.33333333333331
0.025938444,361.2034474778955,78.22584805489011,1431.6620899299023,-329.61554,101.085175,20.818111,234.375
0.02271973,182.64343251011232,32.866813880954034,1319.217506512742,-338.57056,106.44091,27.412277,156.25
0.0063818586,126.01271981945494,75.94786202695443,1557.1019708840658,-432.5786,93.18119,38.747158,85.22727272727273
0.014112557,266.3093009758568,66.12821939385766,1901.044244763106,-368.00665,82.08688,54.3114,125.0
0.021748554,290.6242335036651,98.39541390779604,1280.9451473396246,-351.62036,109.9899,26.456041,144.23076923076923
0.11400863,242.84002180124276,45.33725008998284,1445.0526059626584,-185.78334,108.206535,-22.182888,144.23076923076923
0.022010045,0.0,0.0,1388.3582940639435,-337.21664,112.24557,27.478716,170.45454545454547
0.018017102,265.37909943369965,49.18973608362544,1355.0298214335803,-364.31464,105.87241,34.595856,144.23076923076923
0.11878913,512.2223256295136,74.1917253917795,2203.726132251507,-158.00934,43.47172,-33.197083,170.45454545454547
0.018692657,200.48048278961488,60.99032887583296,1823.058691276389,-342.4795,85.629715,19.74791,93.75
0.1573058,284.9641395659225,78.32295736618626,1553.706244744602,-148.43213,100.9943,-20.39213,104.16666666666669
0.015609651,268.4703189210738,24.48777721353889,1327.7038292415473,-366.0454,111.68012,38.43127,98.6842105263158
0.009009503,0.0,0.0,1563.4090939418827,-380.58472,106.74468,36.91368,170.45454545454547
0.2760949,385.3228916164006,23.090155492607693,2102.624266673105,-42.860104,55.479248,-22.158585,125.0
0.025083862,464.0802971888484,281.8445694438102,1325.040563873895,-345.2262,115.9009,32.317265,144.23076923076923
0.011231487,110.49094790163254,22.452912730995937,1534.7316058657805,-408.71442,100.34061,50.63553,89.28571428571429
0.010345011,158.63374449948657,16.178075934203758,1273.2701868375366,-391.05225,108.92176,41.67476,93.75
0.044795755,342.68906525387007,62.95290025424187,1858.7590400894603,-246.67738,91.089806,8.191818,125.0
0.011226838,190.0845427919864,43.78283341095592,1356.6257652370537,-374.70114,111.92155,38.460564,170.45454545454547
0.06041209,229.404195714008,71.72193815993269,1562.6904722015545,-265.98325,110.89711,9.540512,144.23076923076923
0.03268379,217.77607111990667,101.59676549500284,1542.0294084032114,-336.40927,95.77742,38.42721,133.92857142857142
0.031838518,157.8527162149163,52.01003064103117,1812.856472308514,-321.68915,83.1845,41.720066,170.45454545454547
0.012350409,120.443422175045,26.01639513914468,1395.5024496669269,-393.44653,112.27137,26.106792,78.125
0.008141518,214.60379355195747,41.67327099666671,1583.4553585389888,-407.57,95.67306,54.574646,89.28571428571429
0.09143816,370.25586711985466,66.82798517927127,1767.8657470409084,-184.11769,80.25762,-4.136472,81.52173913043478
0.011385557,316.21010161544234,25.87136771969652,1228.9415399541606,-401.3897,104.44989,41.794395,156.25
0.034966007,318.5698624106998,82.24631818044308,1691.222086541008,-318.63654,97.54063,24.78913,72.11538461538461
0.08018805,747.7419819794278,78.66849860451056,2323.077258718131,-227.5311,71.15953,-7.6072817,98.6842105263158
0.0066029956,0.0,0.0,1537.022905244108,-403.40854,99.981926,22.271229,78.125
0.013064745,273.51836267789423,43.384237905638265,1091.4167772087271,-406.00546,111.2106,50.77874,170.45454545454547
0.007287395,132.42279854438166,1.9153386828190588,1266.5795362512488,-408.6239,111.715,48.661034,110.29411764705884
0.00737289,176.1458355380048,101.47672141996128,1378.4878508427755,-423.9945,102.553665,33.254898,133.92857142857142
0.024823036,251.4552224425694,5.066532952571716,1234.984005414492,-350.57376,119.51982,35.03893,156.25
0.027864063,0.0,0.0,1339.346773978817,-327.72424,106.23997,30.273455,93.75
0.022711579,245.61723151627749,41.62389587457783,1477.0124267913134,-343.09515,110.47955,32.303944,156.25
0.021444533,0.0,0.0,1317.175466002033,-340.06586,115.82774,20.837624,98.6842105263158
0.011422241,220.4870414593332,52.06422197108253,1275.6626271179107,-380.682,110.82707,34.856834,93.75
0.022867274,0.0,0.0,1808.462516826368,-340.89792,84.50411,40.962906,93.75
0.009307694,314.94972558730217,33.04308371979114,1272.5166052744576,-404.36307,107.691376,45.994995,125.0
0.19549201,643.1820485260366,57.24845025836215,2593.4044119518408,-84.76376,17.417446,-32.907303,78.125
0.0078838235,128.50068674060427,35.08847607705633,1334.1919660790709,-431.80847,105.33477,46.82275,93.75
0.03807253,202.71675614183096,69.72204244476444,1500.7232202167977,-320.76926,102.5068,39.281235,187.5
0.02656043,264.1783482791121,42.935908572494,1623.8266391373045,-336.3335,93.71859,40.307507,125.0
0.0144517,153.38550916238927,4.004185237904896,1504.673885560601,-358.26862,102.490555,4.936635,133.92857142857142
0.021592258,0.0,0.0,2458.3230280735147,-350.61655,60.350212,37.17282,187.5
0.012520992,173.9977593377891,33.54973249311035,1311.06964730452,-382.53265,109.112144,36.530956,125.0
0.017906494,273.8768610824794,23.785919452132603,1254.8478606449062,-362.3598,115.531334,17.92248,156.25
0.025423776,159.1465350796182,7.741807738820489,1325.2295871079525,-337.35217,115.28299,25.985569,125.0
0.030207306,165.04524002812755,8.714191610991547,1253.0700188763392,-349.36578,116.530716,31.198437,89.28571428571429
0.017630516,190.7279896340681,33.658430778110066,1374.9695260445371,-353.6559,103.28674,32.971878,144.23076923076923
0.0367503,503.2072697255014,86.65901272911258,1356.5864389437838,-323.38965,100.648636,18.93127,60.483870967741936
0.010056637,158.97676582360796,62.137183678875736,1249.0921524357943,-402.3967,111.26946,48.914543,133.92857142857142
0.010472772,141.98518249095528,13.482727841757344,1231.4331723763862,-398.765,112.73026,40.624104,104.16666666666669
0.01796301,260.3031628000493,51.71585235318579,1426.2901988286503,-362.05264,100.11377,38.764698,144.23076923076923
0.016220521,160.95135880473734,15.03473755161305,1211.0560007085548,-346.10934,121.78683,24.863514,81.52173913043478
0.19801627,390.9838044708934,85.89772501760854,1591.493376580809,-118.10679,99.498955,-23.977558,125.0
0.012766157,350.16538116662514,93.17533212592107,1215.6172359286645,-396.79584,111.645905,44.02532,156.25
0.0077073313,162.93855521690577,15.614420698604874,1342.8243974531767,-397.23553,107.10143,44.03542,156.25
0.012722639,265.4303156042638,70.87659171797546,1572.2889409813854,-375.00912,111.59682,39.890656,133.92857142857142
0.0071482365,0.0,0.0,2020.361725268723,-395.6414,79.64288,59.696163,78.125
0.0053987238,0.0,0.0,1078.917483705302,-465.55212,120.86693,53.93056,170.45454545454547
0.16208726,545.4537403254766,61.066891142883925,2334.562577498427,-100.50545,42.402225,-11.6497345,144.23076923076923
0.033785444,365.8719220191212,81.09778003571793,1392.4303160546242,-319.9924,105.228264,30.034317,208.33333333333331
0.019597836,187.38151860057664,68.44907659372927,1149.1952359684142,-374.50262,112.347786,32.426525,170.45454545454547
0.011363823,239.3715403036933,55.61115397389656,1323.7447204113455,-395.75546,112.51016,43.450726,93.75
0.009991416,156.01150011867702,5.800663235036009,1278.8850103601171,-389.64545,106.10523,38.85246,85.22727272727273
0.007564766,166.08016872720563,42.85233820231822,1273.681882111155,-439.98212,106.047424,41.51131,125.0
0.02026606,192.65361062247663,73.78790065826891,1570.5289144395376,-334.43756,97.15509,11.401588,89.28571428571429
0.013702577,272.32964845537043,39.06519026388918,1382.9912640411817,-393.8894,104.45148,47.033382,156.25
0.030092029,319.30625801475145,55.74651133353469,1764.598508351099,-306.14856,95.82787,16.77687,110.29411764705884
0.007787653,300.33896148171084,37.33311479218919,1201.1600016230666,-411.90958,114.68333,46.424637,110.29411764705884
0.0177733,131.17433942849323,7.465063991360568,1127.0257835181594,-371.4075,124.34639,31.169401,125.0
0.0071031353,0.0,0.0,1377.5438065432998,-415.9196,105.25818,51.307278,144.23076923076923
0.020876804,363.3288797929797,52.95396281639821,1393.173927690532,-355.42365,106.07387,31.352869,187.5
0.013039939,0.0,0.0,1179.6397763756163,-368.01965,124.05923,37.36145,110.29411764705884
0.012242215,147.1601260918551,17.072781475607126,1142.442261140607,-392.3728,113.93226,42.249634,133.92857142857142
0.007819854,0.0,0.0,1405.2746536252655,-399.81476,107.145294,47.129505,110.29411764705884
0.09143456,445.0017194316805,126.42848498829515,1685.9126682850676,-193.23064,89.363144,-8.20802,187.5
0.050770745,516.1372792758941,84.80594254526851,1739.636354280279,-269.3152,83.03943,20.41413,125.0
0.017996894,184.5480930137539,29.144554302808164,1165.7337152097734,-359.2443,122.37351,30.185118,187.5
0.063409194,461.5227548035151,30.619991766990903,1213.5756313601612,-320.06586,95.27788,28.707134,133.92857142857142
0.014788347,176.4576909466281,29.725442316443992,1633.4315551068123,-352.473,103.89758,10.986053,133.92857142857142
0.13451764,260.0167315390411,45.74175164739636,1481.2506144496724,-145.79965,107.049324,-27.440138,133.92857142857142
0.08431145,247.48029446944295,53.19333766230113,1830.3914777820532,-206.12134,99.54263,14.382808,208.33333333333331
0.010825621,214.5422033426052,51.99114690452387,1357.3492128587964,-372.94525,109.935234,28.23895,104.16666666666669
0.019458566,242.29213481443264,51.01902790452908,1215.0396558824743,-342.07425,120.081566,28.714779,85.22727272727273
0.018499507,0.0,0.0,1247.6197085810984,-360.4797,119.66114,52.06348,208.33333333333331
0.016135938,279.0833370633162,25.29695087878314,1268.54395466482,-390.1157,103.31495,39.02109,110.29411764705884
0.04242245,376.3260987344879,28.42385452389384,1595.5127261919436,-289.52917,92.299736,6.449036,156.25
0.087736085,287.8419112607126,37.22474749454842,1869.885104437624,-187.39766,83.127914,3.275016,187.5
0.0087432545,312.20296014585733,24.47129396522731,1487.026393474797,-410.27676,100.928825,54.380775,110.29411764705884
0.010247759,319.43645748286787,26.19055513954424,1407.1885188028496,-404.57953,102.54826,47.29338,133.92857142857142
0.009406102,148.84621713510654,9.960149040049629,1224.527315977664,-395.31662,113.50993,41.99756,170.45454545454547
0.02184574,0.0,0.0,1581.9702268836468,-333.40155,97.47153,28.835249,89.28571428571429
0.035770576,206.16616427701703,23.067037717919806,1522.134947059635,-309.21286,107.8125,33.180866,104.16666666666669
0.029802587,329.8616911295621,29.214810775885145,1395.7545244120022,-341.0397,97.18854,26.358377,125.0
0.007861066,134.77385526823335,12.470911166947676,1247.8217117031816,-417.47174,106.95323,49.494125,170.45454545454547
0.034821063,204.19400814720925,56.971240648079785,1383.0802683314805,-305.02136,111.29892,17.27127,104.16666666666669
0.010604975,158.54719807976352,15.859942480321278,1452.8891278283274,-366.2349,100.05193,33.16879,98.6842105263158
0.006701319,0.0,0.0,1382.386663027636,-416.40662,104.55861,46.56495,98.6842105263158
0.02331217,99.62757023499078,7.673910101039672,1775.9798759183425,-336.61945,92.27002,27.466503,133.92857142857142
0.01471695,341.46464376198395,40.70023852915072,1359.8504489398424,-367.1052,100.97928,33.782986,117.1875
0.0128001,82.70900835903525,7.479268359290672,1931.207092857556,-361.37277,79.07825,32.598557,104.16666666666669
0.010001484,249.53080515013264,15.79402377091488,1339.1896076047278,-405.59647,102.0775,46.805202,104.16666666666669
0.01179803,144.24868287169264,9.638576168440428,1284.0452008730786,-390.61035,111.15589,42.21988,125.0
0.010910947,0.0,0.0,1444.0355551988607,-374.43555,105.01465,41.40852,144.23076923076923
0.06791821,319.96729756287704,25.165135218165204,2290.385377474855,-227.18912,60.556297,25.157173,110.29411764705884
0.017558753,178.33581740895474,17.013069132700146,1436.3463324177626,-351.47266,100.624275,25.543716,187.5
0.015743792,288.9013304151013,33.297038693858774,1421.6592997166945,-389.75616,104.182205,48.629417,144.23076923076923
0.053903736,285.1894600596207,27.46836114403049,1296.9317875972645,-291.82874,111.08616,25.860197,144.23076923076923
0.009652447,0.0,0.0,1350.949681778311,-388.91635,105.91214,38.750565,144.23076923076923
0.018243898,0.0,0.0,1229.27934850879,-350.4875,118.78589,23.882792,125.0
0.017661806,144.85052519141698,33.30020803841372,1347.1885406378472,-353.6216,109.71912,29.664202,133.92857142857142
0.018656245,159.96590593026312,17.095217176674392,1159.2953262676228,-346.1127,123.85857,27.191757,110.29411764705884
0.013958669,178.46973033859803,14.119983006639158,1094.5409465839507,-376.2898,125.12226,35.876797,187.5
0.006646317,168.4194890140272,90.79978294790692,1282.8540057684716,-454.54892,107.93988,47.41661,85.22727272727273
0.014815383,141.6175926709973,15.067173602387872,1022.1026286373144,-384.02405,131.86728,41.195705,81.52173913043478
0.042748928,395.5246637404584,22.78656309706168,1619.4141484764662,-303.8045,89.102455,-0.12730823,98.6842105263158
0.011726964,146.21500565848623,19.217326522424827,1334.0073941088588,-384.16327,106.192345,40.122646,104.16666666666669
0.0109704,0.0,0.0,1335.6269143866714,-383.3162,111.30154,47.925457,104.16666666666669
0.008096939,0.0,0.0,2098.0200315891198,-386.47476,72.85598,52.746857,75.0
0.018447772,267.1916271608824,54.54087475764108,1151.1566084084511,-369.13593,119.21288,37.984364,69.44444444444444
0.008455554,262.8406616585013,66.25052823247908,1376.586564707466,-397.98325,105.60042,17.982811,156.25
0.04698405,0.0,0.0,1433.568972716655,-296.57806,105.23372,12.578491,144.23076923076923
0.02538696,330.47986659260954,89.21260919034498,1312.266216049711,-337.57703,107.060394,26.445658,144.23076923076923
0.017386602,310.4800695215621,64.99871192856334,1274.1011175318697,-356.1151,113.30895,18.58494,170.45454545454547
0.014306703,157.21257997508243,11.06235559592103,1390.9453380146012,-362.88373,111.72565,37.16069,125.0
0.03454182,199.6869873278125,39.48234637759288,1237.5320273466057,-330.576,120.61817,28.016779,170.45454545454547
0.015155872,160.0417480795935,18.800630106595083,1627.7787549815655,-362.73325,99.52633,45.879032,144.23076923076923
0.011261137,134.7893408314207,6.248300239361773,1230.7167463071614,-373.21127,121.02205,32.408176,133.92857142857142
0.060176905,424.2211779542109,101.16174870910125,1700.9149126885018,-236.4782,83.72994,-2.441131,125.0
0.0143273845,295.8058300753643,62.44497908046406,1261.3136772541814,-382.2533,107.48312,41.20698,170.45454545454547
0.01700804,297.78187807487234,63.31939433568592,1353.968121922149,-393.00897,98.96453,40.32207,104.16666666666669
0.0057547446,84.08669805269479,7.512381894854001,1650.7843905900943,-428.27606,87.596306,39.7443,133.92857142857142
0.23822917,531.4119388492165,87.86784990346166,1830.5815414539368,-95.432465,69.32611,-29.49173,117.1875
0.045243934,345.96376232305005,30.82144357263591,1916.5403422807228,-272.34454,82.09169,15.246185,170.45454545454547
0.044892546,313.6103527085048,27.16881923391252,1370.1198124584002,-307.61768,109.72977,22.48338,98.6842105263158
0.014413296,223.88015220181617,41.909686267063655,1315.9947064309324,-357.03555,112.00072,29.940691,110.29411764705884
0.010426221,0.0,0.0,1342.5321588620652,-396.86868,104.51607,45.724247,85.22727272727273
0.011958934,81.12790894566845,3.798002934514632,1903.8390464291397,-383.05807,89.02261,29.778656,187.5
0.09538572,286.0263890249668,25.72202769734702,2089.517513396881,-174.47931,70.44305,15.324977,144.23076923076923
0.010260188,155.5597793419657,7.622942077433562,1261.3410726436327,-420.31656,109.76173,45.777184,125.0
0.027786728,256.62234845920324,27.276809541606784,1437.6179624325218,-330.54672,96.29492,33.68171,144.23076923076923
0.009731106,268.4111573977824,21.381752385305237,1375.014026464279,-397.26028,107.88372,49.20249,144.23076923076923
0.006724523,186.47616896459343,80.59188359646153,1402.4808875428016,-429.84564,98.40078,39.997814,98.6842105263158
0.056273196,485.2695945936986,141.98966058441846,1843.0672829061227,-285.24164,70.436714,22.365112,144.23076923076923
0.013962334,158.37657189221997,13.637246568971742,1203.6495088506815,-381.16974,116.766045,37.8052,144.23076923076923
0.012668866,174.62565077888522,63.39255391317318,1576.877333693231,-377.71506,95.36517,25.760452,98.6842105263158
0.009127959,257.21795600347,29.416292813407743,1507.2285450169124,-392.34003,108.52572,43.90059,117.1875
0.018095972,0.0,0.0,1279.181517709678,-361.90625,113.89151,35.567474,133.92857142857142
0.015657423,314.5399267815799,44.30052247364739,1600.340522462261,-349.21457,103.83703,35.025265,125.0
0.013340908,149.78965459806145,5.906454251012804,1478.764675794693,-375.50357,100.57231,45.612278,144.23076923076923
0.01874155,106.56985454293064,18.60319386919829,1336.6307172029933,-377.98596,110.7136,40.01003,125.0
0.0072318306,0.0,0.0,1227.7620060493932,-414.66516,112.80916,48.27504,144.23076923076923
0.014008563,229.1860584475724,58.04122360659415,1182.7975538521457,-411.85016,105.40172,46.341217,104.16666666666669
0.0137111405,173.343552041902,21.198996468735785,1525.8015924330984,-361.39777,105.75054,37.63811,144.23076923076923
0.03466461,263.7942897096033,39.94693600135278,2279.608095758575,-297.19034,69.34661,38.267166,117.1875
0.04280525,469.4118920508528,65.34197357005701,1398.5070826065232,-304.06775,99.076675,15.680048,93.75
0.022834046,244.4555748338221,68.09826989940755,1253.2857800317497,-334.32614,113.61192,26.713697,125.0
0.016172899,172.92440002948211,92.20958797511707,1813.7851808312175,-375.7284,89.7679,30.684395,133.92857142857142
0.008714165,0.0,0.0,1386.416367984383,-384.17215,102.513756,35.26563,133.92857142857142
0.009757522,81.56251504074896,2.396332143638942,1284.846237141832,-416.1813,112.938484,47.29423,78.125
0.01503881,359.562215753773,69.85170960384265,1375.3071194844565,-367.63593,104.39046,38.65807,110.29411764705884
0.04130505,346.1460728658303,23.20086947847055,1276.6182187152892,-317.39175,100.02871,15.684731,170.45454545454547
0.02786156,312.2238172008369,35.90429057604389,1401.815041486688,-346.5396,98.91638,34.9505,110.29411764705884
0.018525515,321.06507067964594,65.38270707503901,1346.6536407337046,-360.34708,107.596344,26.97641,170.45454545454547
0.12608197,363.5013352005751,49.50766536566268,1712.3943420354683,-176.09111,105.58008,-8.997917,104.16666666666669
0.013599022,411.16107112409793,90.19320860346107,1442.5080438839414,-374.2647,104.10356,41.957184,125.0
0.076505765,598.4939245634733,53.53489788741818,1575.1420714396943,-242.86023,82.423874,-7.882051,117.1875
0.017246878,226.70713214790104,64.03294295095395,1249.57804500418,-369.4088,109.58138,38.267673,170.45454545454547
0.014886396,152.9082896541599,6.408412074531087,1426.914173422706,-380.4727,107.77481,46.82807,93.75
0.154438,275.86308340893675,37.28329787316751,2184.414471293028,-119.514946,76.19339,-10.882331,144.23076923076923
0.035980534,192.7401480744053,33.09481590233873,2060.4716175132558,-293.9719,73.355736,37.39739,117.1875
0.016577655,233.77833315511063,35.06873518822052,1421.5064746480753,-361.06262,99.386536,30.218327,144.23076923076923
0.01463139,165.17099013802147,98.03813536871716,1253.1282258227016,-418.3479,102.109146,38.59162,81.52173913043478
0.00944482,130.74852707957018,2.537656858817232,1146.2402245136109,-400.09714,120.30171,44.36941,267.85714285714283
0.028796542,0.0,0.0,1567.7801808495692,-313.69223,98.188705,39.59301,78.125
0.03141541,180.3825585889317,11.19409844463641,1323.689806092305,-303.66388,112.9998,27.69358,156.25
0.011764045,135.52615976674977,6.938274911107569,1304.3241395424957,-385.98962,111.11092,44.910416,208.33333333333331
0.09957375,302.9974721198746,32.25731242371114,2515.11126324193,-161.2916,55.73825,6.2222395,156.25
0.010007432,76.44946318346742,0.776949607263464,1327.561217516611,-399.8571,110.57056,48.600998,170.45454545454547
0.0117438,164.22263137733776,18.39631385091027,1264.8794315478497,-385.62897,109.36162,30.795218,187.5
0.1966396,393.8766609207112,67.018625823913,1653.2151329541605,-114.60358,84.78605,-23.685305,117.1875
0.045405105,327.6792989528116,40.30423890454659,1814.459110283605,-283.77567,87.15239,25.22178,81.52173913043478
0.13180014,481.91046736351217,57.975134904548895,2152.2019058587675,-168.16461,60.593685,-0.49699944,104.16666666666669
0.018808622,251.35554484091583,113.16661300475177,1600.9657631046036,-380.91107,90.39786,36.57329,98.6842105263158
0.036473025,284.80178761837385,30.060507271637768,1350.94329460421,-347.12326,101.93511,42.64938,72.11538461538461
0.08290647,257.0356517583432,51.02865088251935,2138.4512118041657,-187.32555,78.66166,4.54608,98.6842105263158
0.06175959,237.1105097387377,63.884432429473485,3224.2449331884086,-187.00769,34.905174,16.425293,117.1875
0.016631646,282.3777325116651,98.33540843438966,1183.445885188267,-405.31873,107.625496,44.078793,93.75
0.016256634,308.54405347416383,36.24819685514274,1228.2014531052037,-375.13232,110.40268,29.296896,170.45454545454547
0.01119413,203.48563937720905,44.95521653195311,1563.0955159802431,-390.98657,96.40223,52.984314,104.16666666666669
0.10435574,342.0401293336889,33.4646693945975,1845.9051871954496,-180.10287,69.79095,5.478041,133.92857142857142
0.036618415,214.4177689844108,47.81594495887259,1205.7349765974056,-324.47986,121.87023,15.724191,117.1875
0.019775953,224.23669176541955,81.0957899834452,1704.2293379408088,-365.19424,88.86591,31.428074,170.45454545454547
