filepath,speaker_id,utterance_id,emotion,emotion_raw,intensity,dataset,language,duration,rms_mean,zcr_mean,spectral_centroid_mean,spectral_centroid_std,spectral_rolloff_mean,spectral_bandwidth_mean,spectral_contrast_mean,mfcc_1_mean,mfcc_1_std,mfcc_2_mean,mfcc_2_std,mfcc_3_mean,mfcc_3_std,mfcc_4_mean,mfcc_4_std,mfcc_5_mean,mfcc_5_std,mfcc_6_mean,mfcc_6_std,mfcc_7_mean,mfcc_7_std,mfcc_8_mean,mfcc_8_std,mfcc_9_mean,mfcc_9_std,mfcc_10_mean,mfcc_10_std,mfcc_11_mean,mfcc_11_std,mfcc_12_mean,mfcc_12_std,mfcc_13_mean,mfcc_13_std,chroma_mean,chroma_std,tempo,pitch_mean,pitch_std,pitch_range,voicing_rate,split
EMOVO\dis-f1-b1.wav,f1,b1,disgust,dis,,EMOVO,it,2.8586666666666667,0.046059366315603256,0.1294652035361842,4138.797646483722,2822.873811539085,6727.641858552632,3460.677943002351,18.247162299660793,-323.77728271484375,78.10711669921875,107.24205780029297,63.68917465209961,-28.261837005615234,37.2354850769043,23.540462493896484,34.538673400878906,-11.678644180297852,20.994722366333008,19.678560256958008,20.544086456298828,-17.07882308959961,16.141738891601562,-7.330348014831543,18.24907684326172,0.9367483258247375,11.890976905822754,-7.631180763244629,12.981979370117188,2.711031675338745,11.07784652709961,5.123342990875244,10.663839340209961,-7.934220314025879,11.306649208068848,0.40119829773902893,0.3243889808654785,160.71428571428572,116.50366604312066,12.0651642536071,50.04640321239091,0.5986842105263158,holdout_test
EMOVO\dis-f1-b2.wav,f1,b2,disgust,dis,,EMOVO,it,2.8586666666666667,0.03872857242822647,0.10174937307098765,4346.9987391287505,2314.435371888513,7887.44212962963,3818.9890953364443,18.32246427605085,-332.6529541015625,72.63868713378906,92.89678192138672,57.46461486816406,-27.404796600341797,24.39019203186035,49.88783264160156,40.457725524902344,-12.398956298828125,24.567590713500977,13.393237113952637,19.859996795654297,-20.91251564025879,17.10373878479004,-0.7044811248779297,14.518739700317383,2.3738369941711426,10.305009841918945,-9.916208267211914,14.525364875793457,-9.910658836364746,11.455001831054688,5.252543926239014,9.219916343688965,-4.364651679992676,8.89466667175293,0.3551110029220581,0.32403963804244995,140.625,129.96961754178403,21.25668057650079,77.2020902749519,0.7654320987654321,holdout_test
EMOVO\dis-f1-b3.wav,f1,b3,disgust,dis,,EMOVO,it,2.3893333333333335,0.03591889888048172,0.08693910256410256,3736.565339198308,2289.275658121657,6926.0817307692305,3785.2570648701753,19.37727816421994,-367.06683349609375,88.53901672363281,113.73868560791016,52.14496994018555,-32.87575912475586,28.334850311279297,17.39176368713379,23.87311553955078,-21.089418411254883,21.941673278808594,22.05428123474121,21.219146728515625,-17.411128997802734,21.396873474121094,-4.4485554695129395,19.458545684814453,3.934915781021118,14.00134563446045,-10.172322273254395,13.613667488098145,-4.277518272399902,20.45884132385254,2.186980724334717,9.781391143798828,-7.765440464019775,11.072731971740723,0.32292595505714417,0.31809931993484497,86.53846153846153,252.28388895923246,268.312751127296,841.4179880392165,0.8910256410256411,holdout_test
EMOVO\dis-f1-d1.wav,f1,d1,disgust,dis,,EMOVO,it,1.992,0.027427036315202713,0.16042153666338582,4924.094174468838,3139.5596713145856,7891.240157480315,3900.5010861105243,16.909702242335932,-356.1338195800781,86.71049499511719,101.23075866699219,73.56893157958984,-24.492162704467773,30.553388595581055,15.607598304748535,33.35933303833008,-20.460901260375977,21.538389205932617,30.48505210876465,17.77265167236328,-11.694798469543457,17.142723083496094,12.595065116882324,13.827606201171875,-2.7654709815979004,11.522892951965332,-7.4900126457214355,11.065604209899902,5.479090690612793,9.59298038482666,9.704933166503906,7.747859477996826,-9.096837043762207,9.443052291870117,0.38922837376594543,0.3048073649406433,117.1875,142.28296491501615,31.801525765484,127.2242031841451,0.4409448818897638,holdout_test
EMOVO\dis-f1-d2.wav,f1,d2,disgust,dis,,EMOVO,it,2.7826666666666666,0.02218708023428917,0.06278301652070063,3469.375366437642,1450.0197682936448,7101.861066878981,4209.944903477413,17.35861420909545,-391.5849914550781,90.27119445800781,124.8919906616211,36.37339401245117,-15.858479499816895,27.727859497070312,24.244413375854492,31.751020431518555,-7.921357154846191,23.245155334472656,14.35135269165039,16.843900680541992,-6.873391151428223,18.01679801940918,7.98792839050293,14.462384223937988,5.020682334899902,9.46994400024414,-12.012885093688965,13.757660865783691,-1.470557689666748,10.660018920898438,3.160853385925293,7.788559913635254,-4.828388690948486,8.519880294799805,0.39391419291496277,0.322125107049942,148.02631578947367,119.31912055696425,22.16723914958912,94.18042171038226,0.8726114649681529,holdout_test
EMOVO\dis-f1-l1.wav,f1,l1,disgust,dis,,EMOVO,it,4.181333333333333,0.04370507225394249,0.0682033104232595,3395.991567140799,1664.6166461940031,6722.854034810127,3829.324901125032,19.271889719230085,-340.28973388671875,97.19856262207031,117.21549987792969,41.82334899902344,-30.467296600341797,37.577789306640625,21.215744018554688,25.712120056152344,-7.122668266296387,23.499404907226562,15.994427680969238,19.99156379699707,-24.44455337524414,19.423948287963867,-7.847585201263428,14.091504096984863,-2.750051259994507,9.914287567138672,-14.342572212219238,13.943747520446777,0.9926615953445435,11.564772605895996,-0.823632538318634,10.490813255310059,-8.722101211547852,10.975836753845215,0.33076024055480957,0.3216739892959595,95.33898305084746,141.4835862329272,22.099192652365925,102.81141209509302,0.7911392405063291,holdout_test
EMOVO\dis-f1-l2.wav,f1,l2,disgust,dis,,EMOVO,it,3.84,0.044108252972364426,0.08005553547597864,3395.9759708399943,2248.729528798909,6126.028692170818,3637.8254261795455,17.811478140603946,-337.8589782714844,77.24378967285156,120.03722381591797,53.72845458984375,-17.89289665222168,28.236129760742188,23.24567413330078,30.86419105529785,1.709707260131836,21.60134506225586,14.363829612731934,20.671236038208008,-17.618066787719727,19.461925506591797,-5.202649116516113,13.848367691040039,-5.417841911315918,10.191746711730957,-10.46878433227539,13.933985710144043,6.119741439819336,12.05270004272461,-2.4165430068969727,8.136945724487305,-11.066645622253418,9.653915405273438,0.3615628480911255,0.3284878730773926,137.1951219512195,111.5467620101138,19.87201248872239,77.13530055291538,0.7259786476868327,holdout_test
EMOVO\dis-f1-l3.wav,f1,l3,disgust,dis,,EMOVO,it,4.437333333333333,0.03244994208216667,0.05640354953778135,4147.055236081023,2439.6011068268867,8650.547628617363,4595.9018369536325,18.024150889258895,-405.8190612792969,141.92745971679688,109.42864227294922,51.884761810302734,-22.27552604675293,39.23524475097656,18.545391082763672,28.058027267456055,-5.97948694229126,19.188085556030273,11.965669631958008,15.785501480102539,-15.281330108642578,23.718795776367188,-1.4540404081344604,15.396994590759277,0.41826331615448,9.746611595153809,-10.465773582458496,16.714149475097656,-0.7034672498703003,10.700507164001465,-0.462007075548172,10.647579193115234,-4.033787727355957,12.515667915344238,0.4337407052516937,0.3523654341697693,104.16666666666667,134.88892785931023,21.640176665779414,105.71757159217492,0.617363344051447,holdout_test
EMOVO\dis-f1-l4.wav,f1,l4,disgust,dis,,EMOVO,it,4.59,0.03602360561490059,0.059932385460805086,3091.1566094924583,1765.1550391507176,5697.000794491525,3640.0616709325686,18.87595023637358,-360.1170349121094,71.37034606933594,111.53877258300781,43.414066314697266,-17.639705657958984,31.556161880493164,24.335527420043945,27.10203742980957,9.041671752929688,18.2887020111084,9.429409980773926,17.311458587646484,-16.54892921447754,17.267440795898438,-4.704914093017578,11.668913841247559,-6.053441047668457,11.231091499328613,-17.10994529724121,14.212361335754395,4.707579612731934,11.207274436950684,-4.713756561279297,8.241195678710938,-10.38260269165039,9.693489074707031,0.3236296474933624,0.330153226852417,208.33333333333334,111.23616420352347,11.022601067879679,56.31692386257572,0.8601694915254238,holdout_test
EMOVO\dis-f1-n1.wav,f1,n1,disgust,dis,,EMOVO,it,3.1573333333333333,0.033156219869852066,0.06546178110328639,3305.7290846165547,1764.3700593492338,6533.670774647887,3995.784389014792,18.56952645489553,-391.2526550292969,93.55751037597656,128.4872283935547,37.340904235839844,-22.876541137695312,34.837711334228516,5.37460994720459,27.29401397705078,-4.22017240524292,26.78388214111328,15.694192886352539,16.469804763793945,-15.133748054504395,22.07876205444336,1.0304285287857056,13.41622257232666,4.059970378875732,14.017169952392578,-11.273447036743164,13.662460327148438,4.7044782638549805,12.6016845703125,1.0096405744552612,10.01698112487793,-13.143383979797363,10.575410842895508,0.32984644174575806,0.3206220269203186,108.17307692307692,121.02234558058429,21.089458105763452,78.18958964089198,0.8215962441314554,holdout_test
EMOVO\dis-f1-n2.wav,f1,n2,disgust,dis,,EMOVO,it,3.84,0.031773991882801056,0.10701965098180076,3917.810589076008,2490.279119816975,6841.5948275862065,3746.1985642659715,18.154209811116257,-367.6804504394531,78.76018524169922,112.21766662597656,62.63710021972656,-23.283416748046875,31.024213790893555,24.384349822998047,35.49555587768555,-12.575432777404785,24.819684982299805,13.987051963806152,20.243473052978516,-15.93990421295166,16.07546043395996,6.902348518371582,15.231378555297852,-3.3303308486938477,11.422645568847656,-12.918110847473145,15.441794395446777,1.2409658432006836,9.969348907470703,4.285937309265137,7.885332107543945,-4.974735736846924,10.354854583740234,0.3607424199581146,0.32518768310546875,117.1875,118.50068387118061,12.912880347571448,51.92241334325534,0.6168582375478927,holdout_test
EMOVO\dis-f1-n3.wav,f1,n3,disgust,dis,,EMOVO,it,2.7306666666666666,0.033804748207330704,0.08489435369318182,3430.9992581138686,2079.353548082208,5918.91571969697,3557.2149834469187,18.452977158350333,-350.5055236816406,84.14373779296875,127.69889068603516,50.98137664794922,-37.39017105102539,32.961334228515625,26.586973190307617,32.033565521240234,-4.7258687019348145,22.50761604309082,20.198854446411133,17.433568954467773,-16.87733268737793,18.02873420715332,-0.8840039372444153,15.482236862182617,-5.577380180358887,10.314875602722168,-11.890481948852539,12.230453491210938,4.029712200164795,11.234625816345215,2.376906156539917,8.925129890441895,-10.388458251953125,9.648773193359375,0.3475249111652374,0.3213171660900116,133.92857142857142,119.64628810995166,14.090091802742343,65.32772635891871,0.7272727272727273,holdout_test
EMOVO\dis-f1-n4.wav,f1,n4,disgust,dis,,EMOVO,it,4.522666666666667,0.036610282957553864,0.09386990338387574,3495.073657536233,2246.408199940435,5785.66475591716,3360.861572159438,19.21255847783619,-352.9866943359375,83.55647277832031,119.53691101074219,60.33636474609375,-45.037628173828125,39.866817474365234,25.27731704711914,42.50739288330078,-8.370527267456055,22.340106964111328,12.00024700164795,17.701248168945312,-19.854448318481445,14.999242782592773,0.6405201554298401,13.415035247802734,-1.871121883392334,11.286450386047363,-14.791111946105957,15.153960227966309,2.6347057819366455,9.582481384277344,3.521821975708008,9.930384635925293,-8.73647689819336,10.088741302490234,0.3421180844306946,0.3179611265659332,79.22535211267606,115.85339287442291,12.05373775674219,53.94575196958715,0.7071005917159763,holdout_test
EMOVO\dis-f1-n5.wav,f1,n5,disgust,dis,,EMOVO,it,4.693333333333333,0.03591928258538246,0.06117687376319261,3479.8534104558707,1966.7011879409397,6604.675131926121,3911.9591484869497,19.450296692429976,-387.7017517089844,104.02857208251953,110.12561798095703,44.78267288208008,-25.0872859954834,43.1236572265625,39.59281539916992,35.56138610839844,6.085467338562012,22.76630401611328,4.638747692108154,17.091373443603516,-21.269184112548828,18.078216552734375,-2.434810161590576,13.269896507263184,1.1096994876861572,10.174986839294434,-14.666559219360352,13.513486862182617,2.0548744201660156,10.237798690795898,1.9360921382904053,9.045372009277344,-9.846198081970215,10.127366065979004,0.3529968559741974,0.33535709977149963,137.1951219512195,117.20242274595455,11.359200247447511,53.7067911530292,0.7783641160949868,holdout_test
EMOVO\dis-f2-b1.wav,f2,b1,disgust,dis,,EMOVO,it,2.474666666666667,0.06229792535305023,0.08730654173259493,2734.8966497905467,2261.4969035791014,4589.744857594937,2496.810927402654,19.660791029398894,-326.8190002441406,75.19939422607422,123.48223876953125,53.91767501831055,-26.092784881591797,38.031375885009766,20.451202392578125,19.30389976501465,5.413961887359619,20.94780731201172,2.966094493865967,13.110305786132812,-17.797210693359375,11.487466812133789,-21.14563751220703,15.14650821685791,0.7022077441215515,9.695245742797852,-4.5340142250061035,9.908549308776855,-3.3170089721679688,11.797859191894531,-7.310230731964111,9.546829223632812,-11.940330505371094,10.20727825164795,0.31466880440711975,0.32067570090293884,160.71428571428572,114.57974669884084,11.947437225330818,52.04255909850539,0.7721518987341772,holdout_test
EMOVO\dis-f2-b2.wav,f2,b2,disgust,dis,,EMOVO,it,2.3893333333333335,0.07380837202072144,0.07763671875,2846.2903538826304,2215.306244154842,5137.584206586826,2621.45567930684,19.606670411733134,-332.62982177734375,70.60838317871094,126.16663360595703,56.905540466308594,-38.80961608886719,26.846080780029297,45.86227035522461,34.77937316894531,9.311958312988281,23.820911407470703,7.141958236694336,18.750930786132812,-14.015690803527832,13.327152252197266,-16.974533081054688,16.169906616210938,4.945410251617432,9.352438926696777,-10.960140228271484,10.511083602905273,-7.419201374053955,11.966523170471191,-10.063325881958008,9.272269248962402,-13.72323226928711,9.594470977783203,0.3240565061569214,0.3358568251132965,125.0,116.03165273111381,13.135677839604474,68.33216777123486,0.8143712574850299,holdout_test
EMOVO\dis-f2-b3.wav,f2,b3,disgust,dis,,EMOVO,it,2.3893333333333335,0.057690467685461044,0.05738793349847561,2223.718113885477,1666.6699005399707,3962.795350609756,2462.6117301013383,19.06580924535985,-343.3558044433594,64.50584411621094,154.573974609375,42.300926208496094,-29.690338134765625,28.84987449645996,28.234554290771484,20.813140869140625,-0.6676836609840393,17.308027267456055,7.0432305335998535,16.498533248901367,-13.413629531860352,13.977131843566895,-19.115379333496094,13.35611629486084,7.044938087463379,11.062386512756348,-2.920383930206299,11.073856353759766,-1.7031519412994385,13.66355037689209,-3.195427894592285,7.817739963531494,-12.389314651489258,9.588028907775879,0.35819995403289795,0.32858824729919434,85.22727272727273,111.53481875303594,12.890370457078726,85.21397039721417,0.8048780487804879,holdout_test
EMOVO\dis-f2-d1.wav,f2,d1,disgust,dis,,EMOVO,it,2.048,0.058720607310533524,0.09422290231299213,3127.97153660425,2142.871809336966,5477.177657480315,2760.1397343811864,19.11626199591245,-326.13458251953125,84.5958251953125,125.91529846191406,58.28620147705078,-42.180084228515625,25.26518440246582,28.8093204498291,29.644826889038086,-6.742956638336182,16.412099838256836,8.452964782714844,18.68450164794922,-12.605545043945312,9.941404342651367,-18.95494842529297,18.78752326965332,-2.220520257949829,8.69832706451416,-7.911443710327148,11.645618438720703,1.8544381856918335,10.377154350280762,-3.221534013748169,7.8635334968566895,-8.454211235046387,8.423370361328125,0.34266066551208496,0.32639768719673157,89.28571428571429,136.017116309374,19.133770913949956,65.84040484334307,0.7716535433070866,holdout_test
EMOVO\dis-f2-d2.wav,f2,d2,disgust,dis,,EMOVO,it,1.8773333333333333,0.07485662400722504,0.05111228813559322,2169.8165708658803,1393.7699090917788,4003.6414194915255,2367.15448406745,19.737038564765925,-319.2897644042969,62.30299758911133,146.05230712890625,36.343807220458984,-36.159297943115234,24.673307418823242,25.191255569458008,27.361839294433594,5.581585884094238,22.168304443359375,-2.247053861618042,13.903167724609375,-15.246667861938477,12.970281600952148,-20.385082244873047,15.737587928771973,1.9178880453109741,9.360190391540527,-7.852924346923828,10.760009765625,-8.683736801147461,13.384284973144531,-5.7882280349731445,9.527880668640137,-8.029031753540039,8.650704383850098,0.31556904315948486,0.32690396904945374,125.0,131.3928614468347,8.999155535245176,57.611524761764244,0.8983050847457628,holdout_test
EMOVO\dis-f2-l1.wav,f2,l1,disgust,dis,,EMOVO,it,4.736,0.05708661302924156,0.04899974860767327,2122.8945382635657,1802.2730568598702,3935.0634282178216,2288.6504067627397,18.54138601547188,-369.4472351074219,113.5356674194336,124.90516662597656,63.73785400390625,-25.623273849487305,28.80552101135254,27.95690155029297,24.721967697143555,4.651640892028809,18.050750732421875,4.7652459144592285,13.18430233001709,-8.51611614227295,12.783949851989746,-18.93328857421875,16.43367576599121,-0.7411947846412659,9.22357177734375,-8.236472129821777,11.670171737670898,-1.788811445236206,11.539867401123047,-3.4860851764678955,8.309574127197266,-12.766904830932617,10.159998893737793,0.2991468608379364,0.3309735059738159,152.02702702702703,120.20323425589417,14.574069022115145,71.48570351944593,0.7103960396039604,holdout_test
EMOVO\dis-f2-l2.wav,f2,l2,disgust,dis,,EMOVO,it,3.7546666666666666,0.06024842709302902,0.05565552611451049,2302.6728461957496,1675.6938460426138,4212.276005244756,2404.8507385289336,19.219938193756303,-345.3002624511719,93.904296875,137.60691833496094,53.808284759521484,-35.75901412963867,30.699024200439453,24.431493759155273,25.726451873779297,2.7173209190368652,19.139936447143555,5.620347499847412,13.234238624572754,-7.5044660568237305,13.89232063293457,-25.018938064575195,17.687816619873047,-6.6469902992248535,9.226313591003418,-9.041650772094727,10.69410514831543,0.04507766291499138,9.928378105163574,-1.527191400527954,7.654471397399902,-12.206901550292969,10.080286979675293,0.33192944526672363,0.33316200971603394,144.23076923076923,126.29976817509014,13.02472021225972,67.3793513551753,0.8111888111888111,holdout_test
EMOVO\dis-f2-l3.wav,f2,l3,disgust,dis,,EMOVO,it,4.1386666666666665,0.06057397276163101,0.037827620967741934,1846.9236215942126,1607.9905030477462,3317.1622983870966,2121.2708513705247,18.762827001574188,-376.4981384277344,113.68241119384766,119.23767852783203,63.34434509277344,-19.441320419311523,33.32754898071289,21.012388229370117,28.474393844604492,1.6367597579956055,15.513754844665527,0.8420470952987671,12.844305038452148,-7.156886577606201,13.980992317199707,-17.958332061767578,17.126039505004883,0.4158663749694824,9.203473091125488,-6.348134517669678,10.272614479064941,-7.705498695373535,12.614578247070312,-5.246238708496094,7.982635021209717,-10.983444213867188,10.302974700927734,0.28508585691452026,0.32879698276519775,244.56521739130434,123.93035029639785,17.22304440122068,90.28105675967392,0.7354838709677419,holdout_test
EMOVO\dis-f2-l4.wav,f2,l4,disgust,dis,,EMOVO,it,3.1146666666666665,0.06753525137901306,0.045002528599330356,2369.6767380414567,1618.6979673636372,4577.113560267857,2646.9251496969696,19.528375345470284,-359.1390075683594,98.0494155883789,126.40538024902344,50.68180847167969,-36.023658752441406,26.89913558959961,33.64850997924805,26.366010665893555,10.033480644226074,15.900622367858887,4.1507086753845215,12.731485366821289,-12.216135025024414,12.998490333557129,-23.92574119567871,15.710298538208008,-4.419751167297363,11.776182174682617,-12.744577407836914,11.730536460876465,-4.4456467628479,13.023392677307129,-6.703303813934326,8.471665382385254,-14.892166137695312,9.892696380615234,0.30917447805404663,0.3419720232486725,156.25,128.65650735640529,13.794976981528377,67.50570263961794,0.8660714285714286,holdout_test
EMOVO\dis-f2-n1.wav,f2,n1,disgust,dis,,EMOVO,it,2.2186666666666666,0.06442093104124069,0.04958836036392405,2208.8555801352377,1327.4091649672262,4137.460443037975,2460.7430595685864,19.119521722694568,-335.87646484375,86.1528549194336,151.37188720703125,42.36379623413086,-41.17341232299805,30.793773651123047,26.103910446166992,24.456649780273438,2.19449520111084,19.133296966552734,5.507259368896484,13.560616493225098,-11.264616012573242,12.761786460876465,-24.68392562866211,14.655159950256348,-0.5178076028823853,9.859610557556152,-7.2044854164123535,9.925066947937012,-2.3823764324188232,13.233877182006836,-6.037173271179199,7.043071269989014,-15.976754188537598,10.72891616821289,0.3236565589904785,0.32889848947525024,102.27272727272727,122.77250990356747,13.096746276554446,54.142872934052676,0.8734177215189873,holdout_test
EMOVO\dis-f2-n2.wav,f2,n2,disgust,dis,,EMOVO,it,2.1386666666666665,0.06398433446884155,0.09525830333769633,2987.441570362999,2384.4967771599704,5028.754908376964,2560.981840082124,19.432009436604922,-321.07940673828125,62.062896728515625,130.45645141601562,56.51667404174805,-37.71989059448242,27.311662673950195,34.38446807861328,23.443084716796875,-7.905180931091309,27.535680770874023,9.189103126525879,18.52890396118164,-13.27711009979248,9.233695030212402,-21.525062561035156,17.053518295288086,-2.7738165855407715,10.839604377746582,-12.48633861541748,9.663033485412598,-0.5263319611549377,9.202749252319336,-4.1015520095825195,8.568498611450195,-12.609904289245605,10.546773910522461,0.3338715136051178,0.329603910446167,117.1875,128.25774018330935,15.610679989105833,83.35341308067393,0.7958115183246073,holdout_test
EMOVO\dis-f2-n3.wav,f2,n3,disgust,dis,,EMOVO,it,2.8586666666666667,0.0641256794333458,0.06068377628504673,2595.3206356645132,1980.9494471810585,4801.839953271028,2620.812042807132,18.99941515538581,-344.0486145019531,98.07109832763672,123.1203384399414,56.48393630981445,-29.549840927124023,26.367115020751953,24.38992691040039,23.61475944519043,9.654426574707031,21.106815338134766,3.7900748252868652,12.391271591186523,-12.214171409606934,13.401008605957031,-22.379901885986328,17.71140480041504,-2.513524055480957,9.803634643554688,-7.597480773925781,11.720037460327148,-2.284317970275879,11.605107307434082,-2.6205215454101562,7.834282398223877,-12.415044784545898,9.620255470275879,0.34172141551971436,0.3318493068218231,133.92857142857142,121.5675491025721,14.650812957214825,68.64600563838343,0.7663551401869159,holdout_test
EMOVO\dis-f2-n4.wav,f2,n4,disgust,dis,,EMOVO,it,4.48,0.06016184389591217,0.08078860960144928,2868.964104361679,2048.678541930239,5008.559782608696,2495.3527492361327,19.806074087994038,-345.1432189941406,104.69552612304688,117.38317108154297,61.243858337402344,-46.88383865356445,35.30487060546875,34.873382568359375,36.023990631103516,-2.2833874225616455,24.237857818603516,1.3599982261657715,13.903114318847656,-7.866039752960205,15.639607429504395,-20.597389221191406,19.63178825378418,-3.0014095306396484,9.57026481628418,-6.458218574523926,10.108613014221191,-1.2533150911331177,13.374368667602539,-4.270723819732666,9.198681831359863,-12.85951042175293,10.897624969482422,0.3327544033527374,0.3321201205253601,77.05479452054794,124.89710140659915,11.886811198863999,71.28869176463598,0.6840579710144927,holdout_test
EMOVO\dis-f2-n5.wav,f2,n5,disgust,dis,,EMOVO,it,3.456,0.06925954669713974,0.05703606404049296,2322.0874993298157,1513.6962695421294,4214.211047535211,2442.7947260822893,20.054044420262098,-347.81640625,81.46404266357422,129.698974609375,43.67180633544922,-33.264530181884766,35.18333053588867,42.533023834228516,30.366512298583984,6.707468509674072,23.21897315979004,-1.6461868286132812,13.917679786682129,-12.319843292236328,14.818860054016113,-26.267438888549805,16.220458984375,-0.3553982675075531,9.324541091918945,-11.414233207702637,9.700803756713867,-9.398688316345215,13.540562629699707,-8.078369140625,9.506156921386719,-16.284290313720703,9.617779731750488,0.3108852207660675,0.3387329578399658,127.8409090909091,132.03897306206864,16.276791105966236,80.48071949960693,0.8309859154929577,holdout_test
EMOVO\dis-f3-b1.wav,f3,b1,disgust,dis,,EMOVO,it,3.136,0.00875682570040226,0.10635599275914634,4505.23643234399,2637.6752292168726,8190.834603658536,4556.828128175171,17.119019135626075,-496.5179138183594,77.42762756347656,94.34439086914062,66.78247833251953,-2.751932382583618,33.40065383911133,42.34900665283203,30.50360107421875,10.714119911193848,32.27947998046875,3.4157795906066895,17.76087760925293,-18.24197006225586,20.77255630493164,-13.955933570861816,15.385316848754883,9.498456001281738,10.203171730041504,-8.504376411437988,12.453582763671875,-4.574170112609863,10.774209976196289,-1.9322545528411865,9.546934127807617,-9.709968566894531,10.265543937683105,0.4096482992172241,0.31805819272994995,130.8139534883721,98.03456494855989,14.34181624630451,64.24762850935836,0.7195121951219512,holdout_test
EMOVO\dis-f3-b2.wav,f3,b2,disgust,dis,,EMOVO,it,2.464,0.010444511659443378,0.08310154506138392,3912.7916241281614,2182.947407990811,6865.304129464285,4289.578897855962,18.010580195591416,-496.3278503417969,54.60274124145508,87.24381256103516,60.51728820800781,-9.108476638793945,28.596040725708008,54.372676849365234,33.05262756347656,20.225313186645508,25.37102508544922,-7.496086120605469,19.865339279174805,-20.144723892211914,16.16519546508789,-1.6924667358398438,10.828278541564941,15.481569290161133,11.08206558227539,-14.797553062438965,12.524065971374512,-13.444575309753418,11.435887336730957,-6.802208423614502,9.620548248291016,-9.156514167785645,9.465203285217285,0.3474932610988617,0.33096861839294434,108.17307692307692,110.65647143961215,17.65203390992848,89.65810983390803,0.7946428571428571,holdout_test
EMOVO\dis-f3-b3.wav,f3,b3,disgust,dis,,EMOVO,it,2.6986666666666665,0.005962079856544733,0.0863819355867347,3923.605057789651,2469.9978158107156,7137.149234693878,4942.26122955775,17.223158609727463,-520.0569458007812,58.91718673706055,121.00074005126953,52.876121520996094,16.150175094604492,32.759159088134766,20.732919692993164,23.649076461791992,14.558403015136719,24.5956974029541,-2.495157480239868,20.70146369934082,-20.671091079711914,17.847318649291992,-9.214554786682129,14.514466285705566,12.036770820617676,12.18801498413086,-6.578366279602051,8.503667831420898,-4.644812107086182,11.690455436706543,-0.13237528502941132,11.43014907836914,-10.542253494262695,9.187033653259277,0.4044792056083679,0.30767855048179626,175.78125,78.82627274927978,7.603703361245982,34.50418704584665,0.673469387755102,holdout_test
EMOVO\dis-f3-d1.wav,f3,d1,disgust,dis,,EMOVO,it,2.058666666666667,0.009554066695272923,0.09821428571428571,3889.80307715171,2345.8844802834587,6790.446428571428,4195.539287253481,16.297488969241176,-461.0316162109375,63.93330001831055,119.25436401367188,71.37052917480469,-9.862878799438477,32.53725051879883,22.630918502807617,35.6244010925293,-0.1703018695116043,21.651578903198242,4.136693954467773,16.609647750854492,-15.552932739257812,18.219003677368164,-14.223776817321777,15.681011199951172,-1.5513652563095093,8.27442741394043,-11.57245922088623,9.634586334228516,1.0549629926681519,10.472444534301758,-0.8777551054954529,13.270472526550293,-7.247736930847168,7.264922142028809,0.3896387219429016,0.3125416040420532,165.44117647058823,114.73869327331346,43.40278165982336,188.77120198675038,0.6,holdout_test
EMOVO\dis-f3-d2.wav,f3,d2,disgust,dis,,EMOVO,it,2.3253333333333335,0.00880366936326027,0.06061746987951807,3367.679714105106,1913.2087250933705,6768.495858433735,4644.180916326904,16.995409135996784,-492.8849792480469,61.36384201049805,133.83767700195312,41.37749481201172,10.149544715881348,27.195066452026367,27.971553802490234,27.427175521850586,20.065780639648438,27.11915397644043,-0.06933993846178055,16.275163650512695,-17.682884216308594,19.18300437927246,-10.499588012695312,10.344976425170898,5.613466739654541,9.517072677612305,-12.30969524383545,9.716353416442871,-4.9046735763549805,10.847627639770508,-5.765769004821777,12.729511260986328,-8.863707542419434,7.886417388916016,0.41083675622940063,0.3133138120174408,98.6842105263158,79.21835797344033,12.825433901947466,49.13244545367904,0.7289156626506024,holdout_test
EMOVO\dis-f3-l1.wav,f3,l1,disgust,dis,,EMOVO,it,6.346666666666667,0.00703822635114193,0.09797603983274648,4622.352633837874,3184.459418242175,8968.805017605633,5232.1616852164425,16.500691893959523,-530.64306640625,84.61942291259766,108.95902252197266,49.70168685913086,13.488049507141113,31.956472396850586,28.382282257080078,26.876008987426758,18.341503143310547,21.584659576416016,-1.4304040670394897,16.686767578125,-14.06031322479248,18.693218231201172,-6.8602447509765625,12.95853042602539,8.719013214111328,10.565537452697754,-8.295639038085938,11.310054779052734,-4.281858444213867,11.718077659606934,-1.585290551185608,10.272370338439941,-9.677520751953125,9.2564697265625,0.4357541799545288,0.32389122247695923,98.6842105263158,95.559772904191,16.8258126429886,87.48461285750741,0.6320422535211268,holdout_test
EMOVO\dis-f3-l2.wav,f3,l2,disgust,dis,,EMOVO,it,5.045333333333334,0.005424864590167999,0.12038241299715909,5413.266562925864,3387.8864775924644,10455.841619318182,5501.7245830683105,15.139243120069095,-537.4158935546875,96.81059265136719,102.97372436523438,61.50276184082031,16.433250427246094,32.365699768066406,24.833972930908203,32.055091857910156,15.046217918395996,27.18295669555664,3.9833791255950928,14.80485725402832,-9.629178047180176,18.525554656982422,-7.469661235809326,12.10908031463623,4.49920129776001,9.090599060058594,-3.916353225708008,8.309127807617188,0.02941448986530304,9.298958778381348,-0.0030926791951060295,9.442532539367676,-4.723921298980713,8.168004035949707,0.529618501663208,0.2920096814632416,76.01351351351352,79.89036482788177,16.51847416807142,84.85803691783383,0.45681818181818185,holdout_test
EMOVO\dis-f3-l3.wav,f3,l3,disgust,dis,,EMOVO,it,4.938666666666666,0.008385494351387024,0.10921376427107728,5001.508563159782,3596.4902317526257,9475.556206088993,5267.002785457384,16.61743907174476,-535.8407592773438,100.77263641357422,106.4128189086914,55.802154541015625,8.759024620056152,39.19417190551758,20.21708869934082,25.645648956298828,15.385194778442383,17.133926391601562,-3.108853816986084,17.067262649536133,-14.494268417358398,20.936752319335938,-4.800743579864502,12.686918258666992,8.130788803100586,10.157482147216797,-8.913050651550293,10.545872688293457,-3.181396007537842,11.207183837890625,-3.2514872550964355,9.709726333618164,-11.068001747131348,9.439427375793457,0.4181772470474243,0.3364384174346924,108.17307692307692,111.39310229054124,21.78690123129752,79.85547105239566,0.6697892271662763,holdout_test
EMOVO\dis-f3-l4.wav,f3,l4,disgust,dis,,EMOVO,it,2.965333333333333,0.00974920205771923,0.059064210766423354,3414.5217828434456,2065.047713546003,6660.954607664234,4576.071252467174,17.51733392937515,-494.1228942871094,64.46626281738281,122.97721862792969,41.90687942504883,2.7674131393432617,29.60851287841797,30.00568199157715,27.30319595336914,26.58099937438965,24.344642639160156,5.728283405303955,15.758482933044434,-21.819156646728516,19.458362579345703,-14.004775047302246,14.940603256225586,5.932446002960205,10.135913848876953,-13.179667472839355,11.730134010314941,-7.394197940826416,10.950682640075684,-5.026423454284668,11.391324996948242,-9.493513107299805,9.564754486083984,0.3910953104496002,0.3217957019805908,93.75,90.47611189831244,11.706471368341427,54.549459268028684,0.7372262773722628,holdout_test
EMOVO\dis-f3-n1.wav,f3,n1,disgust,dis,,EMOVO,it,3.050666666666667,0.007278666365891695,0.07200863486842106,3747.2652795425306,2436.7588956063037,7463.278087044534,4903.494935322501,16.526955639858702,-506.43896484375,70.97465515136719,130.59715270996094,47.52302169799805,13.275256156921387,27.2752742767334,17.030012130737305,25.662012100219727,17.359739303588867,24.006221771240234,1.5252989530563354,21.253299713134766,-18.31792449951172,19.730802536010742,-10.05827808380127,13.473939895629883,6.7162652015686035,13.591887474060059,-7.144275188446045,8.380282402038574,-2.0566513538360596,10.820490837097168,0.12223982810974121,9.358642578125,-11.171832084655762,8.626648902893066,0.42157888412475586,0.3174930214881897,175.78125,89.23684361375695,15.922659715868747,55.943279112862456,0.708502024291498,holdout_test
EMOVO\dis-f3-n2.wav,f3,n2,disgust,dis,,EMOVO,it,3.1893333333333334,0.010155865922570229,0.10969698256340579,4250.137164920336,2512.9789005088282,7716.966711956522,4349.270331096269,16.93078464978091,-474.849365234375,73.27801513671875,107.2745361328125,63.33406066894531,-7.5589919090271,40.25078582763672,35.59103012084961,29.62918472290039,3.390643358230591,30.565311431884766,-3.4819295406341553,18.016599655151367,-18.450389862060547,16.05740737915039,-9.496363639831543,10.0840482711792,9.853967666625977,9.862323760986328,-11.791265487670898,11.520610809326172,-4.996492862701416,11.966632843017578,1.3802021741867065,9.027804374694824,-10.304816246032715,11.161158561706543,0.41650426387786865,0.3194575905799866,125.0,96.51587137429634,21.581744290977007,74.41638230956161,0.6594202898550725,holdout_test
EMOVO\dis-f3-n3.wav,f3,n3,disgust,dis,,EMOVO,it,2.421333333333333,0.007875845767557621,0.07845052083333333,3698.108018898085,2090.6640280617453,7055.908203125,4613.523890649198,16.51615385054966,-489.2591247558594,59.54435348510742,118.97064971923828,50.494895935058594,4.029368877410889,27.453136444091797,35.96805191040039,32.17938232421875,18.606576919555664,25.1683292388916,5.814096927642822,12.18317699432373,-12.606101989746094,19.353620529174805,-14.374836921691895,12.970906257629395,-0.18409498035907745,8.504226684570312,-7.373936176300049,11.030144691467285,3.5772697925567627,11.117154121398926,-3.4666881561279297,10.401248931884766,-11.344647407531738,8.853869438171387,0.41908788681030273,0.3063989281654358,86.53846153846153,79.80837963184892,12.255881575526386,49.13244545367904,0.7447916666666666,holdout_test
EMOVO\dis-f3-n4.wav,f3,n4,disgust,dis,,EMOVO,it,4.0,0.01189404260367155,0.09566412028476332,3711.6935190691283,2236.1437999205186,6354.058801775148,3883.005061839454,18.338752086081684,-458.1478271484375,66.28496551513672,114.2762451171875,66.65478515625,-26.504281997680664,41.38957595825195,27.95722770690918,37.48694610595703,15.722325325012207,28.033321380615234,1.1625559329986572,19.320646286010742,-20.841386795043945,14.794386863708496,-13.412476539611816,14.888028144836426,4.289358139038086,12.163629531860352,-13.514535903930664,10.686389923095703,-1.9874264001846313,10.458768844604492,1.4625853300094604,10.398168563842773,-12.147583961486816,11.328009605407715,0.3466670513153076,0.31233471632003784,117.1875,95.47238475202349,13.763543841281525,66.16418206596475,0.7130177514792899,holdout_test
EMOVO\dis-f3-n5.wav,f3,n5,disgust,dis,,EMOVO,it,5.397333333333333,0.010780681855976582,0.08933308919270834,4434.1677533139555,2885.2220712156795,8861.62109375,4924.471873283287,17.181807824684398,-509.10174560546875,98.1824722290039,109.28321075439453,46.52994918823242,-1.796173095703125,41.940284729003906,31.450857162475586,29.377241134643555,23.26671600341797,24.2126407623291,-1.7157238721847534,13.806110382080078,-22.361780166625977,18.2211856842041,-12.587729454040527,14.618626594543457,7.221089839935303,10.43093490600586,-11.536273002624512,10.730609893798828,-5.889546871185303,10.318841934204102,-4.767072677612305,10.525960922241211,-11.636963844299316,11.160408020019531,0.3938882052898407,0.3224378526210785,108.17307692307692,108.63731546984984,23.082795364211314,102.9129810677404,0.74375,holdout_test
EMOVO\dis-m1-b1.wav,m1,b1,disgust,dis,,EMOVO,it,2.026666666666667,0.045939862728118896,0.09447493289877301,3062.3140907244783,1555.3320200686953,5745.207055214724,2897.5619873309183,17.44957372656987,-291.9770812988281,90.15019226074219,148.21047973632812,44.46250915527344,-44.78800582885742,28.46661376953125,61.8642578125,24.44388771057129,-6.229541778564453,31.79887580871582,19.852256774902344,17.11954116821289,-2.0577056407928467,11.506183624267578,-0.5912331342697144,10.492792129516602,0.396404892206192,12.103744506835938,-10.685874938964844,10.525028228759766,14.594127655029297,10.28696346282959,-4.156556129455566,9.019094467163086,-2.2571256160736084,11.119830131530762,0.5850188732147217,0.25008055567741394,144.23076923076923,74.5414401560037,5.923643938593979,19.906570575705743,0.22699386503067484,holdout_test
EMOVO\dis-m1-b2.wav,m1,b2,disgust,dis,,EMOVO,it,2.3466666666666667,0.04183847829699516,0.06644095019035533,2789.334755918603,1235.062061363161,5622.858502538071,2937.7109989764676,17.611378288414787,-316.4077453613281,86.7918472290039,140.2765350341797,32.996368408203125,-34.994449615478516,37.38218307495117,71.17431640625,28.826322555541992,5.375758647918701,26.26847267150879,14.836004257202148,19.768404006958008,-2.9478344917297363,11.00355052947998,-3.3845059871673584,7.94755744934082,14.632160186767578,11.195707321166992,-6.823539733886719,8.850427627563477,12.48223876953125,8.280450820922852,-4.355738162994385,8.45290756225586,-6.695144176483154,6.777379989624023,0.5764355063438416,0.26627618074417114,234.375,68.26919131739473,5.274809149117666,18.44094495391724,0.3197969543147208,holdout_test
EMOVO\dis-m1-b3.wav,m1,b3,disgust,dis,,EMOVO,it,2.176,0.027771009132266045,0.06147283840673575,2519.433987552572,1227.695243242377,5008.460168393783,2946.85201887835,16.47019164014911,-361.3122253417969,85.6218490600586,162.93516540527344,38.42940139770508,-32.419952392578125,33.62929153442383,48.614261627197266,18.483278274536133,-4.642183780670166,20.43971824645996,17.295930862426758,19.46609878540039,-1.6892976760864258,12.564570426940918,-1.7022433280944824,13.556217193603516,7.3223347663879395,8.154851913452148,-8.158514022827148,7.200275421142578,16.763948440551758,9.196063995361328,-0.0897718071937561,7.57905387878418,-4.626101970672607,7.252743721008301,0.5865775942802429,0.25202107429504395,92.21311475409836,66.31103214089309,3.1458631414324207,20.400783536321427,0.42487046632124353,holdout_test
EMOVO\dis-m1-d1.wav,m1,d1,disgust,dis,,EMOVO,it,1.7608333333333333,0.028686558827757835,0.0892578125,3261.184802660971,1088.4061376281215,6276.953125,2967.630036501319,16.44174348439502,-309.9452209472656,75.77153015136719,150.2827606201172,31.965736389160156,-64.30223083496094,25.48077392578125,67.15060424804688,26.653993606567383,-15.474527359008789,16.466156005859375,14.259891510009766,14.096482276916504,7.706411838531494,9.909936904907227,9.871685981750488,9.78494644165039,5.4634552001953125,8.004091262817383,-11.535813331604004,8.26888656616211,14.859289169311523,8.1959810256958,-0.02876637689769268,7.8278303146362305,0.642548143863678,6.783100128173828,0.5747835636138916,0.264696329832077,181.4516129032258,67.99597352979642,5.085513777812374,19.906570575705743,0.325,holdout_test
EMOVO\dis-m1-d2.wav,m1,d2,disgust,dis,,EMOVO,it,2.1333333333333333,0.022644532844424248,0.06773244598765432,2964.6454340671935,945.4353867502616,5964.988425925926,3079.8920213034366,16.530330588625237,-351.1029052734375,72.96025848388672,145.7897186279297,29.229440689086914,-47.36335754394531,25.768798828125,61.157142639160156,23.255258560180664,-2.525355339050293,20.877925872802734,13.232476234436035,18.39629554748535,8.777999877929688,11.666925430297852,8.249213218688965,11.769682884216309,10.845857620239258,9.185985565185547,-12.688115119934082,9.965243339538574,13.316888809204102,8.203551292419434,-1.6394076347351074,9.253251075744629,-3.6956429481506348,8.787001609802246,0.609536349773407,0.24038907885551453,152.02702702702703,67.69876979801076,4.371727696105479,17.000497903067824,0.2839506172839506,holdout_test
EMOVO\dis-m1-l1.wav,m1,l1,disgust,dis,,EMOVO,it,5.341333333333333,0.026737216860055923,0.06794343171296297,3038.1788325909747,1423.0460465927695,6076.491013071895,3297.9146176133654,15.943260551603398,-380.5368347167969,113.76773071289062,134.74508666992188,45.064327239990234,-29.156362533569336,33.70183181762695,49.332035064697266,26.1489315032959,9.099507331848145,19.93271255493164,17.65505599975586,15.169621467590332,3.2171823978424072,12.731389045715332,0.8469018936157227,11.380938529968262,8.76995849609375,10.013277053833008,-7.202857971191406,9.303037643432617,12.851337432861328,8.975706100463867,2.072328567504883,8.23819351196289,-1.8967622518539429,7.527427673339844,0.6366365551948547,0.24001437425613403,98.6842105263158,66.06416897591951,1.6822951664871788,8.862855714100789,0.2374727668845316,holdout_test
EMOVO\dis-m1-l2.wav,m1,l2,disgust,dis,,EMOVO,it,4.3775,0.014789641834795475,0.0857513596339779,3739.60945990442,1514.7450039306289,7384.301622928177,3697.066337127852,15.46274551231554,-421.6634216308594,118.73546600341797,121.9319076538086,45.0194091796875,-32.00507354736328,31.3435115814209,48.39011764526367,25.18354034423828,1.5633692741394043,20.838077545166016,21.224966049194336,12.772842407226562,9.118975639343262,10.998631477355957,4.683787822723389,10.545140266418457,6.643504619598389,8.464449882507324,-7.081490516662598,9.319428443908691,13.887222290039062,8.89756965637207,-0.6656604409217834,7.633496284484863,0.04921802505850792,8.547127723693848,0.6541416049003601,0.23036199808120728,165.44117647058823,66.88816411518049,2.902272589769873,14.654533731170645,0.23204419889502761,holdout_test
EMOVO\dis-m1-l3.wav,m1,l3,disgust,dis,,EMOVO,it,4.650666666666667,0.01271302904933691,0.0733515625,3681.2768280847035,1515.5032205684504,7512.6875,3914.5088341333612,15.372949889313299,-462.3956298828125,111.88473510742188,121.64458465576172,41.240692138671875,-25.658815383911133,32.71873474121094,50.722782135009766,24.70417594909668,4.208075046539307,16.454566955566406,21.99064826965332,14.513859748840332,4.944073677062988,11.945606231689453,6.7239227294921875,10.532422065734863,5.946910858154297,10.096746444702148,-4.042182445526123,9.9774751663208,14.563080787658691,8.827143669128418,-2.7636468410491943,8.609663963317871,-0.5142771601676941,9.837712287902832,0.6534282565116882,0.24179387092590332,130.8139534883721,68.87738072671057,5.505607837531469,22.40643117408183,0.32266666666666666,holdout_test
EMOVO\dis-m1-l4.wav,m1,l4,disgust,dis,,EMOVO,it,2.6026666666666665,0.04195045307278633,0.060806694380733946,2636.2331671515276,1405.0307413412506,5222.047018348624,2879.7795153633747,17.246803722585724,-330.6477355957031,94.52320098876953,157.03347778320312,41.214935302734375,-38.321083068847656,30.726381301879883,60.577293395996094,21.856792449951172,6.3975701332092285,25.45793914794922,20.581653594970703,14.091104507446289,3.042663097381592,12.572811126708984,-0.022337956354022026,12.111010551452637,3.1312592029571533,10.501333236694336,-11.048584938049316,10.497432708740234,13.18376350402832,8.298731803894043,-5.6235456466674805,10.795778274536133,-7.332630634307861,12.15524673461914,0.5750412344932556,0.25194454193115234,156.25,76.67551563142953,9.061497145018956,34.8830824162542,0.3623853211009174,holdout_test
EMOVO\dis-m1-n1.wav,m1,n1,disgust,dis,,EMOVO,it,2.517333333333333,0.024187466129660606,0.05913494842980296,2798.4760649118716,979.1557817361569,5920.22013546798,3143.696780759708,16.533841409797322,-358.894775390625,96.81263732910156,152.91285705566406,33.37976837158203,-40.384559631347656,29.41098976135254,56.51239776611328,21.71315574645996,-4.061197280883789,19.812667846679688,17.756505966186523,16.055646896362305,8.240546226501465,12.124144554138184,3.8278136253356934,8.897592544555664,6.3959736824035645,11.438142776489258,-4.703493595123291,10.04530143737793,13.992817878723145,7.52323055267334,-0.7413738965988159,10.331707000732422,-0.6349589824676514,9.211048126220703,0.6354036927223206,0.23630711436271667,117.1875,68.59503461447584,5.3335131687578885,18.44094495391724,0.2413793103448276,holdout_test
EMOVO\dis-m1-n2.wav,m1,n2,disgust,dis,,EMOVO,it,4.736,0.034062039107084274,0.08516131706957547,3484.056638728239,1585.6614984658224,6796.3775058962265,3360.385151207148,16.389168015141113,-375.4557800292969,139.02767944335938,134.5523681640625,52.47577667236328,-42.439231872558594,36.08208465576172,59.525455474853516,28.59755516052246,-5.385598182678223,23.015695571899414,14.144222259521484,16.170654296875,4.888458728790283,13.680214881896973,6.415542125701904,10.131857872009277,3.0756216049194336,9.45180606842041,-11.95081615447998,11.35384464263916,10.58760929107666,7.551019191741943,0.11898602545261383,9.140542984008789,-3.0129435062408447,8.178741455078125,0.5712208151817322,0.27223196625709534,133.92857142857142,70.93949341512827,8.291520629880534,32.59246767028766,0.30660377358490565,holdout_test
EMOVO\dis-m1-n3.wav,m1,n3,disgust,dis,,EMOVO,it,2.2186666666666666,0.034683048725128174,0.07890625,2972.839025705287,1114.7054486843147,5815.848214285715,2905.884282067822,16.932609766768916,-304.6787109375,76.84147644042969,152.5580596923828,30.855009078979492,-59.93328094482422,25.215656280517578,68.82487487792969,22.60841178894043,-5.513701438903809,26.974653244018555,19.871620178222656,16.75358009338379,5.656722545623779,11.70975399017334,4.743348121643066,12.121413230895996,2.880408763885498,10.530985832214355,-13.443211555480957,9.510565757751465,12.861849784851074,7.914241313934326,-3.9901130199432373,8.70417308807373,-1.1327108144760132,9.66614818572998,0.5891287922859192,0.2568536698818207,175.78125,69.42505820085648,5.594470993159075,23.42676702285496,0.34285714285714286,holdout_test
EMOVO\dis-m1-n4.wav,m1,n4,disgust,dis,,EMOVO,it,7.0776666666666666,0.019769787788391113,0.08795983620521806,3614.815092298411,1487.2782965520796,7047.897196261682,3573.02406542884,15.858795216302802,-406.4655456542969,130.906005859375,116.7697525024414,43.593414306640625,-33.582035064697266,45.49703598022461,43.50299835205078,24.895729064941406,6.059719562530518,22.14310073852539,15.693267822265625,16.446508407592773,6.521475315093994,11.846124649047852,3.4522039890289307,12.916600227355957,7.393594264984131,9.545572280883789,-5.5398850440979,9.148597717285156,10.76524543762207,10.985855102539062,0.41266098618507385,8.548235893249512,1.3062940835952759,7.342137336730957,0.5955092906951904,0.26428696513175964,90.7258064516129,69.49169376721687,6.64915425839366,34.30545755194248,0.20249221183800623,holdout_test
EMOVO\dis-m1-n5.wav,m1,n5,disgust,dis,,EMOVO,it,10.358,0.007814111188054085,0.09230525883667388,4286.657056420689,1440.1274196182144,8726.901069880823,4332.988896023935,15.079733872759935,-487.7982177734375,104.38228607177734,81.01260375976562,36.94424819946289,-0.7398021817207336,36.3795051574707,35.614681243896484,23.2309513092041,16.145984649658203,17.388015747070312,18.186256408691406,11.39793586730957,9.576942443847656,10.2291841506958,4.353009223937988,11.419075012207031,8.509126663208008,9.28742504119873,-0.8341832756996155,8.748200416564941,8.504583358764648,8.175299644470215,0.8418786525726318,7.718650817871094,-1.953251600265503,7.250764846801758,0.639994204044342,0.24998235702514648,152.02702702702703,68.53493806985381,5.2865067527318645,22.40643117408183,0.18309859154929578,holdout_test
EMOVO\dis-m2-b1.wav,m2,b1,disgust,dis,,EMOVO,it,2.816,0.021907398477196693,0.10667474585843373,4181.6137325647605,2219.5078863622825,7502.400225903614,4123.195783630183,16.103792370638452,-382.73272705078125,95.4670181274414,108.80355834960938,66.36054992675781,-20.457555770874023,39.75580978393555,35.89170837402344,33.01279830932617,6.304245471954346,27.67776870727539,24.2793025970459,20.531583786010742,0.686886727809906,14.6477632522583,-9.806516647338867,15.055322647094727,-2.438387870788574,10.139052391052246,-6.623113632202148,15.369545936584473,1.1940507888793945,11.264836311340332,1.5137144327163696,8.408317565917969,-1.7555992603302002,7.615732192993164,0.4684843420982361,0.30772170424461365,137.1951219512195,73.88977932872852,7.673639228208824,35.46405342736416,0.42168674698795183,holdout_test
EMOVO\dis-m2-b2.wav,m2,b2,disgust,dis,,EMOVO,it,2.7306666666666666,0.019986193627119064,0.07741565609452736,3772.2518581655686,1974.5752124649373,6880.946828358209,4260.589346647198,16.7942850418522,-407.7039489746094,69.03934478759766,98.12030029296875,51.733001708984375,-15.761181831359863,31.64754867553711,49.162689208984375,32.328975677490234,19.747745513916016,30.089935302734375,25.51313591003418,22.23915672302246,3.0950841903686523,15.013176918029785,-6.326253890991211,11.303624153137207,3.621572256088257,7.807539463043213,-1.75201416015625,9.698722839355469,3.513819694519043,8.476006507873535,-4.1832594871521,11.142298698425293,-8.171310424804688,8.981708526611328,0.42207157611846924,0.32801997661590576,125.0,80.8334583081018,11.227887970393697,46.51637480614585,0.6766169154228856,holdout_test
EMOVO\dis-m2-b3.wav,m2,b3,disgust,dis,,EMOVO,it,2.474666666666667,0.00808169785887003,0.08231393914473684,4862.054116388132,2868.3880708613156,9486.842105263158,5485.544393015911,14.917512293592022,-490.2486877441406,95.15276336669922,98.90739440917969,57.194522857666016,16.784969329833984,41.81412887573242,24.42677879333496,24.81720733642578,16.68199348449707,23.404451370239258,18.73140525817871,15.225798606872559,7.314499378204346,13.5859956741333,1.235107660293579,11.600221633911133,0.3821949064731598,10.958492279052734,-2.3494973182678223,10.71010971069336,6.51282262802124,7.806227684020996,1.787010908126831,9.65269947052002,-0.535641610622406,11.151165962219238,0.5274685621261597,0.3135952949523926,92.21311475409836,65.64094586262951,1.1959981636115649,6.3329725119563705,0.11842105263157894,holdout_test
EMOVO\dis-m2-d1.wav,m2,d1,disgust,dis,,EMOVO,it,2.432,0.012111696414649487,0.08975119995915033,4066.3016626511144,1831.7686330515005,7536.917892156863,4420.492935664605,15.784331816968596,-406.9414978027344,61.07868957519531,109.47176361083984,55.874427795410156,-15.421418190002441,33.14323043823242,32.872352600097656,32.72632598876953,-2.4469876289367676,19.452186584472656,12.167572975158691,17.037639617919922,15.614675521850586,9.849736213684082,4.587197780609131,16.086185455322266,-0.4768810272216797,9.724920272827148,-6.759188175201416,11.490023612976074,1.071486234664917,8.35590934753418,2.1722476482391357,13.341268539428711,-2.8770267963409424,9.089095115661621,0.4572727084159851,0.2973318099975586,133.92857142857142,69.54133095347161,7.6185813385010865,26.55946158658638,0.6013071895424836,holdout_test
EMOVO\dis-m2-d2.wav,m2,d2,disgust,dis,,EMOVO,it,2.6026666666666665,0.008795468136668205,0.06299328926282051,4673.725216060062,2698.5107695179504,9655.16826923077,5444.423013600743,15.364169975101577,-469.91363525390625,93.92311096191406,106.9198226928711,42.08389663696289,2.8976306915283203,31.83833122253418,20.159685134887695,22.64598274230957,11.233466148376465,18.04383087158203,17.100940704345703,17.066179275512695,17.50578498840332,10.602594375610352,9.04918098449707,11.290091514587402,6.826145172119141,7.664667129516602,-3.565932035446167,11.008216857910156,2.0037529468536377,8.726753234863281,1.0429624319076538,10.007148742675781,-0.8792937397956848,11.559672355651855,0.5310490727424622,0.3030424118041992,156.25,69.86340111643553,6.704615446527557,22.40643117408183,0.5538461538461539,holdout_test
EMOVO\dis-m2-l1.wav,m2,l1,disgust,dis,,EMOVO,it,6.144,0.00939096137881279,0.053776512461260334,3980.7218430353078,1919.348493343797,8281.718104338843,5222.94710924247,15.49101216768635,-466.1491394042969,79.46559143066406,111.2394790649414,43.1600456237793,4.569742679595947,37.16332244873047,24.241376876831055,27.836732864379883,23.182209014892578,25.21995735168457,22.75193214416504,16.57819175720215,10.566689491271973,12.122564315795898,3.6986165046691895,10.70936107635498,5.954984188079834,9.278470039367676,-6.772191524505615,10.255871772766113,1.6816047430038452,9.52135181427002,5.214153289794922,9.862730979919434,1.6009595394134521,8.93161678314209,0.508773148059845,0.3076119124889374,104.16666666666667,70.65748687995844,8.977665267158267,36.048389969303656,0.46487603305785125,holdout_test
EMOVO\dis-m2-l2.wav,m2,l2,disgust,dis,,EMOVO,it,3.925333333333333,0.009158632718026638,0.07298403276057402,4147.341710779419,2105.502607249534,8121.19996223565,4956.3131192278015,15.052722855845088,-448.1380310058594,76.83866119384766,116.41552734375,52.2547607421875,-6.236574649810791,35.019371032714844,14.334757804870605,31.67962646484375,14.647420883178711,26.09782600402832,21.756080627441406,16.285818099975586,11.285504341125488,11.796297073364258,2.136488914489746,14.385658264160156,4.408351421356201,8.40307331085205,-6.81834602355957,10.784453392028809,0.639914870262146,8.513062477111816,6.197269439697266,8.307046890258789,2.4615039825439453,8.115660667419434,0.5338663458824158,0.28607186675071716,133.92857142857142,70.91864995953537,10.157455699565045,45.230832192314224,0.3323262839879154,holdout_test
EMOVO\dis-m2-l3.wav,m2,l3,disgust,dis,,EMOVO,it,4.48,0.009407111443579197,0.06480207992473822,4760.589276755471,2796.716262321212,10057.26439790576,5581.867836382732,15.290479752641417,-484.6328430175781,101.85223388671875,99.76445770263672,44.6080207824707,9.678915023803711,37.964359283447266,27.72418975830078,22.166351318359375,22.8830623626709,24.048017501831055,20.519729614257812,18.858888626098633,9.149420738220215,11.926278114318848,1.1300358772277832,13.107185363769531,3.758009910583496,8.693680763244629,0.8147324323654175,10.19753360748291,4.880436420440674,8.387224197387695,-1.2428621053695679,10.84127140045166,-0.7859880328178406,11.065312385559082,0.531032145023346,0.3153232932090759,144.23076923076923,73.32199484676741,11.643524011004086,45.230832192314224,0.4712041884816754,holdout_test
EMOVO\dis-m2-l4.wav,m2,l4,disgust,dis,,EMOVO,it,3.541333333333333,0.008347269147634506,0.06509515570934256,4552.779025352905,2502.9194745618647,9129.43339100346,5333.626131032125,15.139521461839086,-473.7985534667969,88.84680938720703,101.378662109375,50.562583923339844,-1.0676746368408203,33.39111328125,22.954286575317383,29.30914306640625,24.379825592041016,23.85586929321289,26.540285110473633,15.143583297729492,14.64200210571289,11.093536376953125,3.1041319370269775,12.682449340820312,3.2765023708343506,9.243398666381836,-4.339735507965088,9.985280990600586,2.3646185398101807,9.157028198242188,1.9466837644577026,9.829544067382812,-1.5322799682617188,10.269949913024902,0.5534085035324097,0.29678764939308167,82.72058823529412,66.36221521245146,2.8636750065554466,15.58479687037925,0.370242214532872,holdout_test
EMOVO\dis-m2-n1.wav,m2,n1,disgust,dis,,EMOVO,it,2.6453333333333333,0.014236838556826115,0.05604915028994845,3310.045443178924,1916.2241225163634,6700.467139175258,4567.9690556208325,16.071147467860847,-425.0262451171875,74.53022003173828,142.24398803710938,43.939842224121094,4.204503059387207,33.8033447265625,11.798501968383789,21.60653305053711,12.057336807250977,22.50696563720703,19.31610107421875,19.52364730834961,8.206303596496582,15.033519744873047,-0.8301405906677246,14.2210054397583,-0.7642062306404114,9.495902061462402,-4.853123188018799,10.545683860778809,4.808115482330322,8.516857147216797,-0.2614785432815552,11.501070022583008,-4.228638172149658,10.251655578613281,0.4854973256587982,0.2928352355957031,79.22535211267606,67.4925322273786,4.786887005415258,23.94137227403624,0.27319587628865977,holdout_test
EMOVO\dis-m2-n2.wav,m2,n2,disgust,dis,,EMOVO,it,3.2,0.013369118794798851,0.08615741292938932,4437.068880054461,2509.708642075002,8270.753816793893,4651.612926181231,15.83004700574799,-425.87835693359375,94.45956420898438,98.06382751464844,60.51938247680664,-11.283967018127441,36.155757904052734,39.71299362182617,23.02545166015625,12.21430778503418,26.174646377563477,19.96078109741211,15.609336853027344,9.82465648651123,10.050840377807617,5.334228992462158,13.259520530700684,3.8923795223236084,8.578290939331055,-7.882751941680908,13.431097030639648,3.2266244888305664,11.120701789855957,1.9542734622955322,10.863154411315918,-5.207039833068848,10.631393432617188,0.48701032996177673,0.3115707039833069,125.0,68.32838429042378,5.824132996794261,23.42676702285496,0.5458015267175572,holdout_test
EMOVO\dis-m2-n3.wav,m2,n3,disgust,dis,,EMOVO,it,2.7733333333333334,0.010426422581076622,0.06569387832125603,4001.028039079778,1832.4927364132611,7957.087862318841,4879.608527688242,16.256980643729094,-443.8312683105469,72.45228576660156,106.55522155761719,42.912879943847656,-11.201168060302734,29.890953063964844,26.760038375854492,30.76864242553711,18.61896324157715,24.103530883789062,25.84764862060547,17.407243728637695,20.531970977783203,9.518820762634277,1.4679853916168213,12.650460243225098,-1.0981899499893188,8.837637901306152,-6.149928092956543,11.982388496398926,0.34535548090934753,10.528278350830078,0.2327020913362503,11.874503135681152,-3.40956711769104,10.079556465148926,0.49002864956855774,0.3031521439552307,208.33333333333334,78.15821177973838,15.307730161655943,49.13244545367904,0.6618357487922706,holdout_test
EMOVO\dis-m2-n4.wav,m2,n4,disgust,dis,,EMOVO,it,4.864,0.011534116230905056,0.08252086900684931,4203.852658162673,2257.326447927479,8072.003424657534,4813.045436004498,15.92331770269411,-440.9938659667969,82.93744659423828,101.91758728027344,50.14015197753906,-8.002487182617188,41.69843292236328,29.52097511291504,25.7767333984375,11.779596328735352,26.602340698242188,22.90947914123535,18.01641845703125,14.358487129211426,10.503847122192383,2.190967082977295,12.145414352416992,0.46686410903930664,11.16379165649414,-5.000511169433594,10.926182746887207,1.7763410806655884,10.2679443359375,-1.6773467063903809,10.302196502685547,-1.0794459581375122,9.346138000488281,0.46941903233528137,0.3048982322216034,144.23076923076923,70.19372661483285,6.40975528970572,30.90890592949772,0.547945205479452,holdout_test
EMOVO\dis-m2-n5.wav,m2,n5,disgust,dis,,EMOVO,it,4.565333333333333,0.017075762152671814,0.05189098011363636,3574.207398113417,1587.529619399895,7310.306651069519,4563.494798086658,17.12568148837627,-423.90655517578125,82.72819519042969,106.73228454589844,39.17938995361328,-12.636425018310547,42.61210632324219,40.943031311035156,23.31661605834961,26.544340133666992,27.446348190307617,29.876508712768555,15.119587898254395,8.332711219787598,13.174877166748047,-5.821760177612305,13.250659942626953,0.48082324862480164,9.047507286071777,-2.733947277069092,10.808067321777344,1.4670740365982056,8.935709953308105,-2.2016592025756836,9.766730308532715,-1.9750025272369385,9.77198600769043,0.4415362477302551,0.31300824880599976,112.5,72.13766139343231,7.6353459373991335,40.84660485658334,0.7299465240641712,holdout_test
EMOVO\dis-m3-b1.wav,m3,b1,disgust,dis,,EMOVO,it,2.3466666666666667,0.019727464765310287,0.09415570427389706,3662.433166678824,2034.5119950722299,6275.90762867647,3564.3570320735416,16.703372881679304,-385.056396484375,78.27587890625,126.56754302978516,65.4996109008789,-25.86707305908203,28.395191192626953,54.56209945678711,29.199949264526367,5.43747615814209,29.69862174987793,16.096763610839844,14.847936630249023,-13.75326156616211,17.014196395874023,-6.090649127960205,10.868208885192871,3.757732629776001,13.514534950256348,-17.344585418701172,15.098320960998535,-0.20309168100357056,9.871944427490234,3.459275722503662,7.547039031982422,-1.8591293096542358,10.43777084350586,0.4736984074115753,0.2948588728904724,170.45454545454547,0.0,0.0,0.0,0.0,holdout_test
EMOVO\dis-m3-b2.wav,m3,b2,disgust,dis,,EMOVO,it,2.474666666666667,0.018427478149533272,0.06648763020833333,3272.4579391160846,1710.2887379651506,5941.550925925926,3674.0178206462188,17.29003232505172,-415.6549987792969,69.88597869873047,114.20404052734375,53.34860610961914,-18.138080596923828,35.004310607910156,78.33404541015625,30.846723556518555,28.31984519958496,28.309144973754883,17.67557716369629,19.76781463623047,-8.139473915100098,13.212257385253906,-0.10650785267353058,11.441323280334473,16.838640213012695,10.797268867492676,-8.35592269897461,9.112086296081543,-0.1301870495080948,9.068982124328613,-0.3422545790672302,8.358930587768555,-12.631132125854492,9.85494613647461,0.45650699734687805,0.29956692457199097,140.625,89.7987617997462,18.164491348185276,47.16473679449558,0.3950617283950617,holdout_test
EMOVO\dis-m3-b3.wav,m3,b3,disgust,dis,,EMOVO,it,2.304,0.017911486327648163,0.05484075615875912,2751.0433686522774,1705.2783244546972,5137.431569343065,3607.592285327345,17.12440624529103,-407.8669738769531,67.39264678955078,154.80996704101562,50.628013610839844,-1.2653852701187134,33.25102996826172,43.66731262207031,22.209095001220703,10.756070137023926,19.588991165161133,7.177486419677734,15.569809913635254,-18.936710357666016,18.866737365722656,-7.483310222625732,12.736068725585938,15.414422035217285,20.010107040405273,-5.75333833694458,14.762343406677246,-3.971553087234497,10.82902717590332,0.14297117292881012,9.841796875,-2.891709327697754,11.213254928588867,0.45449116826057434,0.2935357987880707,140.625,92.89602760139704,14.423223860006887,53.17164880956439,0.30656934306569344,holdout_test
EMOVO\dis-m3-d1.wav,m3,d1,disgust,dis,,EMOVO,it,2.3466666666666667,0.015372183173894882,0.08729636022286821,3732.4199644038636,1754.3866193489098,6910.9738372093025,3789.7993441384565,16.413285485112375,-395.3660888671875,68.67723846435547,117.98186492919922,62.884212493896484,-22.65664291381836,31.70229148864746,58.62435531616211,36.54878234863281,-10.7036771774292,16.113521575927734,2.5990376472473145,12.028585433959961,-4.379639625549316,12.715280532836914,8.113269805908203,8.882563591003418,5.719022750854492,7.541733264923096,-16.128877639770508,10.90898323059082,6.001288890838623,9.139260292053223,-0.9452558159828186,9.505516052246094,-1.2086445093154907,9.421424865722656,0.4565494656562805,0.2984185218811035,175.78125,68.75077411000062,4.943450764057949,13.279134958789555,0.3798449612403101,holdout_test
EMOVO\dis-m3-d2.wav,m3,d2,disgust,dis,,EMOVO,it,2.005333333333333,0.011459634639322758,0.051033141121031744,3094.457948742738,1335.6857011472273,6608.816964285715,4207.04976096533,15.854270379584243,-431.5201721191406,64.2226333618164,142.8571014404297,34.335880279541016,4.089681148529053,23.422338485717773,49.704288482666016,23.709716796875,-2.2697174549102783,20.26423454284668,0.9071093797683716,15.976968765258789,-2.178002119064331,12.469712257385254,5.088377952575684,9.33593463897705,13.968758583068848,9.091909408569336,-14.360788345336914,12.145963668823242,2.6349527835845947,9.281643867492676,-3.6392407417297363,10.7278413772583,-7.532295227050781,11.097311973571777,0.5064515471458435,0.29049935936927795,140.625,70.03888158004933,6.575164240842257,19.415204072287082,0.24603174603174602,holdout_test
EMOVO\dis-m3-l1.wav,m3,l1,disgust,dis,,EMOVO,it,5.973333333333334,0.01659204438328743,0.057706894985465114,3313.1940571037953,2146.515346070366,6891.824127906977,4243.228052352587,16.373993107432426,-438.7130126953125,98.3613510131836,143.06402587890625,46.97486877441406,0.05291152000427246,31.408411026000977,41.65056610107422,24.261295318603516,12.789454460144043,20.52446174621582,9.447098731994629,18.134187698364258,-11.001482963562012,14.477957725524902,-4.318547248840332,13.44670295715332,13.958691596984863,10.431267738342285,-10.338949203491211,12.86982250213623,-1.216336727142334,11.476458549499512,1.7739360332489014,9.37285041809082,-2.4837496280670166,12.114619255065918,0.4755645990371704,0.30245688557624817,181.4516129032258,77.12747396088605,15.75284857497516,47.816854705634455,0.3023255813953488,holdout_test
EMOVO\dis-m3-l2.wav,m3,l2,disgust,dis,,EMOVO,it,4.224,0.016154630109667778,0.056520273987676055,2899.7917162846647,1597.4974277561555,5360.832966549296,3723.2038848588923,16.848266142659728,-412.13818359375,71.02427673339844,147.786376953125,51.24740219116211,-10.14238166809082,31.10839080810547,43.377559661865234,27.849609375,10.637795448303223,22.307537078857422,12.179194450378418,16.91231346130371,-8.917194366455078,16.222030639648438,-5.007795810699463,13.502409934997559,10.24312686920166,10.565971374511719,-14.389602661132812,11.06015396118164,-5.595189094543457,10.016599655151367,1.3737454414367676,7.319406032562256,0.6144046783447266,11.840038299560547,0.45143285393714905,0.3021005690097809,96.98275862068965,72.93755546456174,8.572676763243237,23.42676702285496,0.07746478873239436,holdout_test
EMOVO\dis-m3-l3.wav,m3,l3,disgust,dis,,EMOVO,it,4.394666666666667,0.011795450001955032,0.11031114186672185,4685.168830089959,3610.3090140135514,8827.245447019868,4732.2495424171775,15.766387764696718,-485.82855224609375,122.89517211914062,117.51538848876953,59.407470703125,1.7122434377670288,35.447357177734375,41.47563171386719,26.70456314086914,14.480035781860352,19.04376792907715,5.268978118896484,12.242328643798828,-4.165741920471191,14.603043556213379,-0.5729063749313354,12.879337310791016,12.705060005187988,10.422246932983398,-6.325013160705566,13.267319679260254,1.0434401035308838,9.91765022277832,0.5204514265060425,9.139081954956055,-6.482573509216309,11.594717025756836,0.5501105189323425,0.2941654324531555,125.0,72.79958327269756,10.261496838886492,38.41978306983661,0.4470198675496689,holdout_test
EMOVO\dis-m3-l4.wav,m3,l4,disgust,dis,,EMOVO,it,3.072,0.0179800633341074,0.0635587484529703,3228.9789502252897,1837.5973575108842,6506.574876237623,3879.044934165188,17.352337014251187,-417.3203125,79.36067199707031,138.95445251464844,50.75544738769531,-13.612177848815918,29.069101333618164,50.583248138427734,29.905956268310547,15.771832466125488,23.81537628173828,7.315428256988525,13.547859191894531,-9.916210174560547,14.970562934875488,2.5704963207244873,10.239855766296387,10.535765647888184,11.809057235717773,-19.912006378173828,14.57168960571289,0.4282703995704651,12.709122657775879,1.5604498386383057,9.38196849822998,-10.37909984588623,14.094429016113281,0.43073949217796326,0.3045128881931305,112.5,66.03547848751703,2.47730472693761,10.598817073078024,0.16336633663366337,holdout_test
EMOVO\dis-m3-n1.wav,m3,n1,disgust,dis,,EMOVO,it,2.688,0.012252873741090298,0.061266712306701034,3245.5115414770935,1855.2567554179861,6661.686533505154,4194.787937116197,16.753017700334357,-438.2266540527344,77.88957977294922,146.9984588623047,46.08004379272461,2.3419389724731445,29.106048583984375,38.45408248901367,20.078615188598633,7.503847122192383,18.3183650970459,0.3439074754714966,21.205331802368164,-11.71892261505127,15.644634246826172,-0.7493256330490112,10.703234672546387,11.138232231140137,10.129324913024902,-10.909167289733887,10.222431182861328,-3.2902932167053223,11.920812606811523,1.2709180116653442,10.358075141906738,-1.3974895477294922,8.001036643981934,0.4720302224159241,0.2876252233982086,102.27272727272727,79.06749689374513,10.017500371358778,28.16699637944447,0.15463917525773196,holdout_test
EMOVO\dis-m3-n2.wav,m3,n2,disgust,dis,,EMOVO,it,4.437333333333333,0.013558240607380867,0.09842192691029901,4221.9577101692685,2907.159986926423,7984.8681478405315,4289.401425854075,16.48816977549278,-444.5934753417969,111.82080078125,122.45989990234375,64.9791488647461,-8.468069076538086,34.97916793823242,44.122406005859375,33.8693962097168,6.292444229125977,27.11202621459961,2.772132158279419,15.314352035522461,-10.722122192382812,15.571037292480469,4.0103230476379395,12.159539222717285,13.524075508117676,11.689085006713867,-10.87785530090332,12.352946281433105,-3.589568853378296,11.422087669372559,-1.0969594717025757,9.498639106750488,-4.468428611755371,11.176494598388672,0.4784344434738159,0.30524566769599915,165.44117647058823,67.72140703970075,6.086894853777601,23.94137227403624,0.20930232558139536,holdout_test
EMOVO\dis-m3-n3.wav,m3,n3,disgust,dis,,EMOVO,it,2.474666666666667,0.009644503705203533,0.058372795914804466,3282.7546104248677,1470.7472615215752,6190.6424581005585,4190.4730986709965,15.975651299136356,-441.1691589355469,68.40898895263672,131.3339385986328,42.21342849731445,-11.137511253356934,28.83043098449707,40.89830017089844,24.990055084228516,18.24254035949707,28.403322219848633,19.076690673828125,15.411140441894531,-6.745876789093018,16.665456771850586,-6.080863952636719,11.779372215270996,8.056203842163086,10.234701156616211,-12.500146865844727,12.877396583557129,0.25961431860923767,11.29633903503418,2.7185397148132324,11.468393325805664,2.5361170768737793,12.472676277160645,0.5128985047340393,0.27645760774612427,160.71428571428572,84.5295268691414,8.388729204854195,34.8830824162542,0.329608938547486,holdout_test
EMOVO\dis-m3-n4.wav,m3,n4,disgust,dis,,EMOVO,it,4.1386666666666665,0.010569633916020393,0.06771232745398773,3357.6193561939713,1788.0082004276455,6373.993481595092,4103.462735482194,16.698897489921976,-450.57769775390625,74.52592468261719,123.77096557617188,53.41563415527344,-9.913555145263672,41.62946319580078,50.787227630615234,29.071178436279297,22.791587829589844,25.766895294189453,9.829384803771973,12.645330429077148,-9.033036231994629,15.969767570495605,-2.1180002689361572,10.787859916687012,13.278451919555664,14.522541999816895,-10.189507484436035,12.778592109680176,-3.25475811958313,9.32805347442627,4.151460647583008,8.61014461517334,-1.2935036420822144,12.97980785369873,0.48729249835014343,0.2840321362018585,144.23076923076923,84.91594562067458,10.003480954615217,44.59360867485033,0.44171779141104295,holdout_test
EMOVO\dis-m3-n5.wav,m3,n5,disgust,dis,,EMOVO,it,4.522666666666667,0.01572309248149395,0.054143732244318184,3044.7004077407987,1635.7181967687245,5774.547230113636,3953.2209569613156,17.388914547993355,-435.2743225097656,80.3580322265625,132.22084045410156,50.111080169677734,-3.4705352783203125,40.130653381347656,56.309104919433594,29.568689346313477,21.46599006652832,27.375057220458984,13.443670272827148,17.204124450683594,-11.285489082336426,17.26508331298828,-5.933084011077881,10.665488243103027,10.249628067016602,12.781494140625,-13.052051544189453,12.083106994628906,0.31354549527168274,8.138051986694336,-0.04388635978102684,7.809281349182129,-11.627366065979004,11.804022789001465,0.4232270419597626,0.29735928773880005,130.8139534883721,90.38811482613966,14.597159538429631,60.950427724524175,0.26420454545454547,holdout_test
EMOVO\gio-f1-b1.wav,f1,b1,happy,gio,,EMOVO,it,1.9626666666666666,0.03705127537250519,0.11995932213345864,4142.5751601529955,2507.3638024655174,6816.611842105263,3555.196971346897,18.40048566751704,-345.6189270019531,73.34938049316406,105.87144470214844,55.20368957519531,-43.17646789550781,37.9759407043457,29.022754669189453,28.751571655273438,4.240213394165039,24.271854400634766,20.073762893676758,15.530380249023438,-33.98894119262695,19.965198516845703,-14.017687797546387,12.617337226867676,-9.085649490356445,13.83680248260498,-3.728527545928955,10.734916687011719,9.73479175567627,12.67094612121582,-4.733369827270508,10.47534465789795,-8.362483978271484,10.77679443359375,0.38237836956977844,0.3171190917491913,104.16666666666667,113.13868765992848,15.916493149732515,54.43469727241188,0.6541353383458647,holdout_test
EMOVO\gio-f1-b2.wav,f1,b2,happy,gio,,EMOVO,it,2.12,0.03978174179792404,0.0925851460375817,3880.8891892654356,2463.6658642699877,6709.712009803921,3592.8466188427437,18.838276069820257,-356.00506591796875,59.17024612426758,91.25533294677734,58.39207077026367,-28.406320571899414,23.874980926513672,53.68046569824219,31.510963439941406,11.436784744262695,22.306955337524414,9.231993675231934,23.176124572753906,-32.25884246826172,15.899127006530762,-10.975260734558105,12.794240951538086,4.143733978271484,10.177380561828613,-3.095396041870117,11.568114280700684,-8.708770751953125,9.623332977294922,-12.803032875061035,10.371986389160156,-9.414551734924316,9.352938652038574,0.34004518389701843,0.3271380066871643,140.625,123.93273530687443,23.857546315208367,96.22699881552158,0.803921568627451,holdout_test
EMOVO\gio-f1-b3.wav,f1,b3,happy,gio,,EMOVO,it,2.1706666666666665,0.025455251336097717,0.07886376318993507,3356.051453369599,2271.1795389549075,5724.381087662337,3623.5509851991847,17.75397772995073,-393.3620300292969,74.4526596069336,127.42120361328125,54.63908386230469,-25.844663619995117,33.01461410522461,26.431928634643555,21.285905838012695,10.068574905395508,20.109468460083008,11.04093074798584,21.50044822692871,-28.229707717895508,15.053315162658691,-5.354466915130615,12.260313987731934,1.9418325424194336,12.923177719116211,2.7192161083221436,13.671631813049316,3.202326774597168,12.567535400390625,-9.586702346801758,8.797785758972168,-6.152303218841553,7.721467018127441,0.3517891466617584,0.3159111738204956,78.125,104.08867188105236,15.74260928245035,59.683157834770284,0.7532467532467533,holdout_test
EMOVO\gio-f1-d1.wav,f1,d1,happy,gio,,EMOVO,it,2.474666666666667,0.030223526060581207,0.115234375,4230.815827646119,2548.308770270259,7033.258928571428,3685.9860217284127,18.27027559668282,-347.1827697753906,62.746177673339844,103.91019439697266,65.41381072998047,-33.460105895996094,22.008323669433594,26.904197692871094,30.460601806640625,-11.08089542388916,18.307479858398438,17.865631103515625,15.492961883544922,-31.61561393737793,17.93350601196289,-6.477288722991943,12.396869659423828,1.099173665046692,9.128491401672363,-1.7352737188339233,11.236763954162598,5.569119930267334,12.2739839553833,-7.140147686004639,7.401327133178711,-11.74494743347168,9.477315902709961,0.3487372398376465,0.3228479027748108,165.44117647058823,136.26822875657462,36.94347669770144,127.3150123670564,0.7333333333333333,holdout_test
EMOVO\gio-f1-d2.wav,f1,d2,happy,gio,,EMOVO,it,2.3893333333333335,0.028650404885411263,0.05262382075471698,2692.056296100088,1117.5781307868044,4848.688089622641,3581.2810644360484,17.831517948984374,-380.6648254394531,74.25101470947266,152.56851196289062,26.247486114501953,-29.351688385009766,26.54835319519043,15.061711311340332,27.66432762145996,6.2765302658081055,22.52313804626465,8.788885116577148,16.04104232788086,-30.697200775146484,20.422481536865234,-10.407819747924805,12.084961891174316,-7.713995933532715,10.675732612609863,-7.619388580322266,10.98381233215332,5.067570686340332,8.685306549072266,-7.97438383102417,8.120718002319336,-6.224271297454834,10.380499839782715,0.3555373549461365,0.3191627562046051,137.1951219512195,115.03756064377866,15.335701690323587,80.52201101529678,0.8679245283018868,holdout_test
EMOVO\gio-f1-l1.wav,f1,l1,happy,gio,,EMOVO,it,5.12,0.026585130020976067,0.07839879077842377,4334.103891519724,3279.735517464433,8074.915213178295,4427.810136884174,17.408482150183247,-422.7348937988281,124.10386657714844,110.1291275024414,57.56709289550781,-13.669153213500977,30.805150985717773,25.169946670532227,25.540555953979492,10.330692291259766,21.29912757873535,9.563045501708984,15.261627197265625,-21.43329620361328,24.410432815551758,-5.34291934967041,14.248028755187988,3.2621500492095947,10.26162338256836,-2.0560476779937744,11.668760299682617,1.0817337036132812,9.398200035095215,-4.020595550537109,10.50035572052002,-4.309811115264893,10.09597396850586,0.41391730308532715,0.3435582220554352,100.44642857142857,112.26733995502772,19.83885976213648,107.30488654121842,0.7028423772609819,holdout_test
EMOVO\gio-f1-l2.wav,f1,l2,happy,gio,,EMOVO,it,3.584,0.03134191408753395,0.07805813991182572,3324.440574280684,1941.8129760314014,5795.092064315353,3520.1965656752186,18.42482531529679,-364.5117492675781,74.41455078125,130.77137756347656,49.12963104248047,-34.875091552734375,33.520755767822266,33.76838684082031,28.426998138427734,10.544048309326172,24.37154769897461,11.78606128692627,15.807726860046387,-32.6654052734375,21.046215057373047,-11.189720153808594,12.38345718383789,-2.156686305999756,14.657437324523926,-3.7557716369628906,13.810819625854492,2.9001317024230957,9.992424011230469,-5.815576076507568,9.62663745880127,-6.332996845245361,11.647610664367676,0.37674909830093384,0.32077479362487793,133.92857142857142,107.15103529248555,11.399436499445208,65.38523183702517,0.7759336099585062,holdout_test
EMOVO\gio-f1-l3.wav,f1,l3,happy,gio,,EMOVO,it,3.968,0.023521719500422478,0.08700625546328672,4478.945332004567,3300.116809104181,8555.998688811189,4515.33764746309,16.813597103988325,-432.184814453125,129.3839874267578,112.38966369628906,57.31379699707031,-16.97803497314453,35.917457580566406,22.74131965637207,27.916351318359375,7.347538471221924,16.047515869140625,1.1138880252838135,15.310468673706055,-19.500350952148438,23.327939987182617,-1.5430487394332886,11.933055877685547,3.6061999797821045,8.831049919128418,-5.037050247192383,14.858861923217773,-3.200861692428589,11.207586288452148,-7.910601615905762,12.192930221557617,-2.4328742027282715,9.949591636657715,0.43671897053718567,0.32678815722465515,108.17307692307692,119.02919804933286,21.680486253742174,80.94693956476658,0.5734265734265734,holdout_test
EMOVO\gio-f1-l4.wav,f1,l4,happy,gio,,EMOVO,it,2.7733333333333334,0.04196285083889961,0.06327967489919355,3334.210362311276,1691.756025127327,6471.648185483871,3822.6544331163313,19.39179208383994,-363.6723937988281,91.17601013183594,117.52616882324219,39.19734573364258,-29.666425704956055,29.85425567626953,38.37529754638672,29.21358299255371,2.41145920753479,17.231197357177734,8.825139999389648,19.224699020385742,-33.38343048095703,24.419387817382812,-6.733335494995117,14.727935791015625,4.39833402633667,9.163360595703125,-12.232300758361816,15.41776180267334,-3.9871959686279297,9.856468200683594,-2.051403760910034,10.65710735321045,-11.547293663024902,11.028969764709473,0.3380368649959564,0.3360837399959564,114.79591836734694,134.86519129532834,20.017557324812483,102.28828123298416,0.8172043010752689,holdout_test
EMOVO\gio-f1-n1.wav,f1,n1,happy,gio,,EMOVO,it,2.005333333333333,0.025651603937149048,0.05649266098484849,2959.261864544672,1624.9281018877452,5535.15625,3771.253999947693,18.159419749066515,-392.9241943359375,88.58916473388672,146.814208984375,38.32764434814453,-23.434688568115234,34.25465393066406,13.682840347290039,27.234512329101562,6.032215118408203,20.192033767700195,15.877030372619629,16.105989456176758,-25.29552459716797,19.036293029785156,-14.914069175720215,11.800851821899414,-3.537177801132202,14.564522743225098,-1.6739622354507446,13.176254272460938,1.3483257293701172,11.214615821838379,-8.925862312316895,8.448073387145996,-8.504447937011719,8.800576210021973,0.38093647360801697,0.31534913182258606,119.68085106382979,106.86526724289715,20.28623016581395,73.83903813008254,0.9166666666666666,holdout_test
EMOVO\gio-f1-n2.wav,f1,n2,happy,gio,,EMOVO,it,2.6453333333333333,0.039591506123542786,0.09963727678571428,3647.6431375727802,2486.430208323363,6009.642857142857,3443.872229830793,18.96996253197576,-343.9827880859375,67.45274353027344,123.32294464111328,62.191341400146484,-30.631240844726562,29.496309280395508,26.533672332763672,32.339256286621094,-8.472114562988281,27.73558807373047,9.428114891052246,16.10145378112793,-33.807708740234375,20.02434539794922,-0.37111520767211914,14.523433685302734,0.972515881061554,12.91787052154541,-7.741433620452881,14.665777206420898,-6.840636730194092,9.986876487731934,-1.492676854133606,10.669148445129395,-6.189871788024902,11.508720397949219,0.33518990874290466,0.3197411596775055,127.8409090909091,115.31257330637125,17.379443304132366,77.32331510110586,0.7828571428571428,holdout_test
EMOVO\gio-f1-n3.wav,f1,n3,happy,gio,,EMOVO,it,2.517333333333333,0.03823644667863846,0.08017893145161291,3330.4543243780086,2033.4422297696417,5512.9536290322585,3377.416046065063,18.567377711245097,-344.00958251953125,70.28175354003906,125.23238372802734,46.45306396484375,-41.333335876464844,28.610631942749023,33.52183151245117,31.457460403442383,9.945480346679688,26.06343650817871,9.472769737243652,16.412395477294922,-36.68394470214844,18.69038963317871,-13.519231796264648,13.180376052856445,-6.677915573120117,9.563090324401855,-5.050771713256836,11.22275161743164,0.7129077315330505,11.755990028381348,-11.092817306518555,10.365160942077637,-6.609142780303955,10.016523361206055,0.3406084477901459,0.3195221722126007,110.29411764705883,115.68678821306071,13.158202985688408,66.00452328442324,0.7935483870967742,holdout_test
EMOVO\gio-f1-n4.wav,f1,n4,happy,gio,,EMOVO,it,4.010666666666666,0.046130966395139694,0.08467864990234375,3333.2929453999927,2056.0339998021395,5579.681396484375,3267.187646522828,19.577329985476105,-334.11370849609375,75.31681823730469,119.85717010498047,55.40812683105469,-42.7352180480957,34.53022384643555,39.6416015625,33.884178161621094,-4.251829147338867,20.220645904541016,-2.469745635986328,17.762435913085938,-33.878265380859375,19.800201416015625,-0.8798075318336487,13.674158096313477,0.8521804213523865,9.894804954528809,-12.182900428771973,16.16400909423828,-4.603493690490723,11.81404972076416,-1.9184372425079346,11.899280548095703,-9.4215087890625,10.436023712158203,0.31885966658592224,0.32230469584465027,96.98275862068965,121.17332702739455,16.931142911343038,71.84443228794352,0.8046875,holdout_test
EMOVO\gio-f1-n5.wav,f1,n5,happy,gio,,EMOVO,it,4.096,0.037021052092313766,0.06346814385775862,3088.444250321521,1417.9297335432286,5426.589439655172,3473.7915644180616,20.185986609661075,-373.6964416503906,81.66297912597656,119.20423126220703,38.95451736450195,-39.472320556640625,32.99647521972656,50.925384521484375,30.755306243896484,16.3801326751709,23.46428680419922,1.5483577251434326,16.552946090698242,-39.073665618896484,18.914836883544922,-11.904510498046875,14.789593696594238,-0.09352459013462067,12.185310363769531,-7.389740943908691,12.219107627868652,-1.645556926727295,13.235694885253906,-11.128393173217773,12.58126449584961,-9.909530639648438,11.70800495147705,0.3216739594936371,0.32147887349128723,137.1951219512195,120.21960711307872,12.49960407733446,71.7016629548329,0.8827586206896552,holdout_test
EMOVO\gio-f2-b1.wav,f2,b1,happy,gio,,EMOVO,it,2.2186666666666666,0.08598478883504868,0.07978439331054688,2755.0768976442127,1884.3929497630745,4948.6083984375,2555.8916648362765,20.406192452786915,-294.44500732421875,77.19113159179688,134.52926635742188,44.186344146728516,-45.52584457397461,35.85736083984375,26.11635971069336,19.387868881225586,1.7840540409088135,21.543067932128906,1.479597568511963,15.287300109863281,-27.204696655273438,14.625648498535156,-26.18476104736328,13.929773330688477,2.149413585662842,10.259344100952148,-11.960329055786133,11.580540657043457,-1.0259909629821777,12.892220497131348,-4.744635581970215,7.782795429229736,-10.219879150390625,8.953024864196777,0.3217434883117676,0.3286594748497009,170.45454545454547,124.72741783033143,16.041408725178183,68.1039589809236,0.875,holdout_test
EMOVO\gio-f2-b2.wav,f2,b2,happy,gio,,EMOVO,it,2.005333333333333,0.08875412493944168,0.07837532140031646,2900.6631742658665,2102.289156605009,5060.571598101265,2552.7834572271104,20.453273640096818,-300.99658203125,59.939781188964844,119.6824722290039,48.92156219482422,-43.30789566040039,23.636709213256836,43.82719421386719,34.632808685302734,14.839012145996094,24.850255966186523,-0.7593443393707275,20.19949722290039,-24.277069091796875,13.06790542602539,-15.506690979003906,15.675554275512695,5.7873430252075195,9.620553016662598,-14.464641571044922,12.202073097229004,-11.159939765930176,10.392638206481934,-10.347458839416504,8.377058982849121,-13.55964183807373,8.075910568237305,0.316332072019577,0.33326059579849243,57.39795918367347,124.43167511821667,16.325774124545447,78.55155904264184,0.8417721518987342,holdout_test
EMOVO\gio-f2-b3.wav,f2,b3,happy,gio,,EMOVO,it,2.005333333333333,0.08148021996021271,0.06081736173561151,2356.239450742991,1476.4399532912055,4322.448291366906,2394.1567053733193,19.572419958317216,-288.3996276855469,56.98688507080078,150.31077575683594,37.63237380981445,-47.70696258544922,26.57393455505371,38.47844696044922,21.365415573120117,-1.7590287923812866,16.057575225830078,-4.506673812866211,17.201995849609375,-20.50259017944336,11.275440216064453,-16.3107852935791,13.894510269165039,11.936569213867188,9.7523832321167,-6.919259071350098,8.4146089553833,-5.011559009552002,12.980950355529785,-8.085809707641602,8.146024703979492,-14.781014442443848,7.279834747314453,0.35259416699409485,0.33557450771331787,187.5,127.3181878712577,12.54827307490009,69.21231511567731,0.7913669064748201,holdout_test
EMOVO\gio-f2-d1.wav,f2,d1,happy,gio,,EMOVO,it,1.6213333333333333,0.058821484446525574,0.07908347800925926,2799.081956876561,1898.256414969034,5011.71875,2585.5702166307015,19.8621572462977,-323.8653869628906,58.52447509765625,133.6071319580078,47.12493896484375,-45.87702178955078,24.363866806030273,22.27872085571289,30.52064323425293,-16.364768981933594,14.068501472473145,-1.4644324779510498,17.46173095703125,-15.526593208312988,13.422039985656738,-20.182571411132812,16.654268264770508,0.8738605380058289,10.558941841125488,-11.181913375854492,11.34266471862793,-2.373295307159424,8.884124755859375,-4.050063610076904,9.310507774353027,-15.790796279907227,7.925452709197998,0.3311872184276581,0.3320296108722687,100.44642857142857,169.92167495129033,43.22856636610617,157.14266182328348,0.8425925925925926,holdout_test
EMOVO\gio-f2-d2.wav,f2,d2,happy,gio,,EMOVO,it,1.5786666666666667,0.0769629180431366,0.04134711869266055,2088.83328535722,779.3894944382735,4011.6829128440368,2326.3846952660574,20.949603217281133,-309.6253967285156,52.66237258911133,136.13623046875,25.372211456298828,-47.380130767822266,24.214599609375,18.84362030029297,24.925994873046875,6.026200771331787,20.788755416870117,-4.069775581359863,13.034281730651855,-15.620665550231934,13.234667778015137,-29.42228889465332,13.299416542053223,-6.720378398895264,11.175359725952148,-9.652887344360352,10.386412620544434,-5.931702613830566,9.584699630737305,-6.924020767211914,8.70130729675293,-14.927889823913574,6.684950351715088,0.2991066575050354,0.33223864436149597,137.1951219512195,157.09909808512737,24.637257719753755,74.35176402762093,0.944954128440367,holdout_test
EMOVO\gio-f2-l1.wav,f2,l1,happy,gio,,EMOVO,it,4.437333333333333,0.0692753866314888,0.04368050388558201,2066.912237799048,1663.7048054399572,3937.81001984127,2279.531136620302,19.225229724605946,-351.2410583496094,105.56697845458984,128.53602600097656,58.82538604736328,-27.278594970703125,27.743709564208984,24.219377517700195,24.024446487426758,5.8203887939453125,16.766719818115234,-2.1208722591400146,13.490551948547363,-17.197895050048828,13.79857349395752,-19.425291061401367,15.041141510009766,3.2598989009857178,9.358835220336914,-8.471988677978516,12.200078964233398,-6.9168500900268555,12.138858795166016,-5.519641876220703,8.226058006286621,-13.890978813171387,9.216243743896484,0.3010711073875427,0.3322945833206177,102.27272727272727,130.76539855688273,22.908969788178673,95.61018881850066,0.7804232804232805,holdout_test
EMOVO\gio-f2-l2.wav,f2,l2,happy,gio,,EMOVO,it,2.7733333333333334,0.06951382011175156,0.05582108686674009,2227.069092216875,1499.1278326549077,4112.093887665198,2338.807365188287,19.93880665616004,-310.997802734375,54.58550262451172,147.91946411132812,37.0024528503418,-38.787803649902344,31.16932487487793,22.666101455688477,24.063589096069336,2.107424020767212,17.3236083984375,-3.61568284034729,15.460190773010254,-20.93927001953125,15.284921646118164,-25.90912437438965,15.045720100402832,-0.17653310298919678,9.570442199707031,-9.85920524597168,11.11868953704834,-2.943805456161499,9.97374439239502,-3.523191213607788,8.120027542114258,-14.781508445739746,9.868063926696777,0.3262747526168823,0.3313854932785034,86.53846153846153,132.9069156401031,25.71715073602327,119.95429623724219,0.8810572687224669,holdout_test
EMOVO\gio-f2-l3.wav,f2,l3,happy,gio,,EMOVO,it,3.029333333333333,0.07619383931159973,0.04006731017561983,2021.0093408343762,1249.1310129548613,3847.3334194214876,2359.2380147316994,19.77492021824695,-333.70068359375,97.40116882324219,131.7764129638672,48.22367477416992,-29.350126266479492,35.27301025390625,20.893543243408203,27.18052864074707,1.3076108694076538,15.451688766479492,-5.294775009155273,12.061439514160156,-15.409546852111816,15.250509262084961,-22.185441970825195,15.438972473144531,-0.40213844180107117,8.769869804382324,-12.051213264465332,10.53360652923584,-10.138276100158691,11.736339569091797,-4.954622268676758,7.875558376312256,-13.471802711486816,8.406936645507812,0.285988450050354,0.3353063762187958,133.92857142857142,147.81299174521598,33.86070944304634,116.35666093120564,0.871900826446281,holdout_test
EMOVO\gio-f2-l4.wav,f2,l4,happy,gio,,EMOVO,it,2.56,0.08632269501686096,0.04428882694723618,2230.808308184377,1150.291332184821,4218.985552763819,2471.9318451998793,20.076128661797583,-319.42340087890625,92.06275177001953,130.55502319335938,41.4725456237793,-42.57859420776367,29.610082626342773,32.73854064941406,24.032026290893555,10.58188533782959,17.7797794342041,-8.346810340881348,13.462580680847168,-24.361730575561523,15.917865753173828,-25.19287109375,15.217570304870605,1.38612961769104,11.264155387878418,-14.174885749816895,10.750706672668457,-9.420662879943848,11.277037620544434,-5.207904815673828,7.420254230499268,-13.569463729858398,8.330428123474121,0.2991599142551422,0.3355891704559326,175.78125,150.7335102336788,30.502773648373253,121.0115099692795,0.8693467336683417,holdout_test
EMOVO\gio-f2-n1.wav,f2,n1,happy,gio,,EMOVO,it,1.8346666666666667,0.08124502003192902,0.04254061933876811,1993.0151566158308,1032.6039875183824,3683.4239130434785,2250.7522476788354,20.05277121785796,-312.7905578613281,79.16143798828125,154.23046875,33.00027084350586,-48.54669952392578,33.68451690673828,21.83388900756836,25.119823455810547,0.5847190022468567,20.693397521972656,-5.326752185821533,12.93221378326416,-18.596405029296875,11.998262405395508,-23.415081024169922,11.559854507446289,0.3448124825954437,10.53381633758545,-14.422628402709961,10.945040702819824,-9.328512191772461,10.368163108825684,-5.679258346557617,6.8899617195129395,-14.174386978149414,8.22737979888916,0.26788854598999023,0.3222578763961792,122.28260869565217,141.54147991523934,27.568769289747575,86.49589770316565,0.9492753623188406,holdout_test
EMOVO\gio-f2-n2.wav,f2,n2,happy,gio,,EMOVO,it,2.2613333333333334,0.07510318607091904,0.07715788810483871,2716.5387650598605,2068.342071743865,4947.580645161291,2592.418560221693,19.984536657630905,-313.5708312988281,54.258384704589844,133.49826049804688,45.084747314453125,-38.49502182006836,26.669631958007812,31.601701736450195,19.90883445739746,-1.5443146228790283,25.693096160888672,2.302382230758667,18.007017135620117,-23.96108627319336,9.528908729553223,-23.014127731323242,16.082054138183594,-2.5785951614379883,10.47293472290039,-18.458255767822266,11.020038604736328,-5.874087810516357,11.196695327758789,-4.198423385620117,7.990704536437988,-12.975120544433594,10.862324714660645,0.2978511452674866,0.3312673568725586,148.02631578947367,141.26950945074557,25.567475299302444,97.28142548092774,0.8774193548387097,holdout_test
EMOVO\gio-f2-n3.wav,f2,n3,happy,gio,,EMOVO,it,2.048,0.08928966522216797,0.05841796875,2423.8332086349847,1406.45892731484,4468.90625,2427.722163587839,21.204013406885586,-287.40093994140625,49.20471954345703,128.95814514160156,30.172840118408203,-46.79021453857422,23.738672256469727,30.61002540588379,22.289569854736328,4.371756553649902,21.53769874572754,-6.800283432006836,15.783093452453613,-25.519777297973633,13.206114768981934,-28.05530548095703,14.913334846496582,-0.3385851979255676,10.73939037322998,-12.188215255737305,11.179036140441895,-3.71122145652771,10.981680870056152,-5.173336982727051,8.627885818481445,-18.337764739990234,9.521979331970215,0.27242177724838257,0.32525116205215454,193.9655172413793,157.24892786713124,28.298337177816986,131.67848299502856,0.8866666666666667,holdout_test
EMOVO\gio-f2-n4.wav,f2,n4,happy,gio,,EMOVO,it,3.2426666666666666,0.07541166245937347,0.07078503024193548,2560.85702679252,1547.0809670100552,4610.2885584677415,2355.1624286623255,20.79497325738334,-297.2810363769531,58.30657958984375,125.43350219726562,37.97886276245117,-51.93027114868164,31.825592041015625,34.39826583862305,26.82953453063965,4.5699076652526855,21.088607788085938,-6.212945461273193,12.779951095581055,-17.34792709350586,16.448162078857422,-25.17756462097168,15.649243354797363,-3.83817195892334,10.107199668884277,-11.355999946594238,10.710253715515137,-5.165038108825684,12.529109001159668,-6.413516521453857,8.192675590515137,-14.89273738861084,10.05067253112793,0.3103136718273163,0.32797667384147644,110.29411764705883,135.04125933980697,14.268229205245786,66.41501116104773,0.8548387096774194,holdout_test
EMOVO\gio-f2-n5.wav,f2,n5,happy,gio,,EMOVO,it,3.328,0.0755574032664299,0.052077073317307696,2257.6602970563904,1329.9097244647214,4150.8713942307695,2322.4003952014655,21.045905625468187,-331.86181640625,68.54851531982422,118.62387084960938,36.72511672973633,-36.18468475341797,35.20480728149414,33.29441833496094,24.384315490722656,8.766853332519531,23.61415672302246,-13.550907135009766,12.786918640136719,-24.66941261291504,16.69975471496582,-27.351709365844727,13.311002731323242,-1.8221778869628906,10.50310230255127,-13.969240188598633,10.92431926727295,-11.692998886108398,13.155208587646484,-6.804023742675781,7.538088798522949,-15.015512466430664,9.15790843963623,0.2710191011428833,0.3324626088142395,137.1951219512195,160.7131076038583,29.166421217428304,126.88783849258921,0.8884615384615384,holdout_test
EMOVO\gio-f3-b1.wav,f3,b1,happy,gio,,EMOVO,it,1.8133333333333332,0.015940090641379356,0.09888346354166666,3795.715506348917,2180.9931732784153,6464.375,3803.0399323917995,18.054294430400702,-433.8918151855469,75.33357238769531,110.62196350097656,54.78384017944336,-28.389619827270508,36.504554748535156,36.766902923583984,29.02699851989746,9.388243675231934,28.2259521484375,7.96806001663208,11.858600616455078,-25.619157791137695,20.684106826782227,-21.318878173828125,14.822108268737793,2.453955888748169,10.618912696838379,-10.609798431396484,10.423694610595703,-1.3421142101287842,11.144427299499512,-0.6900440454483032,10.650540351867676,-9.62952995300293,8.863422393798828,0.36114701628685,0.3196552097797394,70.3125,109.23270871766046,21.999473936630107,79.70188541521695,0.76,holdout_test
EMOVO\gio-f3-b2.wav,f3,b2,happy,gio,,EMOVO,it,2.176,0.017057277262210846,0.07834367810582822,3469.6253651205875,1878.9113913779918,5920.3412576687115,3746.6449612965007,18.789802698708197,-438.4523620605469,54.42884063720703,108.00927734375,54.719200134277344,-22.775789260864258,24.087566375732422,56.087745666503906,34.53522491455078,27.627037048339844,28.6419677734375,0.9057011604309082,16.8897705078125,-30.207792282104492,16.37508773803711,-4.900588512420654,10.914912223815918,14.094271659851074,12.235166549682617,-18.245878219604492,13.198906898498535,-12.106088638305664,10.702401161193848,-6.397953033447266,9.636696815490723,-10.537787437438965,9.453812599182129,0.3657698631286621,0.3254533112049103,137.1951219512195,97.83881939658207,14.756879750038786,63.36346199812493,0.7975460122699386,holdout_test
EMOVO\gio-f3-b3.wav,f3,b3,happy,gio,,EMOVO,it,2.1973333333333334,0.012677242048084736,0.055738952262269936,2921.172887236731,1731.960459956247,5235.477377300614,4132.721882436113,18.60591402767011,-462.184814453125,68.84935760498047,141.7685546875,39.829933166503906,-0.2032875120639801,28.096691131591797,20.888479232788086,22.100955963134766,19.603839874267578,23.20652961730957,4.661287307739258,16.178504943847656,-27.610034942626953,15.567026138305664,-13.830482482910156,14.157983779907227,8.3009614944458,12.885003089904785,-9.969474792480469,13.332817077636719,-1.8462635278701782,11.72870922088623,0.5050610303878784,10.361799240112305,-9.747806549072266,9.114466667175293,0.36287635564804077,0.3209224045276642,119.68085106382979,85.46351404060115,5.720232586749822,34.32076984545273,0.8466257668711656,holdout_test
EMOVO\gio-f3-d1.wav,f3,d1,happy,gio,,EMOVO,it,1.792,0.022148512303829193,0.09345967060810811,3629.210174429322,2054.0477515924695,6233.9527027027025,3585.468420979694,18.239036888903687,-382.42340087890625,54.27499008178711,116.70926666259766,57.45920944213867,-38.93074035644531,25.950531005859375,32.31346893310547,29.075136184692383,-14.764046669006348,19.112037658691406,5.508728504180908,15.450188636779785,-15.376606941223145,14.30396556854248,-15.980161666870117,13.934534072875977,-5.14297342300415,9.77194595336914,-12.616659164428711,11.502452850341797,2.2036631107330322,8.612281799316406,-0.7018885016441345,8.731929779052734,-13.684004783630371,7.527466297149658,0.34228336811065674,0.3249779939651489,165.44117647058823,155.5801572306572,50.41453987955922,184.3229213964872,0.8288288288288288,holdout_test
EMOVO\gio-f3-d2.wav,f3,d2,happy,gio,,EMOVO,it,1.8773333333333333,0.01974424347281456,0.05532374526515151,2851.768412431981,1277.7640935685633,5118.430397727273,3644.821376124473,18.775133945012115,-419.7798156738281,63.95169448852539,144.3651123046875,33.02712631225586,-32.801231384277344,30.378883361816406,23.04635238647461,24.705062866210938,13.80427360534668,23.386980056762695,2.5645570755004883,14.393610954284668,-20.886245727539062,14.770930290222168,-19.910818099975586,16.89202117919922,5.492335796356201,10.86013412475586,-19.336158752441406,10.258321762084961,-6.638002395629883,12.195096969604492,2.6792266368865967,11.619240760803223,-14.989712715148926,9.820141792297363,0.3493027687072754,0.31887394189834595,133.92857142857142,103.29210954150274,11.749965719103566,54.55100803851262,0.9090909090909091,holdout_test
EMOVO\gio-f3-l1.wav,f3,l1,happy,gio,,EMOVO,it,5.717333333333333,0.016868343576788902,0.06826631691423767,3434.6953134343785,2349.819974448382,6376.418862107624,4139.300696277826,17.86792425977602,-456.75714111328125,84.36578369140625,130.45948791503906,48.55742263793945,-16.9005184173584,33.41654586791992,19.877561569213867,29.205617904663086,11.977655410766602,21.92198371887207,1.0542705059051514,14.957401275634766,-19.42321014404297,21.65877914428711,-11.162270545959473,14.767536163330078,6.3296380043029785,10.665803909301758,-17.14948844909668,13.559453964233398,-7.841681003570557,13.39810848236084,-0.8165813684463501,8.697334289550781,-12.132603645324707,12.081099510192871,0.36337631940841675,0.32945728302001953,148.02631578947367,110.78278693366327,24.706428132167982,97.34510268369172,0.8139013452914798,holdout_test
EMOVO\gio-f3-l2.wav,f3,l2,happy,gio,,EMOVO,it,3.7973333333333334,0.0144669683650136,0.07136002378892733,3399.0369189688977,2047.6456300331438,6564.446366782007,4167.595878786604,17.116854860898012,-449.1760559082031,76.63874816894531,131.52420043945312,48.58840560913086,-12.264911651611328,33.64690399169922,24.282882690429688,34.224849700927734,11.368282318115234,24.894006729125977,3.9381015300750732,15.10743236541748,-20.424251556396484,17.97430419921875,-12.75151252746582,15.336227416992188,5.820043563842773,11.03266429901123,-14.103140830993652,11.603959083557129,-5.31680154800415,12.802239418029785,-1.6399853229522705,9.378170013427734,-10.363351821899414,10.313028335571289,0.3769930303096771,0.31473711133003235,73.05194805194805,99.231574189659,18.69599222066916,89.39711487652401,0.7335640138408305,holdout_test
EMOVO\gio-f3-l3.wav,f3,l3,happy,gio,,EMOVO,it,4.224,0.013438665308058262,0.06609301297169812,3663.2664912501205,2288.5806264622397,7442.806603773585,4545.549205267663,17.291939221778666,-475.9287414550781,90.28177642822266,126.10383605957031,44.18577194213867,-12.461132049560547,38.70456314086914,15.393088340759277,30.209571838378906,8.387868881225586,16.74683380126953,-2.4632487297058105,14.496719360351562,-13.086644172668457,16.893835067749023,-5.892666339874268,14.387534141540527,2.7280025482177734,11.130242347717285,-16.127193450927734,11.87668514251709,-5.87568998336792,12.843456268310547,-3.214843273162842,9.23586654663086,-13.548636436462402,9.782672882080078,0.36414268612861633,0.32297825813293457,119.68085106382979,125.65170670764958,30.541695539865614,113.28879292429681,0.6886792452830188,holdout_test
EMOVO\gio-f3-l4.wav,f3,l4,happy,gio,,EMOVO,it,3.072,0.019679006189107895,0.06498112290669857,3103.633388966788,1633.7093239420292,5698.116028708134,3724.031481990142,18.509387255302418,-430.2568664550781,71.99585723876953,131.18902587890625,42.64258575439453,-35.31822967529297,33.45695877075195,20.513277053833008,31.382091522216797,19.277626037597656,23.016616821289062,8.397680282592773,15.04501724243164,-23.585874557495117,19.1080265045166,-14.314209938049316,16.471872329711914,8.205978393554688,10.616097450256348,-21.9029598236084,12.021613121032715,-12.584026336669922,11.239075660705566,-0.6491965055465698,10.53327465057373,-15.33149528503418,10.105693817138672,0.33616167306900024,0.3203972280025482,130.8139534883721,118.89262870647521,18.362003631862482,76.40562299238411,0.8325358851674641,holdout_test
EMOVO\gio-f3-n1.wav,f3,n1,happy,gio,,EMOVO,it,2.474666666666667,0.01440390944480896,0.05057123655913978,2865.536387229546,1369.3472197588765,5554.183467741936,3997.2936286028344,17.99100366729191,-445.3932800292969,68.82837677001953,150.78750610351562,34.656673431396484,-16.841136932373047,29.263402938842773,6.45896053314209,28.748483657836914,11.579915046691895,18.689125061035156,1.8161882162094116,17.94680404663086,-21.112443923950195,19.197546005249023,-10.187917709350586,15.366229057312012,6.58021354675293,13.139591217041016,-17.655433654785156,11.686299324035645,-6.53061580657959,12.974847793579102,1.7285407781600952,9.62083911895752,-10.94266128540039,13.383742332458496,0.35677236318588257,0.3212736248970032,85.22727272727273,99.68250656783862,19.159948051749428,68.8762105608797,0.8172043010752689,holdout_test
EMOVO\gio-f3-n2.wav,f3,n2,happy,gio,,EMOVO,it,3.584,0.019752955064177513,0.09003155048076923,3503.5748676913095,2134.2146394360957,5859.905260180995,3536.0228573120257,18.28830368244694,-407.6997375488281,56.459388732910156,124.19365692138672,59.54821014404297,-32.24589157104492,31.831958770751953,31.400514602661133,27.098051071166992,2.1002979278564453,28.330968856811523,4.200970649719238,16.80979347229004,-19.737783432006836,19.945676803588867,-11.18520450592041,14.934009552001953,4.099156856536865,9.724258422851562,-18.765499114990234,16.49607276916504,-5.133442401885986,11.446235656738281,1.082594394683838,11.124594688415527,-13.573431968688965,13.493578910827637,0.3474772870540619,0.3126354515552521,160.71428571428572,98.6077443086345,10.74179933987173,48.74071094433879,0.7104072398190046,holdout_test
EMOVO\gio-f3-n3.wav,f3,n3,happy,gio,,EMOVO,it,2.2613333333333334,0.021943191066384315,0.0797914566532258,3224.7707509429224,1658.139658530817,5289.314516129032,3378.7422043186994,19.205961102869775,-397.8111877441406,54.5683708190918,128.102783203125,42.59282684326172,-49.962738037109375,29.23784828186035,23.07306480407715,27.706153869628906,8.731062889099121,24.776813507080078,9.410420417785645,14.794750213623047,-24.7061710357666,18.256086349487305,-25.93998146057129,14.74601936340332,1.5646158456802368,11.328269004821777,-20.11406898498535,12.20846939086914,-10.028189659118652,12.448665618896484,0.7971368432044983,11.406515121459961,-16.461448669433594,10.533818244934082,0.3508487045764923,0.32564765214920044,175.78125,133.05014528789204,26.08404663071788,113.9757930270863,0.9096774193548387,holdout_test
EMOVO\gio-f3-n4.wav,f3,n4,happy,gio,,EMOVO,it,4.010666666666666,0.020739542320370674,0.08581412644572954,3314.6807974597696,1967.2398048523908,5534.502891459075,3428.851295139136,18.6298960238036,-406.395751953125,69.0125732421875,125.13054656982422,56.36882781982422,-43.22211837768555,33.532833099365234,28.326278686523438,33.894832611083984,7.744816780090332,25.130704879760742,0.1302407681941986,17.05274772644043,-24.62773323059082,18.072561264038086,-16.361352920532227,15.940189361572266,1.9954060316085815,12.013381958007812,-18.50218963623047,9.226325035095215,-4.209658622741699,12.958452224731445,2.671151638031006,9.257211685180664,-17.919326782226562,10.328787803649902,0.34127116203308105,0.320385605096817,95.33898305084746,116.56436897827965,24.008937664179776,91.33007210908742,0.7793594306049823,holdout_test
EMOVO\gio-f3-n5.wav,f3,n5,happy,gio,,EMOVO,it,3.8826666666666667,0.025788402184844017,0.061261970766129034,2875.1795224622283,1201.8325709249273,4914.919354838709,3407.882322433413,19.773370882210067,-412.76641845703125,71.64141082763672,130.73883056640625,32.82184982299805,-44.47516632080078,38.07778549194336,37.26836013793945,28.952224731445312,20.9881591796875,23.97697639465332,-5.928578853607178,13.730024337768555,-32.69196701049805,16.860143661499023,-19.50922393798828,14.717960357666016,10.739518165588379,10.458325386047363,-22.056238174438477,9.996927261352539,-13.531352043151855,12.03743839263916,-3.763439178466797,11.47954273223877,-20.544466018676758,9.780853271484375,0.3249222934246063,0.32735446095466614,137.1951219512195,125.54441675249383,23.633247548253348,112.80006226380151,0.9,holdout_test
EMOVO\gio-m1-b1.wav,m1,b1,happy,gio,,EMOVO,it,2.1333333333333333,0.08145272731781006,0.09455270478219698,3249.6409101844915,1580.1340974464078,5782.848011363636,2762.939538690893,18.45374584185736,-217.33445739746094,73.14567565917969,134.2278289794922,46.18524169921875,-56.969505310058594,32.040748596191406,49.4202995300293,20.59783363342285,-8.365097045898438,23.978960037231445,15.830438613891602,15.328917503356934,-5.880992412567139,9.58286190032959,-16.581199645996094,12.33108901977539,-4.602753162384033,12.770903587341309,-14.366560935974121,9.146492958068848,1.6589998006820679,8.02807903289795,-0.6315397620201111,9.010466575622559,-3.419346332550049,11.680563926696777,0.4903673231601715,0.2806924283504486,86.53846153846153,76.23334599153273,8.029215267185581,33.731159562041654,0.5984848484848485,holdout_test
EMOVO\gio-m1-b2.wav,m1,b2,happy,gio,,EMOVO,it,1.92,0.08521874994039536,0.12556168300653595,3780.995205025338,1433.6590730582973,6392.922794117647,2662.0198127649887,19.696555312485224,-230.54034423828125,61.31671905517578,109.32844543457031,49.32156753540039,-84.83057403564453,23.546796798706055,56.008182525634766,24.756399154663086,-2.899984121322632,21.425216674804688,17.870271682739258,29.424266815185547,-9.951930046081543,8.282404899597168,-12.112911224365234,15.709820747375488,-1.7044320106506348,9.385942459106445,-13.559032440185547,8.733181953430176,0.509013831615448,10.115968704223633,-3.0471954345703125,9.273419380187988,-14.928755760192871,10.935813903808594,0.3971887528896332,0.3181965947151184,148.02631578947367,208.48850266654054,268.59312458974404,845.9665234447267,0.39215686274509803,holdout_test
EMOVO\gio-m1-b3.wav,m1,b3,happy,gio,,EMOVO,it,2.048,0.059732791036367416,0.08487187991352202,3132.347120634795,932.5718376294498,5860.406839622641,2662.495572910868,19.1242500614654,-242.43685913085938,55.60786437988281,135.90199279785156,29.27425765991211,-73.19801330566406,22.462749481201172,41.17866897583008,20.191593170166016,-15.552212715148926,17.628673553466797,-1.2839279174804688,20.29400062561035,-2.33020281791687,9.580965995788574,-14.12828254699707,12.14460563659668,-4.523227214813232,12.30097770690918,-18.507944107055664,9.865267753601074,-0.68086177110672,15.512367248535156,-0.3087100684642792,8.915629386901855,-7.864313125610352,8.14372730255127,0.4058336913585663,0.3124506175518036,102.27272727272727,114.62792505432034,18.699896158490443,70.8040083163688,0.5786163522012578,holdout_test
EMOVO\gio-m1-d1.wav,m1,d1,happy,gio,,EMOVO,it,1.486,0.05789827182888985,0.10728304993872549,3708.94223767527,1586.895547751264,6991.498161764706,3049.20461721725,18.216200815299686,-233.3208465576172,65.7219467163086,139.6298065185547,49.40504837036133,-62.65874099731445,17.675121307373047,63.830169677734375,25.98050308227539,-30.71750831604004,12.370682716369629,23.457530975341797,13.013300895690918,2.0185022354125977,13.706483840942383,-7.252137660980225,13.525876998901367,-4.543003082275391,8.5833158493042,-14.816062927246094,8.496997833251953,4.848763942718506,8.002601623535156,-4.599789619445801,7.27745246887207,-8.79747200012207,7.657440662384033,0.48935359716415405,0.2988091707229614,208.33333333333334,96.84717456911623,18.814726498236713,72.38669692350439,0.6274509803921569,holdout_test
EMOVO\gio-m1-d2.wav,m1,d2,happy,gio,,EMOVO,it,1.8773333333333333,0.06175893917679787,0.07435021033653846,2943.3825216365467,947.195470064613,5454.627403846154,2666.899640769544,20.16161222670041,-251.07920837402344,62.28568649291992,155.00830078125,24.128314971923828,-70.25597381591797,23.814096450805664,52.24547576904297,16.39263153076172,-12.693497657775879,19.802406311035156,10.540689468383789,18.738794326782227,-1.9773246049880981,11.077951431274414,-12.753246307373047,12.647835731506348,-6.804821491241455,12.641827583312988,-20.539573669433594,12.044078826904297,0.519645094871521,9.038458824157715,-8.61274528503418,8.868146896362305,-15.419553756713867,11.172082901000977,0.4243861436843872,0.29727309942245483,144.23076923076923,78.09167006576712,7.23336701101941,37.82178830867609,0.8173076923076923,holdout_test
EMOVO\gio-m1-l1.wav,m1,l1,happy,gio,,EMOVO,it,4.736,0.04877719283103943,0.08784816576086957,3030.1302185649965,1122.461199040441,5406.929347826087,2625.2927707513873,18.993347121956308,-294.1430969238281,94.82437133789062,138.48939514160156,37.74094772338867,-68.58749389648438,30.0788631439209,33.867958068847656,25.89201545715332,-7.5353779792785645,25.27168846130371,9.515310287475586,17.661333084106445,-1.367877721786499,11.943746566772461,-9.861385345458984,13.0929536819458,-3.6844382286071777,11.888326644897461,-20.258588790893555,12.598466873168945,-0.14988763630390167,10.657511711120605,2.2272160053253174,11.287103652954102,-7.182252407073975,9.696991920471191,0.4285200536251068,0.3067520260810852,148.02631578947367,114.08072621066889,31.907192270370796,100.36214363705366,0.5319693094629157,holdout_test
EMOVO\gio-m1-l2.wav,m1,l2,happy,gio,,EMOVO,it,4.608,0.03166766092181206,0.08269512007389163,3267.9477941977802,1455.9213958657447,6314.789870689655,3053.0661585975513,16.634622723848626,-366.2212219238281,153.57443237304688,113.45416259765625,56.672027587890625,-41.29248809814453,41.323448181152344,30.114084243774414,29.81586265563965,-7.238478660583496,18.885818481445312,9.287528991699219,15.735762596130371,2.649261713027954,11.30748176574707,-7.188145637512207,13.490999221801758,-2.765430212020874,10.430615425109863,-11.028122901916504,13.653074264526367,2.3197829723358154,6.58483362197876,-1.8149856328964233,7.716200351715088,-6.651393413543701,9.033385276794434,0.475004643201828,0.3053661584854126,130.8139534883721,100.23027840071859,23.67320180936768,90.15710053589078,0.39408866995073893,holdout_test
EMOVO\gio-m1-l3.wav,m1,l3,happy,gio,,EMOVO,it,4.096,0.04996470361948013,0.08632037450396825,3477.7225592146333,1409.012436867062,6513.4672619047615,3196.0121298199097,17.87736496394337,-340.377685546875,158.63436889648438,116.12799072265625,53.248050689697266,-48.79502487182617,49.666259765625,29.079904556274414,25.008211135864258,-0.6550230979919434,21.210247039794922,9.705249786376953,18.97648048400879,1.6096488237380981,10.699944496154785,0.5062491297721863,15.247525215148926,2.8622844219207764,11.833949089050293,-11.651630401611328,13.022439002990723,-3.0773863792419434,10.942466735839844,-0.4030905067920685,9.482349395751953,-2.614243745803833,9.781501770019531,0.49514928460121155,0.30486491322517395,108.17307692307692,79.48698859891667,13.095747621262912,47.816854705634455,0.346031746031746,holdout_test
EMOVO\gio-m1-l4.wav,m1,l4,happy,gio,,EMOVO,it,2.284,0.04960820823907852,0.07487595016891892,3020.556531573642,1136.103178143978,5668.201013513513,2793.599746768906,18.980854193821795,-279.9437255859375,74.14006042480469,145.72274780273438,35.16010665893555,-66.68017578125,27.57990837097168,54.2148551940918,18.590808868408203,-2.651561737060547,18.8323917388916,20.042654037475586,13.72669792175293,-4.96583890914917,10.717851638793945,-16.37860870361328,12.519638061523438,-1.7308495044708252,11.280734062194824,-19.444202423095703,14.071393966674805,0.9350312352180481,12.060134887695312,-4.061006546020508,7.984278202056885,-11.235272407531738,7.9479780197143555,0.45079144835472107,0.296808123588562,225.0,84.33583636970143,12.737923001611007,57.3532943641749,0.7027027027027027,holdout_test
EMOVO\gio-m1-n1.wav,m1,n1,happy,gio,,EMOVO,it,1.9028333333333334,0.05492895469069481,0.05216305272108843,2363.775345891415,917.3307796659391,4528.380102040816,2526.414209399325,18.64890479045594,-275.1347351074219,74.36148071289062,168.13223266601562,28.243839263916016,-48.47758483886719,30.42881965637207,36.89952850341797,24.5931339263916,-3.6104753017425537,16.39584732055664,16.495317459106445,14.751959800720215,5.455908298492432,9.779465675354004,-11.462471961975098,12.122552871704102,-5.598236560821533,13.004230499267578,-15.024048805236816,11.341047286987305,9.232684135437012,9.842743873596191,-1.7112653255462646,8.815505027770996,-13.434938430786133,12.162717819213867,0.4610114097595215,0.2923673093318939,122.28260869565217,71.2618202173433,5.229121192438872,16.053974050611373,0.25170068027210885,holdout_test
EMOVO\gio-m1-n2.wav,m1,n2,happy,gio,,EMOVO,it,3.4133333333333336,0.04921207204461098,0.0888204371675532,3239.8097459418445,1482.9240943579919,6105.053191489362,2797.9595866150444,18.30571411131959,-279.08953857421875,75.85938262939453,133.46279907226562,44.55070877075195,-56.72763442993164,28.441852569580078,51.27491760253906,25.021446228027344,-17.30084228515625,25.473236083984375,4.410299301147461,16.277231216430664,2.2894649505615234,12.89932918548584,-6.117489814758301,13.083585739135742,-1.4274935722351074,9.486030578613281,-18.773466110229492,11.122539520263672,-1.5693634748458862,9.10665512084961,-4.69145393371582,8.565958976745605,-9.792448043823242,9.646842002868652,0.4334978461265564,0.3013342320919037,81.52173913043478,92.8335433735626,20.81305700569028,68.46399517861536,0.6205673758865248,holdout_test
EMOVO\gio-m1-n3.wav,m1,n3,happy,gio,,EMOVO,it,2.2613333333333334,0.059922873973846436,0.08870761846405228,2930.7999230351597,973.5526120802042,5012.408088235294,2345.658759518016,20.834544181974263,-276.8785095214844,57.54717254638672,143.36376953125,28.20160484313965,-93.48748016357422,27.194305419921875,28.361713409423828,29.9495906829834,-14.005827903747559,21.141094207763672,8.505669593811035,18.391494750976562,-1.1647943258285522,9.328117370605469,-14.6079740524292,13.787900924682617,-11.533430099487305,11.557156562805176,-29.250511169433594,12.17936897277832,-2.2159411907196045,9.308218955993652,-7.8232102394104,9.169022560119629,-12.181806564331055,10.534969329833984,0.3105705976486206,0.3065745532512665,127.8409090909091,122.35767991867652,13.032884161458622,43.14597263927236,0.6797385620915033,holdout_test
EMOVO\gio-m1-n4.wav,m1,n4,happy,gio,,EMOVO,it,5.290666666666667,0.05014059692621231,0.09113174473234624,3027.0197001933143,1242.964410476801,5192.073604783599,2449.008877627198,19.258147481559373,-304.8824157714844,100.15294647216797,128.44888305664062,39.875789642333984,-76.0018081665039,39.590599060058594,21.9066162109375,35.193267822265625,-14.215771675109863,20.470521926879883,-0.20850999653339386,21.10960578918457,-1.889822244644165,14.81314754486084,-1.596531629562378,13.92038631439209,-5.1621270179748535,10.51654052734375,-21.084911346435547,12.069421768188477,-1.5128995180130005,9.535575866699219,1.9089716672897339,9.322376251220703,-5.958797454833984,9.962636947631836,0.35607653856277466,0.303808331489563,119.68085106382979,133.7961174855554,34.78071471112542,134.01730642903462,0.4806378132118451,holdout_test
EMOVO\gio-m1-n5.wav,m1,n5,happy,gio,,EMOVO,it,6.4,0.03791637718677521,0.08120310392311152,3111.569870868664,926.5637929967036,5777.680980215828,2853.80949165827,17.977332581052575,-347.61865234375,124.71485137939453,111.57884216308594,42.05773162841797,-53.957096099853516,43.600059509277344,29.144676208496094,28.401752471923828,4.791022777557373,24.118986129760742,9.684547424316406,12.138275146484375,-2.4803545475006104,12.416730880737305,-16.01932716369629,15.847436904907227,-5.515670299530029,11.017064094543457,-11.663373947143555,12.161444664001465,-1.0925451517105103,11.530714988708496,-1.9281222820281982,9.437387466430664,-7.704767227172852,10.56093978881836,0.44694873690605164,0.30466949939727783,75.0,114.82424799249628,44.72971136908245,152.0666931524875,0.4154676258992806,holdout_test
EMOVO\gio-m2-b1.wav,m2,b1,happy,gio,,EMOVO,it,2.176,0.043194931000471115,0.08946397569444445,3612.8191620233983,2068.4000723511676,6204.264322916667,3575.4758853174462,17.36693404607866,-324.1940002441406,83.8268814086914,119.49215698242188,57.94526672363281,-31.84676742553711,34.54515075683594,47.934242248535156,23.51271629333496,6.95198917388916,25.550392150878906,35.493988037109375,15.133755683898926,-3.336207151412964,15.355172157287598,-21.93030548095703,18.052793502807617,-6.708792686462402,12.312616348266602,1.1347547769546509,8.783132553100586,4.598916053771973,7.484634876251221,-3.9724066257476807,13.974767684936523,0.4173312783241272,9.58454418182373,0.4796125590801239,0.298941045999527,170.45454545454547,75.52417694387022,9.212805978028292,36.048389969303656,0.4652777777777778,holdout_test
EMOVO\gio-m2-b2.wav,m2,b2,happy,gio,,EMOVO,it,2.3466666666666667,0.04099244251847267,0.06111944289434524,3321.232864235233,1884.387625416523,6266.322544642857,3790.27964219139,17.60985653722645,-380.1163024902344,60.38312911987305,99.90902709960938,46.677433013916016,-23.91756248474121,30.16383171081543,65.35939025878906,21.050586700439453,21.575658798217773,26.05178451538086,20.54929542541504,20.04437828063965,-0.046417236328125,11.034100532531738,-16.333816528320312,12.507880210876465,5.001515865325928,9.877595901489258,13.585545539855957,8.433063507080078,3.269697666168213,8.087456703186035,-18.24382972717285,13.888357162475586,-6.248726844787598,10.124290466308594,0.40263819694519043,0.335445761680603,119.68085106382979,94.53333197911824,19.936823017492614,65.40639132514966,0.7916666666666666,holdout_test
EMOVO\gio-m2-b3.wav,m2,b3,happy,gio,,EMOVO,it,2.2186666666666666,0.014539743773639202,0.05747272559171598,3330.986228097803,1867.5096447270628,6365.014792899408,4544.916843541727,15.687370762655728,-428.7530822753906,74.51817321777344,123.95559692382812,43.922088623046875,9.501788139343262,40.6917610168457,36.565650939941406,18.939983367919922,15.976706504821777,20.65117073059082,19.890146255493164,14.18281078338623,2.5982043743133545,15.042529106140137,-13.385153770446777,14.33600902557373,0.263776957988739,11.35128402709961,10.652264595031738,10.64001750946045,11.089961051940918,8.018882751464844,-1.158927321434021,10.365501403808594,4.292546272277832,9.92017936706543,0.5645606517791748,0.28190580010414124,122.28260869565217,67.1804903695268,3.5334747310125985,13.279134958789555,0.3905325443786982,holdout_test
EMOVO\gio-m2-d1.wav,m2,d1,happy,gio,,EMOVO,it,2.0906666666666665,0.02339203655719757,0.07919761782786885,3367.536010884096,1838.483663782189,5894.915471311476,3725.9382138113883,16.10162476140529,-356.27001953125,59.30153274536133,131.83255004882812,57.65900421142578,-25.050430297851562,22.70667839050293,32.7224006652832,31.790081024169922,-0.8158353567123413,26.14040756225586,21.849201202392578,15.95124340057373,9.221358299255371,8.338929176330566,-11.782526016235352,13.425189018249512,-1.3146734237670898,6.43845796585083,-5.266383647918701,8.749323844909668,-1.3308709859848022,10.1216402053833,2.524430990219116,12.426353454589844,2.0727458000183105,10.61508846282959,0.4767535328865051,0.29526859521865845,144.23076923076923,88.33807935494032,16.600497391016965,57.3532943641749,0.3360655737704918,holdout_test
EMOVO\gio-m2-d2.wav,m2,d2,happy,gio,,EMOVO,it,2.0906666666666665,0.021708689630031586,0.04839939024390244,3156.5350180729747,1504.389150123856,6570.693597560976,4212.335041944772,16.603928343337003,-393.2501525878906,65.68484497070312,134.42031860351562,36.122623443603516,-9.352368354797363,27.982154846191406,32.971126556396484,25.30826759338379,2.4794981479644775,18.72140884399414,19.821439743041992,18.701990127563477,15.578474044799805,10.725156784057617,-13.478352546691895,18.15327262878418,-2.0095982551574707,10.019960403442383,-2.830949544906616,10.333473205566406,-0.612390398979187,11.518814086914062,-7.329953193664551,11.171059608459473,-4.55323600769043,9.677291870117188,0.4423392415046692,0.3075208365917206,122.28260869565217,94.71658400737256,16.832595940792125,52.488689553842576,0.4959349593495935,holdout_test
EMOVO\gio-m2-l1.wav,m2,l1,happy,gio,,EMOVO,it,4.8213333333333335,0.023932021111249924,0.04792742540607345,3202.567628766652,1893.9474608999494,6503.111758474576,4314.730716931801,16.381485236772647,-407.3328857421875,86.07671356201172,130.03289794921875,43.27430725097656,-4.399468421936035,31.17568016052246,36.011844635009766,24.397438049316406,21.39021873474121,22.888286590576172,21.98283576965332,18.111572265625,2.5274219512939453,12.214656829833984,-12.301477432250977,14.847248077392578,0.21728171408176422,10.459157943725586,0.3694225251674652,11.74316692352295,0.9422338604927063,10.633848190307617,-5.6661057472229,12.234055519104004,2.72330379486084,10.61307430267334,0.48449236154556274,0.30644336342811584,175.78125,77.67365316265588,10.521305276035806,40.23463263046081,0.4632768361581921,holdout_test
EMOVO\gio-m2-l2.wav,m2,l2,happy,gio,,EMOVO,it,3.498666666666667,0.024607129395008087,0.060156992633079845,3115.1625403312837,1846.7561417081777,5785.4087452471485,3914.960351371224,15.993341417803975,-379.7978820800781,71.05876922607422,136.75254821777344,54.84135818481445,-11.162787437438965,32.15294647216797,35.65778350830078,27.726722717285156,17.056907653808594,26.890295028686523,22.84649658203125,18.449892044067383,-0.9790436029434204,13.587079048156738,-19.288021087646484,17.239952087402344,-0.2588777244091034,10.797049522399902,4.330311298370361,9.952210426330566,0.46497592329978943,8.804847717285156,-3.390896797180176,11.019523620605469,4.620074272155762,9.884649276733398,0.49809780716896057,0.2952720522880554,127.8409090909091,74.456312026105,12.067805244571547,45.230832192314224,0.4448669201520912,holdout_test
EMOVO\gio-m2-l3.wav,m2,l3,happy,gio,,EMOVO,it,3.2,0.02905794233083725,0.04329364483173077,3030.747496935392,1751.1573106156752,6203.725961538462,4215.745815249974,17.43979819949987,-407.03302001953125,86.07089233398438,129.37710571289062,33.58618927001953,-10.038311958312988,38.47221374511719,30.97125244140625,23.221721649169922,13.431796073913574,21.759597778320312,14.979544639587402,21.560836791992188,7.060924530029297,10.377769470214844,-14.79332447052002,16.568593978881836,-10.54653549194336,11.582420349121094,-1.241225242614746,9.647073745727539,1.0505826473236084,8.140429496765137,-10.4519624710083,11.354033470153809,-3.042949914932251,11.27762222290039,0.3847903609275818,0.32953956723213196,122.28260869565217,98.14566871913536,17.525003363279133,63.90387836604731,0.7961538461538461,holdout_test
EMOVO\gio-m2-l4.wav,m2,l4,happy,gio,,EMOVO,it,2.688,0.030738061293959618,0.04995047763625592,3171.4535171496836,1711.045030357373,6470.082938388626,4074.423258657836,17.12889011007831,-382.81475830078125,82.24307250976562,125.97252655029297,40.04962921142578,-19.736968994140625,28.99673843383789,44.624027252197266,25.193618774414062,24.898014068603516,21.45525360107422,28.96240234375,16.90225601196289,-1.2997037172317505,15.61713695526123,-21.881067276000977,18.868000030517578,3.4519155025482178,9.662960052490234,2.999276876449585,10.995619773864746,-3.180246353149414,12.088582992553711,-10.649967193603516,12.009164810180664,-0.8640283346176147,9.136265754699707,0.4741947650909424,0.30584952235221863,117.1875,75.84562087595857,5.888379140077297,23.42676702285496,0.5545023696682464,holdout_test
EMOVO\gio-m2-n1.wav,m2,n1,happy,gio,,EMOVO,it,2.2613333333333334,0.017610395327210426,0.04349002322635135,3145.412012740666,1635.9406794910892,6486.803209459459,4434.315155451627,16.126114327862005,-409.1169128417969,80.4891357421875,138.28793334960938,41.521240234375,1.8498576879501343,32.1127815246582,24.519350051879883,21.945749282836914,10.54496955871582,21.082828521728516,20.71706771850586,17.125410079956055,8.214879035949707,15.04622745513916,-10.624740600585938,15.919060707092285,-2.9245221614837646,10.043306350708008,4.578684329986572,9.80766773223877,6.909696102142334,9.844971656799316,-2.5165107250213623,10.648699760437012,1.7757854461669922,9.530718803405762,0.5201982259750366,0.28491145372390747,108.17307692307692,72.09466342579432,9.095822894911516,42.0812052026174,0.5405405405405406,holdout_test
EMOVO\gio-m2-n2.wav,m2,n2,happy,gio,,EMOVO,it,2.56,0.02082568220794201,0.08219321646341464,3712.28553008274,2215.043231738012,6755.030487804878,4029.3119363648993,16.558824122416993,-397.6246337890625,64.51787567138672,111.94910430908203,62.435577392578125,-11.195786476135254,31.257646560668945,44.24917984008789,25.028757095336914,2.5657267570495605,28.72727394104004,17.35709571838379,17.35267448425293,7.4073567390441895,14.645822525024414,-12.433927536010742,15.869163513183594,0.48354849219322205,11.538460731506348,1.3879046440124512,11.27462387084961,3.0728063583374023,11.296243667602539,-3.4078612327575684,10.1133451461792,-0.740690290927887,9.662657737731934,0.46521908044815063,0.3113894462585449,144.23076923076923,86.10423211303356,17.588012262905426,47.816854705634455,0.5219512195121951,holdout_test
EMOVO\gio-m2-n3.wav,m2,n3,happy,gio,,EMOVO,it,2.2186666666666666,0.019205698743462563,0.056033972537878785,3290.714676115173,1637.2704978258619,6141.335227272727,4211.0752138400985,16.94518662632836,-402.9315490722656,69.27664947509766,123.55350494384766,42.984615325927734,-10.79832649230957,28.613449096679688,33.57603073120117,29.18600082397461,12.62767219543457,25.27212905883789,26.626556396484375,17.134925842285156,5.326541900634766,11.246048927307129,-21.633251190185547,16.968109130859375,-4.451064109802246,8.970552444458008,4.2159905433654785,8.355382919311523,6.531810760498047,9.769340515136719,-4.487270832061768,10.301071166992188,0.5285155773162842,9.673113822937012,0.4591090977191925,0.31211820244789124,160.71428571428572,85.20105328561668,22.5888848352067,68.46399517861536,0.703030303030303,holdout_test
EMOVO\gio-m2-n4.wav,m2,n4,happy,gio,,EMOVO,it,3.7546666666666666,0.020411426201462746,0.059887529230442174,3286.728852602394,1772.486441269643,6152.18431122449,4115.438325902757,16.219510437165226,-394.0562438964844,84.70138549804688,120.39926147460938,50.53898620605469,-16.090896606445312,46.197505950927734,36.79999542236328,22.722354888916016,17.541202545166016,26.656278610229492,29.09129524230957,18.565826416015625,6.187668800354004,13.205595970153809,-13.942000389099121,16.758296966552734,1.7984951734542847,9.752655029296875,5.0715556144714355,10.366467475891113,5.129326343536377,7.56635046005249,-0.8340504169464111,9.735726356506348,2.8820581436157227,7.896029472351074,0.4924931526184082,0.2979150116443634,89.28571428571429,69.83210259354709,7.369518512751456,34.8830824162542,0.6326530612244898,holdout_test
EMOVO\gio-m2-n5.wav,m2,n5,happy,gio,,EMOVO,it,4.565333333333333,0.015883825719356537,0.06421158161569149,4199.1425552682895,2438.3693682329595,9088.638630319148,5087.741780212672,15.830069576653717,-455.0361022949219,100.70997619628906,103.5217514038086,43.1881103515625,1.522420048713684,42.77521514892578,39.65488815307617,26.02226448059082,28.641603469848633,24.810409545898438,26.43433380126953,15.094377517700195,4.016717910766602,12.230419158935547,-11.963367462158203,16.695980072021484,2.8983278274536133,9.79134750366211,6.2487287521362305,9.90444564819336,4.317901611328125,7.662534236907959,-4.292309284210205,10.789050102233887,1.0433870553970337,8.930607795715332,0.5228966474533081,0.3030661940574646,140.625,71.84241230283526,8.460852297591734,36.048389969303656,0.526595744680851,holdout_test
EMOVO\gio-m3-b1.wav,m3,b1,happy,gio,,EMOVO,it,1.92,0.042931415140628815,0.08998736213235294,3279.2246336563003,2158.490495769474,5489.028033088235,3066.3138547281696,18.24645675431739,-324.3013916015625,78.93525695800781,146.9562225341797,65.54613494873047,-37.24039077758789,32.91056442260742,46.59608840942383,25.912641525268555,2.2679851055145264,32.636226654052734,17.476259231567383,16.920991897583008,-22.817697525024414,17.820634841918945,-7.987442970275879,11.906807899475098,5.064395904541016,14.423582077026367,-19.202604293823242,13.80661678314209,-4.839046955108643,10.399599075317383,5.643941879272461,8.88913345336914,-7.533346652984619,11.30148696899414,0.4355902671813965,0.30167174339294434,175.78125,67.6623427344526,2.8676970517599316,13.279134958789555,0.6323529411764706,holdout_test
EMOVO\gio-m3-b2.wav,m3,b2,happy,gio,,EMOVO,it,2.432,0.030864469707012177,0.06655499793046357,3062.9964780502337,1696.3644788260071,5391.090645695364,3216.796552680898,18.8625919334272,-367.71917724609375,66.21814727783203,132.04464721679688,57.71129608154297,-39.79013442993164,27.522552490234375,57.53340530395508,33.13294982910156,19.017465591430664,28.30889892578125,17.567214965820312,18.08016586303711,-19.296897888183594,12.588757514953613,-6.442883014678955,13.124542236328125,10.96064281463623,11.316161155700684,-11.253589630126953,10.36369800567627,-9.215509414672852,10.257233619689941,-5.201374053955078,10.943037986755371,-13.317455291748047,13.227592468261719,0.4132181704044342,0.32068943977355957,152.02702702702703,75.75163316767812,8.362860898724112,34.30545755194248,0.7814569536423841,holdout_test
EMOVO\gio-m3-b3.wav,m3,b3,happy,gio,,EMOVO,it,1.8773333333333333,0.021028708666563034,0.04830680216165414,2538.689001840149,1340.7491102652095,4774.9060150375935,3388.042247102216,18.500662997199097,-398.942138671875,69.95306396484375,163.38717651367188,42.13083267211914,-21.113826751708984,28.15491485595703,28.041675567626953,19.722414016723633,14.65182876586914,19.81170654296875,13.46604061126709,13.206732749938965,-15.105033874511719,15.588727951049805,-13.058727264404297,13.936548233032227,4.66586971282959,17.889039993286133,-9.844684600830078,14.575172424316406,-3.2102506160736084,12.148955345153809,-1.3962202072143555,10.93622875213623,-5.650233745574951,15.433137893676758,0.4392983317375183,0.30703654885292053,200.89285714285714,68.76051493353343,3.3587872139436104,14.654533731170645,0.6766917293233082,holdout_test
EMOVO\gio-m3-d1.wav,m3,d1,happy,gio,,EMOVO,it,1.8346666666666667,0.029499653726816177,0.07632849351415094,3267.024914591746,1712.6416149524175,5900.280070754717,3263.771179580035,17.902356405051137,-342.2029113769531,69.38397979736328,142.0608673095703,64.17448425292969,-44.08689880371094,26.49505615234375,36.94614028930664,36.14687728881836,-14.811844825744629,13.6698637008667,7.155167579650879,11.645868301391602,-11.848943710327148,13.240180969238281,-1.0597612857818604,15.815738677978516,3.0981764793395996,10.227927207946777,-15.98111629486084,14.662456512451172,-6.859236717224121,11.988405227661133,0.7236413955688477,9.325140953063965,-6.063473224639893,15.428277015686035,0.43728235363960266,0.3107331395149231,114.79591836734694,89.44790864600195,14.689808730819614,47.16473679449558,0.660377358490566,holdout_test
EMOVO\gio-m3-d2.wav,m3,d2,happy,gio,,EMOVO,it,1.792,0.027235742658376694,0.04339984515765766,2604.804075220573,896.4589176617926,4998.521959459459,3341.4202784466584,18.49644692470668,-367.1419677734375,79.6661605834961,165.28770446777344,33.73193359375,-35.08111572265625,30.801668167114258,32.03927993774414,22.200441360473633,4.341314792633057,21.330074310302734,9.555946350097656,18.4294490814209,-11.599913597106934,11.88526725769043,-6.998091220855713,10.926589012145996,10.394917488098145,10.22678279876709,-17.264373779296875,11.943294525146484,-10.94473934173584,12.393376350402832,0.6545919179916382,11.512471199035645,-10.323616027832031,12.177457809448242,0.451839417219162,0.2966042459011078,156.25,71.10252565177808,4.6332831284376885,21.397814882100917,0.8468468468468469,holdout_test
EMOVO\gio-m3-l1.wav,m3,l1,happy,gio,,EMOVO,it,5.205333333333333,0.023218542337417603,0.057916542489782015,3061.768991323027,2331.3859529962715,5967.749489100817,3710.834294147684,17.708112593976583,-410.3656311035156,103.99508666992188,156.2194061279297,52.79874801635742,-17.460329055786133,31.197322845458984,34.828189849853516,27.80931282043457,10.832965850830078,19.1544132232666,-0.5802467465400696,18.39763641357422,-17.681087493896484,18.33957290649414,-0.2752820551395416,11.581502914428711,12.2058687210083,11.184213638305664,-15.625658988952637,11.629363059997559,-0.811822772026062,10.99265193939209,3.8112564086914062,10.652366638183594,-9.346986770629883,12.289347648620605,0.4464142918586731,0.3090607523918152,200.89285714285714,72.08307833536317,8.365111477804268,27.628053324309676,0.47956403269754766,holdout_test
EMOVO\gio-m3-l2.wav,m3,l2,happy,gio,,EMOVO,it,3.6693333333333333,0.019312070682644844,0.060701951448497854,2791.6558955654777,1543.762539180475,5035.441255364807,3447.5495798351003,17.04144063212668,-394.8181457519531,73.15799713134766,157.65118408203125,54.51447677612305,-21.982511520385742,29.566631317138672,33.890743255615234,30.81631851196289,11.228867530822754,22.25331687927246,10.810035705566406,17.346878051757812,-11.920661926269531,16.24648666381836,-6.945079803466797,11.312522888183594,4.936666011810303,9.016519546508789,-13.148630142211914,11.734872817993164,-5.680082321166992,9.513055801391602,2.517359495162964,7.6374006271362305,0.22259390354156494,12.403752326965332,0.4652780592441559,0.29054421186447144,83.95522388059702,71.53998299781705,6.005039353287863,23.42676702285496,0.22317596566523606,holdout_test
EMOVO\gio-m3-l3.wav,m3,l3,happy,gio,,EMOVO,it,3.6693333333333333,0.016966357827186584,0.0892678763120229,4029.2216381022754,3428.398442857108,7473.610448473282,4247.880246174237,16.20818469439809,-453.9018859863281,125.99652099609375,134.52975463867188,62.47589874267578,-8.51883316040039,35.143821716308594,36.266883850097656,32.00514221191406,11.108083724975586,20.120466232299805,2.943574905395508,16.04281234741211,-5.9546942710876465,16.501972198486328,-0.001374805229716003,12.811173439025879,8.715611457824707,11.010004997253418,-9.93071460723877,12.40134334564209,0.13779211044311523,10.329459190368652,1.8139972686767578,7.915073871612549,-5.9622721672058105,12.129636764526367,0.5213004946708679,0.29622986912727356,125.0,73.11071955094161,9.644067212852203,36.048389969303656,0.4580152671755725,holdout_test
EMOVO\gio-m3-l4.wav,m3,l4,happy,gio,,EMOVO,it,2.6026666666666665,0.025570571422576904,0.05602231233016304,2689.8515210547644,1492.5091938320331,4991.677989130435,3328.813256675542,18.458827849157256,-392.0098571777344,78.68245697021484,156.36538696289062,51.41739273071289,-31.649351119995117,29.793893814086914,33.68584060668945,32.3028564453125,20.357297897338867,24.240581512451172,12.052887916564941,15.593113899230957,-13.711954116821289,17.638442993164062,-5.642242431640625,10.844364166259766,5.669162273406982,10.213887214660645,-17.159900665283203,15.644165992736816,-6.979812145233154,11.584702491760254,0.3469785749912262,9.826221466064453,-8.890907287597656,13.639060974121094,0.43076011538505554,0.3016432821750641,125.0,71.32543893481176,6.280472863054261,27.092214352758944,0.6413043478260869,holdout_test
EMOVO\gio-m3-n1.wav,m3,n1,happy,gio,,EMOVO,it,2.474666666666667,0.023075837641954422,0.05113606770833334,2615.858934128609,1398.998384874787,5276.25,3437.5999817826973,18.118109403643626,-388.32562255859375,81.11327362060547,171.94140625,45.478755950927734,-20.144102096557617,30.089954376220703,23.969709396362305,21.861507415771484,7.20400857925415,21.81032371520996,6.383446216583252,20.94264793395996,-14.840880393981934,16.049880981445312,-2.331812620162964,11.642176628112793,9.872525215148926,12.213776588439941,-16.171724319458008,11.984374046325684,-6.226034164428711,12.216748237609863,3.8851521015167236,10.134481430053711,-8.396111488342285,9.993219375610352,0.45757314562797546,0.3038882911205292,100.44642857142857,69.99427635757104,4.610898392373018,20.400783536321427,0.26666666666666666,holdout_test
EMOVO\gio-m3-n2.wav,m3,n2,happy,gio,,EMOVO,it,2.9013333333333335,0.027361614629626274,0.08195460119912791,3244.9747491046314,1722.0917295692384,5670.78488372093,3226.0370823002318,17.81081012192149,-353.6043395996094,74.69825744628906,142.49424743652344,65.03192901611328,-40.45769500732422,31.324703216552734,47.314247131347656,28.430601119995117,-1.5107804536819458,28.46484375,2.6307473182678223,14.41275691986084,-13.73624324798584,13.353904724121094,2.4040844440460205,14.957880973815918,8.876029014587402,10.87693977355957,-16.722230911254883,13.354663848876953,-8.10294246673584,11.193059921264648,4.1293745040893555,7.897609233856201,-6.147998809814453,10.186522483825684,0.4429381787776947,0.30247801542282104,81.52173913043478,402.43404348821423,717.7902097778201,1968.0143551700503,0.5697674418604651,holdout_test
EMOVO\gio-m3-n3.wav,m3,n3,happy,gio,,EMOVO,it,2.2613333333333334,0.022253846749663353,0.06244779382861635,2918.7442916265204,1485.4851800173146,5239.681603773585,3383.058686949154,17.738557727927407,-379.3720703125,82.75415802001953,156.72865295410156,49.71577835083008,-35.396697998046875,27.389522552490234,32.06800079345703,29.16657829284668,16.378076553344727,27.563419342041016,22.375789642333984,13.830047607421875,-12.69412612915039,16.428775787353516,-11.726323127746582,12.009281158447266,5.329838752746582,10.121540069580078,-16.627084732055664,12.281415939331055,-5.086424350738525,12.33668041229248,3.2756454944610596,12.540374755859375,-0.597713828086853,11.251076698303223,0.4461962580680847,0.29393622279167175,130.8139534883721,79.52250270161062,20.851322220683077,49.79596218511928,0.3584905660377358,holdout_test
EMOVO\gio-m3-n4.wav,m3,n4,happy,gio,,EMOVO,it,3.712,0.024564305320382118,0.06469179979011194,2884.3568592680167,1561.9838826227374,5144.706156716418,3231.8980494569887,17.664353730930475,-375.4939270019531,79.89655303955078,147.3480224609375,58.32933807373047,-37.134117126464844,35.29378128051758,45.12544631958008,31.336071014404297,13.973796844482422,29.588104248046875,11.234236717224121,12.195283889770508,-14.777190208435059,14.670167922973633,-3.3915793895721436,12.7753267288208,8.777491569519043,12.599133491516113,-16.574214935302734,12.998126983642578,-4.970660209655762,6.953818321228027,3.602353572845459,8.067124366760254,-5.71930456161499,14.162626266479492,0.4355294406414032,0.3007579743862152,133.92857142857142,67.68813031681698,3.4877313557239087,14.193416734071135,0.34328358208955223,holdout_test
EMOVO\gio-m3-n5.wav,m3,n5,happy,gio,,EMOVO,it,3.6266666666666665,0.02512008138000965,0.05714448969414894,2803.355287898424,1471.7263619242372,4960.9375,3358.542757677633,18.39212201649405,-394.0314636230469,82.27182006835938,145.4673309326172,49.96514129638672,-28.45416259765625,38.14562225341797,49.770023345947266,30.441862106323242,23.444292068481445,26.970836639404297,15.7804536819458,16.32284927368164,-14.759648323059082,17.24127197265625,-9.234540939331055,10.91041374206543,8.367467880249023,13.191780090332031,-15.269737243652344,11.352533340454102,-3.89421010017395,8.805923461914062,1.1488264799118042,6.693810939788818,-14.813057899475098,12.792104721069336,0.41285693645477295,0.3079114556312561,181.4516129032258,69.89347499172305,5.328509212368714,17.958019832922247,0.5141843971631206,holdout_test
EMOVO\neu-f1-b1.wav,f1,b1,neutral,neu,,EMOVO,it,2.7306666666666666,0.04503599926829338,0.10473798894557823,3854.768256499211,2558.2982092703373,6205.994897959184,3262.170663838959,19.28355214226874,-343.7043151855469,74.21098327636719,109.88259887695312,70.48771667480469,-47.33072280883789,34.62368392944336,16.543956756591797,37.0760612487793,-3.970773696899414,29.936359405517578,4.359399318695068,17.78655242919922,-24.7965087890625,18.182477951049805,-3.7515780925750732,13.21220588684082,-0.9422920942306519,11.006246566772461,-8.966656684875488,15.75267505645752,5.210028171539307,10.016486167907715,1.6407952308654785,8.57314395904541,-1.7399358749389648,11.465763092041016,0.38301873207092285,0.3205903172492981,170.45454545454547,110.04219144773694,15.792446828643563,65.55267915866233,0.6462585034013606,holdout_test
EMOVO\neu-f1-b2.wav,f1,b2,neutral,neu,,EMOVO,it,2.6453333333333333,0.026856735348701477,0.10242198921783625,3885.6014271464037,2052.1639992593027,6394.599780701755,3387.3576457618274,19.12534170050554,-370.2309875488281,62.16661834716797,104.32958984375,62.35631561279297,-50.92741012573242,28.018301010131836,50.918052673339844,35.377010345458984,6.2651238441467285,28.176753997802734,-5.71932315826416,22.05983543395996,-24.203502655029297,15.25743293762207,3.850606679916382,9.890963554382324,3.558920383453369,10.324088096618652,-13.329170227050781,15.503072738647461,-3.718785047531128,7.383811950683594,-5.302666664123535,8.332096099853516,-5.432920455932617,11.364630699157715,0.39805305004119873,0.3074653148651123,200.89285714285714,107.14501102498643,18.10513123990271,65.50218459461614,0.7543859649122807,holdout_test
EMOVO\neu-f1-b3.wav,f1,b3,neutral,neu,,EMOVO,it,2.9013333333333335,0.041916921734809875,0.06677872095352565,2869.922777117162,1860.6410694621072,4838.942307692308,3256.6327611500797,19.260788542588585,-357.4441833496094,71.46636199951172,141.5242462158203,49.89788818359375,-32.574432373046875,34.779144287109375,6.465725421905518,28.742340087890625,-4.2470622062683105,20.711524963378906,-0.943550705909729,20.88169288635254,-18.609859466552734,14.606915473937988,-0.01234582718461752,11.39167308807373,0.44815611839294434,15.445225715637207,-10.277502059936523,16.12413787841797,5.33053731918335,11.879082679748535,-1.8683602809906006,9.038125991821289,-5.391427040100098,9.60786247253418,0.3430127501487732,0.3091493248939514,112.5,106.29770515041821,13.73424840834501,48.22520650614156,0.8012820512820513,holdout_test
EMOVO\neu-f1-d1.wav,f1,d1,neutral,neu,,EMOVO,it,2.3466666666666667,0.05911165848374367,0.11063708289194915,3503.401037583968,2588.3570489259364,5277.409957627118,2887.5227419385296,19.531487653273157,-309.6695556640625,59.749149322509766,132.98968505859375,73.27001190185547,-51.098663330078125,33.22911834716797,-2.2385153770446777,43.68993377685547,-20.26112937927246,21.045595169067383,3.8751769065856934,22.079452514648438,-22.66391372680664,16.919898986816406,-6.103271007537842,12.292054176330566,-0.21010690927505493,9.718328475952148,-10.157923698425293,11.462949752807617,4.049825191497803,10.287384986877441,6.591750144958496,7.6831793785095215,-5.162856101989746,10.070191383361816,0.36906760931015015,0.31147488951683044,133.92857142857142,115.03453196429422,18.54814312480022,77.31093238595265,0.7203389830508474,holdout_test
EMOVO\neu-f1-d2.wav,f1,d2,neutral,neu,,EMOVO,it,2.3466666666666667,0.025432797148823738,0.06295727926587301,2893.522513476299,1257.28922958752,5031.0639880952385,3480.877498524088,19.8739591046157,-394.8934020996094,69.65870666503906,144.26568603515625,33.74505615234375,-43.15185546875,31.09124183654785,9.476405143737793,35.07252883911133,4.762585163116455,27.530630111694336,3.891653537750244,15.316408157348633,-17.636075973510742,17.721845626831055,-1.1035239696502686,12.164403915405273,-9.916128158569336,10.533218383789062,-14.640273094177246,15.27088737487793,8.73591136932373,6.909107685089111,-0.3643999695777893,8.997550010681152,-10.09096908569336,11.87625503540039,0.34922781586647034,0.31471946835517883,119.68085106382979,112.82833434996742,9.3279359188832,54.2096428040296,0.9047619047619048,holdout_test
EMOVO\neu-f1-l1.wav,f1,l1,neutral,neu,,EMOVO,it,5.376,0.030253928154706955,0.07341974431818182,3820.7625901933925,2908.309125251106,7091.52586722488,3986.0593212829062,17.723623914117102,-400.584716796875,110.96359252929688,126.04904174804688,64.16954803466797,-26.28037452697754,34.207496643066406,8.725573539733887,30.0092716217041,5.461048603057861,22.328367233276367,-2.37734055519104,17.98189926147461,-15.307191848754883,18.71382713317871,1.932968020439148,11.892657279968262,-1.3541302680969238,10.98733901977539,-10.75934886932373,15.45457649230957,3.7283411026000977,10.56301212310791,-0.5765920877456665,10.627970695495605,-2.3254590034484863,11.161466598510742,0.43431907892227173,0.32043594121932983,114.79591836734694,100.94183843754006,14.433249218984807,68.83738809973246,0.6507177033492823,holdout_test
EMOVO\neu-f1-l2.wav,f1,l2,neutral,neu,,EMOVO,it,3.6693333333333333,0.0405801460146904,0.08107165480212356,3275.6057560336985,2127.9907885443836,5742.4589768339765,3365.1702210882877,17.910082462749827,-344.65509033203125,76.2567138671875,130.5253448486328,60.89497375488281,-33.12984085083008,35.10778045654297,7.5124664306640625,36.0142707824707,-1.213439702987671,24.356386184692383,-3.100001573562622,22.282487869262695,-18.77751350402832,18.394134521484375,-4.000427722930908,11.99647045135498,-0.34318795800209045,9.775049209594727,-8.304455757141113,12.76862907409668,4.535132884979248,10.379921913146973,2.3127057552337646,8.954784393310547,-5.192968368530273,10.593977928161621,0.391449511051178,0.31440436840057373,127.8409090909091,101.72687700473142,15.302802908125603,62.852950375431604,0.6486486486486487,holdout_test
EMOVO\neu-f1-l3.wav,f1,l3,neutral,neu,,EMOVO,it,3.957333333333333,0.02816513180732727,0.06867152622767857,4091.759124454692,3007.8260385476206,7706.919642857143,4238.461455222224,17.622527778564613,-412.670654296875,126.58768463134766,121.86885833740234,62.817665100097656,-27.26824378967285,38.27297592163086,10.789429664611816,31.24108123779297,0.29398438334465027,19.843542098999023,-2.1758029460906982,16.01763916015625,-13.008644104003906,21.170568466186523,4.383180141448975,11.573653221130371,0.14500361680984497,11.10019588470459,-9.676944732666016,14.683928489685059,1.2670257091522217,9.764849662780762,-3.4573333263397217,10.239860534667969,-0.4849618673324585,8.471795082092285,0.4560454487800598,0.3248157203197479,130.8139534883721,103.10670337275477,16.522470045215844,69.28630204094196,0.6714285714285714,holdout_test
EMOVO\neu-f1-l4.wav,f1,l4,neutral,neu,,EMOVO,it,3.1146666666666665,0.04047884792089462,0.0681678005382775,3178.8542264076505,1925.4272069288907,5916.006279904306,3459.958834875783,19.25031084274692,-359.96942138671875,81.46746063232422,126.2233657836914,52.91517639160156,-41.51520538330078,34.387149810791016,12.947391510009766,32.09778594970703,4.769973278045654,24.283267974853516,-3.078075408935547,17.535266876220703,-24.053157806396484,20.390186309814453,-3.45851993560791,11.554027557373047,-2.0652568340301514,10.44425106048584,-15.666361808776855,16.51879119873047,3.3482396602630615,11.92260456085205,-3.480529308319092,10.526745796203613,-7.660737037658691,10.605191230773926,0.37518489360809326,0.32020315527915955,108.17307692307692,113.88262238707303,16.579840559044104,78.90350016296969,0.7320574162679426,holdout_test
EMOVO\neu-f1-n1.wav,f1,n1,neutral,neu,,EMOVO,it,2.6453333333333333,0.05152437835931778,0.05460096914556962,2698.433185679493,1533.9175163930545,4918.166534810127,3320.7908278639793,19.111582344535844,-352.5804138183594,84.68985748291016,149.21188354492188,43.95756530761719,-37.27912521362305,36.79641342163086,-5.476461410522461,31.291976928710938,-5.088358402252197,22.10892105102539,-2.8986217975616455,19.143293380737305,-17.931140899658203,19.700538635253906,-1.529517412185669,11.363348007202148,-1.8739218711853027,12.999810218811035,-9.692176818847656,14.032793045043945,3.285759687423706,10.901138305664062,0.0818987488746643,8.946603775024414,-6.804032325744629,10.704130172729492,0.36712175607681274,0.3171444833278656,82.72058823529412,109.01767408917941,17.77495757743617,62.32832272734096,0.8037974683544303,holdout_test
EMOVO\neu-f1-n2.wav,f1,n2,neutral,neu,,EMOVO,it,3.1573333333333333,0.05079949274659157,0.0968017578125,3366.969988388943,2320.998482495148,5641.357421875,3127.01816305864,19.25282663394929,-327.9936828613281,61.880043029785156,122.73087310791016,65.30628967285156,-38.56278610229492,32.714176177978516,8.154335975646973,35.60867691040039,-4.771435260772705,28.52475929260254,-2.5346455574035645,20.622529983520508,-17.423189163208008,15.020930290222168,0.4176100194454193,11.388689994812012,-1.3556528091430664,13.934529304504395,-14.156458854675293,13.801724433898926,4.037461757659912,13.469084739685059,1.7073453664779663,9.616971969604492,-5.602924823760986,12.190878868103027,0.35154688358306885,0.31396886706352234,104.16666666666667,103.4067638240896,12.5435205139178,60.37664272426164,0.6927083333333334,holdout_test
EMOVO\neu-f1-n3.wav,f1,n3,neutral,neu,,EMOVO,it,2.7733333333333334,0.04199972748756409,0.07604836856617647,3117.3501238150466,1803.2237924609954,5210.707720588235,3137.7169284057372,19.249996965764847,-337.6903381347656,71.39122009277344,131.2844696044922,50.428104400634766,-49.30443572998047,31.28403663635254,13.422224998474121,35.26057434082031,6.547143459320068,29.560728073120117,-4.076282978057861,16.32510757446289,-23.909814834594727,18.8361873626709,-2.7941348552703857,10.47401237487793,-3.4298665523529053,10.392725944519043,-11.75451374053955,14.451078414916992,7.1149210929870605,13.703973770141602,0.993769645690918,10.12033748626709,-4.305860996246338,12.819803237915039,0.36764901876449585,0.31312447786331177,160.71428571428572,106.61184052774651,14.493761654483581,59.10756196471483,0.7705882352941177,holdout_test
EMOVO\neu-f1-n4.wav,f1,n4,neutral,neu,,EMOVO,it,3.925333333333333,0.05060972645878792,0.08411754261363637,3115.9427832279216,1931.9342656292843,5085.227272727273,2991.050727030699,19.729078336746237,-328.5278625488281,72.26535034179688,125.1585464477539,59.15607833862305,-51.27833557128906,41.286659240722656,9.249239921569824,37.82749938964844,1.2473695278167725,25.730396270751953,-5.741386890411377,19.14440155029297,-21.593387603759766,16.3680419921875,-1.5991814136505127,11.655852317810059,-1.4856138229370117,10.708232879638672,-12.917173385620117,13.203059196472168,4.6557440757751465,12.442198753356934,3.1265358924865723,8.688053131103516,-5.386957168579102,11.55549430847168,0.34454968571662903,0.31147244572639465,152.02702702702703,108.37046509581728,13.600335183223851,70.6646201837627,0.75,holdout_test
EMOVO\neu-f1-n5.wav,f1,n5,neutral,neu,,EMOVO,it,3.925333333333333,0.04023832082748413,0.0633436968537415,3121.3477233092076,1434.8786481187446,5638.313137755102,3499.246989422949,19.860629077007285,-369.796875,88.44745635986328,123.89641571044922,45.79665756225586,-41.965087890625,40.22469711303711,34.44493865966797,35.56996536254883,12.685492515563965,24.72967529296875,-8.715764999389648,19.11562156677246,-29.991178512573242,19.860952377319336,-2.2730751037597656,12.656805992126465,0.7665713429450989,9.694262504577637,-15.441630363464355,13.344001770019531,2.391916036605835,12.363450050354004,-2.298916816711426,11.052834510803223,-7.021688461303711,10.588397979736328,0.3422406017780304,0.31157979369163513,165.44117647058823,106.79918010469314,12.533161757718428,59.85843485774589,0.8061224489795918,holdout_test
EMOVO\neu-f2-b1.wav,f2,b1,neutral,neu,,EMOVO,it,1.8133333333333332,0.05181135982275009,0.09722695574664429,3057.8266120250705,2304.496328209818,4971.109479865771,2645.1137657360373,20.120758598814152,-338.6408996582031,85.62843322753906,133.10594177246094,56.37931442260742,-40.79291534423828,40.33787536621094,36.271156311035156,22.27187156677246,-7.98039436340332,25.32813262939453,11.699628829956055,14.16431713104248,-20.049280166625977,15.492997169494629,-25.47819709777832,18.02485466003418,7.610335350036621,8.15157699584961,-6.2498369216918945,12.798029899597168,-2.522939682006836,11.397181510925293,-3.520388603210449,8.075862884521484,-9.152959823608398,8.625566482543945,0.340435653924942,0.3220342695713043,152.02702702702703,109.68452809109398,14.397639758278256,57.33304768578685,0.7785234899328859,holdout_test
EMOVO\neu-f2-b2.wav,f2,b2,neutral,neu,,EMOVO,it,2.1973333333333334,0.04440762475132942,0.06846691313244048,2810.9079392628328,1956.8780872762306,4996.651785714285,2790.6923170808386,20.39346570484782,-377.9513244628906,76.79459381103516,127.65889739990234,51.51395034790039,-34.636451721191406,29.383699417114258,58.89803695678711,34.09331130981445,7.422464847564697,23.73708724975586,11.582247734069824,16.4124755859375,-16.43149185180664,15.878223419189453,-21.38359260559082,14.686339378356934,12.50097942352295,9.718863487243652,-13.702861785888672,11.855268478393555,-9.497776985168457,11.059144020080566,-6.165196895599365,11.84003734588623,-11.635235786437988,9.524548530578613,0.3416695296764374,0.34013041853904724,130.8139534883721,109.13758245229862,14.777180174823851,55.8481448043605,0.8273809523809523,holdout_test
EMOVO\neu-f2-b3.wav,f2,b3,neutral,neu,,EMOVO,it,1.8773333333333333,0.04665764421224594,0.054163171140939596,2214.5125035321385,1489.649415597062,3921.770134228188,2496.209290823849,20.22602922794502,-356.05657958984375,69.35101318359375,159.86390686035156,41.14710998535156,-38.73872756958008,32.099021911621094,32.37171173095703,20.087291717529297,-4.572311878204346,18.22942543029785,9.179519653320312,16.322484970092773,-14.605988502502441,15.997821807861328,-22.712541580200195,15.200701713562012,8.712627410888672,12.80749797821045,-3.564417839050293,11.403579711914062,-2.6045567989349365,13.286231994628906,-1.5434983968734741,9.542078018188477,-11.046072006225586,8.119559288024902,0.3223598301410675,0.3234826922416687,160.71428571428572,105.84003375501074,14.380760183185902,54.08120491072141,0.8657718120805369,holdout_test
EMOVO\neu-f2-d1.wav,f2,d1,neutral,neu,,EMOVO,it,1.3653333333333333,0.056137267500162125,0.08230681466584158,2764.1671531968786,2050.6486666896235,4767.3267326732675,2560.713428190846,19.25036060617794,-322.646728515625,61.823734283447266,152.69390869140625,55.611026763916016,-43.12879180908203,26.417415618896484,33.01816940307617,29.219282150268555,-15.75146198272705,15.047000885009766,7.390816688537598,18.619356155395508,-12.508480072021484,14.376849174499512,-22.358291625976562,16.474634170532227,2.047729730606079,8.84872055053711,-8.534503936767578,13.772514343261719,1.3038549423217773,9.818791389465332,-0.7112408876419067,7.404656887054443,-5.2996649742126465,6.502682209014893,0.3672060966491699,0.3224545121192932,85.22727272727273,115.78026930841853,19.992740457662315,79.10006146826353,0.8316831683168316,holdout_test
EMOVO\neu-f2-d2.wav,f2,d2,neutral,neu,,EMOVO,it,1.5786666666666667,0.05977316200733185,0.04434669623940678,2053.6081791987963,1141.6253998377465,3858.646716101695,2422.3326030045755,20.21694485557068,-338.3746032714844,69.88987731933594,166.27752685546875,33.212791442871094,-37.55641174316406,28.202280044555664,31.666154861450195,24.546133041381836,2.075029134750366,24.297443389892578,6.352496147155762,14.07865047454834,-11.248872756958008,13.782115936279297,-21.678165435791016,14.603919982910156,8.29296875,8.45230770111084,-9.626959800720215,11.720251083374023,-7.416799068450928,10.381693840026855,-1.3525553941726685,8.672161102294922,-3.7356302738189697,7.535820960998535,0.3244713842868805,0.32371190190315247,127.8409090909091,118.41277422916109,6.070170780445513,38.655537361462734,0.8898305084745762,holdout_test
EMOVO\neu-f2-l1.wav,f2,l1,neutral,neu,,EMOVO,it,4.672,0.03848136588931084,0.05072366400491401,2307.5187588172025,1781.8653775003722,4238.674754299755,2573.9821362801576,19.046220811262945,-403.543212890625,120.29654693603516,141.04580688476562,63.34665298461914,-29.748239517211914,32.59147644042969,32.88249588012695,26.699552536010742,0.6515102386474609,19.73622703552246,8.8400239944458,13.37640380859375,-8.611214637756348,14.357316970825195,-19.9887752532959,16.500288009643555,2.8270814418792725,9.262394905090332,-10.861943244934082,12.082732200622559,-2.154254198074341,10.978973388671875,0.734209418296814,9.467937469482422,-10.377346992492676,10.470162391662598,0.31894007325172424,0.32588547468185425,86.53846153846153,107.08536489294714,14.532758019626954,54.11519097836883,0.7665847665847666,holdout_test
EMOVO\neu-f2-l2.wav,f2,l2,neutral,neu,,EMOVO,it,3.136,0.04333727806806564,0.05707877851711027,2397.158597742587,1703.265978008743,4338.432747148289,2594.6635055458355,19.11477251124163,-363.7984313964844,90.89838409423828,153.2808380126953,52.60715866088867,-35.705909729003906,31.022193908691406,28.556840896606445,29.327659606933594,-5.113264083862305,20.132038116455078,10.173245429992676,12.460746765136719,-7.554414749145508,14.275285720825195,-25.03419303894043,16.912578582763672,3.3768129348754883,8.01211929321289,-7.939876556396484,10.22571086883545,-2.849398374557495,11.789325714111328,0.9018594622612,8.474127769470215,-8.081915855407715,10.325417518615723,0.35676246881484985,0.31943920254707336,104.16666666666667,108.22409094994123,11.827785322191783,55.219211445989544,0.8022813688212928,holdout_test
EMOVO\neu-f2-l3.wav,f2,l3,neutral,neu,,EMOVO,it,2.88,0.052729055285453796,0.04430004674145299,1986.937077679534,1236.7636379212342,3498.497596153846,2383.5026515382083,19.766204430700544,-365.36663818359375,71.67547607421875,159.69924926757812,37.047935485839844,-26.850231170654297,33.70598220825195,29.431114196777344,31.765579223632812,-2.6295437812805176,21.247316360473633,-0.08591193705797195,13.158695220947266,-12.142735481262207,17.001754760742188,-24.77842140197754,15.910001754760742,7.9718780517578125,8.794415473937988,-9.636778831481934,11.9114990234375,-12.734508514404297,11.931992530822754,-2.2040486335754395,9.040061950683594,-7.907881736755371,9.865321159362793,0.334584504365921,0.32754456996917725,87.890625,114.8841947224029,15.290155081105109,75.24225169254771,0.8504273504273504,holdout_test
EMOVO\neu-f2-l4.wav,f2,l4,neutral,neu,,EMOVO,it,2.56,0.046894337981939316,0.05086106520432692,2331.642712745749,1498.7810196458718,4404.334435096154,2647.0483072566253,19.578950622873727,-372.1443786621094,86.49430847167969,137.93115234375,45.76866149902344,-33.978370666503906,33.687774658203125,34.176719665527344,28.78656768798828,8.688315391540527,16.499120712280273,9.740093231201172,13.995208740234375,-7.920541763305664,13.209497451782227,-24.72295379638672,15.209088325500488,-0.7231560945510864,8.833738327026367,-13.259964942932129,11.584647178649902,-5.6801652908325195,11.408202171325684,-3.1222329139709473,9.146331787109375,-13.82701301574707,9.735896110534668,0.32361528277397156,0.33108019828796387,181.4516129032258,112.90420443583484,13.893365726512425,51.57854918887389,0.7692307692307693,holdout_test
EMOVO\neu-f2-n1.wav,f2,n1,neutral,neu,,EMOVO,it,1.92,0.04535017907619476,0.045315036525974024,2085.0389702856182,1160.5352099534994,3879.6672077922076,2538.7014933556748,19.55646360048003,-363.83465576171875,88.53778076171875,161.2169952392578,40.00981903076172,-35.393226623535156,34.180477142333984,26.605558395385742,22.18608856201172,-2.3877615928649902,21.13846778869629,10.879375457763672,13.438586235046387,-7.527500629425049,14.91590690612793,-23.502708435058594,15.784111022949219,2.7659194469451904,8.201820373535156,-8.511529922485352,10.780098915100098,-3.256225109100342,11.267312049865723,-1.697908878326416,7.728507041931152,-11.48213005065918,10.656536102294922,0.3250318169593811,0.324162095785141,108.17307692307692,108.88390165853212,13.24678816372841,48.44532464946815,0.8636363636363636,holdout_test
EMOVO\neu-f2-n2.wav,f2,n2,neutral,neu,,EMOVO,it,2.2613333333333334,0.04070764407515526,0.08534581801470588,2862.7171042180457,2043.2038291172653,5060.983455882353,2692.445629893133,19.28109868661539,-353.41558837890625,71.1817855834961,140.65235900878906,54.46852493286133,-41.71307373046875,32.80061721801758,45.7664794921875,24.28506088256836,-9.388916015625,26.222993850708008,16.193740844726562,16.41836929321289,-8.164694786071777,12.07192325592041,-20.430965423583984,15.453832626342773,1.1125210523605347,8.583752632141113,-11.41622543334961,10.396252632141113,1.183421015739441,10.95008373260498,-5.050065517425537,9.29908561706543,-10.107162475585938,10.778743743896484,0.3310566842556,0.3214622735977173,140.625,107.37956963010474,14.90445716949458,65.00864061305249,0.7764705882352941,holdout_test
EMOVO\neu-f2-n3.wav,f2,n3,neutral,neu,,EMOVO,it,2.005333333333333,0.04375182092189789,0.05999831211419753,2377.1140248784523,1682.6768102651574,4237.847222222223,2536.2246554677777,19.90920255049721,-357.73028564453125,62.52322769165039,150.47735595703125,41.11418914794922,-38.09211730957031,26.531845092773438,36.7669677734375,27.976743698120117,4.468546390533447,26.737716674804688,11.51479721069336,13.669777870178223,-10.615411758422852,15.675801277160645,-22.907690048217773,17.362228393554688,-0.33056747913360596,8.992438316345215,-11.810951232910156,12.729009628295898,-1.332751750946045,9.874385833740234,-1.1125779151916504,8.619536399841309,-12.053982734680176,10.346414566040039,0.3189348876476288,0.3186178207397461,152.02702702702703,105.36480868760542,13.100990688378616,57.13095011267501,0.8518518518518519,holdout_test
EMOVO\neu-f2-n4.wav,f2,n4,neutral,neu,,EMOVO,it,3.1786666666666665,0.043809063732624054,0.0685215141937023,2490.677847090315,1739.602363840475,4350.697757633588,2506.268520398844,19.823281607033106,-365.706298828125,74.10006713867188,143.06236267089844,49.03877639770508,-41.60552978515625,39.577030181884766,45.24491500854492,33.349483489990234,0.31401750445365906,23.587684631347656,8.906726837158203,14.939207077026367,-8.16535758972168,15.069068908691406,-23.572738647460938,15.155618667602539,2.020655870437622,10.312963485717773,-9.644970893859863,11.839529037475586,-2.6768078804016113,14.040241241455078,-1.0743032693862915,8.222940444946289,-13.962160110473633,9.72167682647705,0.3218671977519989,0.32499682903289795,86.53846153846153,111.589571659022,14.347467669049843,69.04953556290701,0.7977099236641222,holdout_test
EMOVO\neu-f2-n5.wav,f2,n5,neutral,neu,,EMOVO,it,3.6693333333333333,0.04762180522084236,0.05404392930327869,2383.6596870605126,1482.9412670968547,4412.320696721312,2643.6654546420127,19.843377675808338,-385.29852294921875,97.03706359863281,140.0812530517578,51.19773864746094,-29.05292320251465,37.98784255981445,46.904842376708984,32.907928466796875,5.018968105316162,21.552730560302734,-0.119427390396595,12.654552459716797,-15.893701553344727,16.82047462463379,-26.549732208251953,16.03937530517578,8.63642692565918,10.564757347106934,-10.026388168334961,12.11072826385498,-8.045926094055176,11.982414245605469,-3.3190512657165527,8.227669715881348,-13.552186965942383,9.177504539489746,0.323551744222641,0.32665976881980896,170.45454545454547,112.0317515357806,14.663191877782365,69.20264074864117,0.8163934426229508,holdout_test
EMOVO\neu-f3-b1.wav,f3,b1,neutral,neu,,EMOVO,it,1.6746666666666667,0.019294138997793198,0.08255631956335617,3354.178705706154,2252.4280574343534,5719.552654109589,3704.935203878898,17.940199216764086,-430.1296081542969,73.33428955078125,125.28524017333984,61.07826614379883,-15.412701606750488,33.50707244873047,33.42660903930664,31.364133834838867,11.504800796508789,32.83137512207031,6.437299728393555,13.356612205505371,-27.14443016052246,21.458158493041992,-15.978092193603516,12.519197463989258,5.857592582702637,9.314379692077637,-12.725350379943848,11.202797889709473,-4.911766529083252,10.975553512573242,-0.19810597598552704,9.883289337158203,-7.943403720855713,9.687673568725586,0.361894428730011,0.31947779655456543,175.78125,96.87543975056518,14.102644200123649,52.55545834985416,0.726027397260274,holdout_test
EMOVO\neu-f3-b2.wav,f3,b2,neutral,neu,,EMOVO,it,1.9306666666666668,0.014122074469923973,0.07273171164772728,3320.634434904913,1915.0148632658004,5632.590553977273,3919.533958055788,18.21810696890131,-467.10791015625,55.57781219482422,114.1017837524414,54.64377975463867,-13.918499946594238,37.89197540283203,48.324153900146484,29.069169998168945,31.828020095825195,27.857919692993164,-0.5649476051330566,14.63529109954834,-29.208894729614258,17.233190536499023,-6.9820661544799805,10.622825622558594,15.863125801086426,14.122485160827637,-15.505624771118164,10.531152725219727,-12.5329008102417,14.39895248413086,-9.910674095153809,10.349349021911621,-10.758872985839844,9.943449020385742,0.384921133518219,0.3246006965637207,133.92857142857142,97.97315379119155,21.27687541339894,106.20795839779251,0.7897727272727273,holdout_test
EMOVO\neu-f3-b3.wav,f3,b3,neutral,neu,,EMOVO,it,1.728,0.014020328409969807,0.061387099228896104,2928.2364655962206,1974.7853959270856,5062.804383116883,3982.855360474678,17.284285822780504,-453.1428527832031,77.06047058105469,146.97494506835938,50.87562942504883,3.0838568210601807,38.24834060668945,17.867977142333984,24.824234008789062,11.426470756530762,25.55065155029297,0.620868444442749,16.196958541870117,-24.530824661254883,15.556541442871094,-13.143526077270508,12.55107593536377,7.270028114318848,13.615269660949707,-5.695980072021484,11.561073303222656,-2.5380375385284424,11.451476097106934,0.6511454582214355,9.909250259399414,-9.390308380126953,8.361733436584473,0.37130624055862427,0.30780717730522156,90.7258064516129,84.61157255305427,10.517561138000792,42.0812052026174,0.8246753246753247,holdout_test
EMOVO\neu-f3-d1.wav,f3,d1,neutral,neu,,EMOVO,it,1.4293333333333333,0.014697330072522163,0.09376641281512606,3521.9789126323085,2197.7693592993037,5832.589285714285,3653.985076053399,16.388268560227065,-417.5343933105469,66.16487884521484,130.70053100585938,71.59686279296875,-25.599384307861328,30.850048065185547,23.244277954101562,38.34550857543945,-2.1865475177764893,24.096637725830078,4.053978443145752,15.19277286529541,-16.969682693481445,15.547110557556152,-15.090126991271973,12.672107696533203,-4.109987258911133,9.863285064697266,-11.523645401000977,10.990781784057617,5.31708288192749,9.44246768951416,-0.6219801902770996,11.499307632446289,-6.140730381011963,7.845704078674316,0.3974110186100006,0.30974775552749634,119.68085106382979,101.4573008063463,25.241943559518436,95.64303522886914,0.7058823529411765,holdout_test
EMOVO\neu-f3-d2.wav,f3,d2,neutral,neu,,EMOVO,it,1.2906666666666666,0.016718870028853416,0.05427333286830357,2852.1163730273315,1642.9215498930118,5280.552455357143,3807.9182326675436,16.749860039151457,-432.39483642578125,68.71867370605469,152.3106689453125,44.33034896850586,-18.274059295654297,27.023637771606445,17.50736427307129,28.121570587158203,15.113716125488281,25.56753921508789,-0.5201683044433594,14.143636703491211,-19.66115379333496,18.82560920715332,-12.2635498046875,12.448874473571777,3.0084049701690674,7.8321733474731445,-12.50743293762207,12.01756763458252,-2.506624460220337,10.887175559997559,-5.0662617683410645,11.568568229675293,-9.286959648132324,10.435665130615234,0.36221233010292053,0.31094688177108765,133.92857142857142,94.2643736521758,12.52260852225189,51.81980616713467,0.7053571428571429,holdout_test
EMOVO\neu-f3-l1.wav,f3,l1,neutral,neu,,EMOVO,it,4.597333333333333,0.014146631583571434,0.07597088756053269,3759.8971659503263,3077.9105683557696,7134.306900726392,4510.875074925086,16.909364451185933,-486.14373779296875,100.52800750732422,132.6195831298828,56.05564498901367,6.771666526794434,36.14748001098633,26.647371292114258,25.617721557617188,20.621538162231445,20.92643165588379,2.986301898956299,15.496026039123535,-17.0064640045166,20.551748275756836,-11.263626098632812,15.213054656982422,4.266387462615967,9.789539337158203,-12.272795677185059,12.494529724121094,-4.177882671356201,12.723183631896973,1.1622685194015503,10.742148399353027,-8.126389503479004,8.953784942626953,0.41160187125205994,0.3237256705760956,165.44117647058823,85.20980247917684,15.038945339164014,60.2226659990352,0.7506053268765133,holdout_test
EMOVO\neu-f3-l2.wav,f3,l2,neutral,neu,,EMOVO,it,3.029333333333333,0.019396953284740448,0.06708233173076923,3022.7079209874287,1996.0079106127148,5384.765625,3677.605115895533,17.558300966004868,-422.17626953125,70.2661361694336,142.65118408203125,57.90088653564453,-15.040536880493164,32.52864074707031,25.84486198425293,32.615570068359375,11.189902305603027,27.298368453979492,4.778165340423584,15.935541152954102,-24.67814064025879,19.034799575805664,-20.2657413482666,14.98042106628418,1.4739341735839844,10.948800086975098,-13.147229194641113,10.052281379699707,-3.3207695484161377,11.257222175598145,2.84087872505188,10.664738655090332,-8.525620460510254,8.645862579345703,0.37197813391685486,0.3157053291797638,114.79591836734694,88.57907808801313,10.296874861571654,49.79596218511928,0.7576923076923077,holdout_test
EMOVO\neu-f3-l3.wav,f3,l3,neutral,neu,,EMOVO,it,3.530666666666667,0.01381413359194994,0.08200325935509555,4084.307164977834,3276.7016250135057,7798.716162420382,4683.435697445319,16.62459388428406,-492.6126708984375,107.1623306274414,128.77000427246094,54.821990966796875,3.753850221633911,36.795291900634766,21.376657485961914,30.531192779541016,17.71889877319336,20.36674690246582,-2.7013394832611084,14.222989082336426,-16.290863037109375,23.69696617126465,-4.519973278045654,14.392687797546387,5.59418249130249,11.043112754821777,-9.682297706604004,12.957723617553711,-3.0973024368286133,11.895637512207031,-2.5207066535949707,11.232880592346191,-8.060300827026367,9.07878589630127,0.40383514761924744,0.32432615756988525,70.3125,95.38818688638321,16.719925041408555,77.24595968646142,0.6878980891719745,holdout_test
EMOVO\neu-f3-l4.wav,f3,l4,neutral,neu,,EMOVO,it,2.3893333333333335,0.018237382173538208,0.060941167840375586,3163.9092834642247,2108.4027272967173,6015.625,3988.391512229019,17.72216138594112,-452.2423095703125,79.03470611572266,132.1105194091797,49.707000732421875,-10.151985168457031,31.027193069458008,29.160890579223633,33.466426849365234,19.40281105041504,28.19741439819336,6.120666027069092,16.943347930908203,-24.222768783569336,21.30283546447754,-17.365753173828125,14.402789115905762,4.99795389175415,11.290051460266113,-13.363889694213867,12.292869567871094,-9.496707916259766,11.705438613891602,-6.233932971954346,11.156404495239258,-9.544885635375977,10.312210083007812,0.3585565686225891,0.32030269503593445,114.79591836734694,98.77735934252951,16.672909514095263,69.23949843836243,0.8262910798122066,holdout_test
EMOVO\neu-f3-n1.wav,f3,n1,neutral,neu,,EMOVO,it,2.037333333333333,0.01556050032377243,0.05270565257352941,2955.856891218262,1836.8505313498404,5831.25,4108.465779262399,17.48686763134715,-450.881103515625,77.70830535888672,151.36427307128906,44.84456253051758,-3.709068775177002,30.43431854248047,10.876367568969727,29.43490982055664,11.080512046813965,24.62439727783203,-0.32981622219085693,19.6873779296875,-21.82196617126465,17.358976364135742,-12.773724555969238,14.972697257995605,1.4157294034957886,10.389670372009277,-9.798073768615723,9.07814884185791,-1.637351393699646,10.703875541687012,-0.19089804589748383,9.402946472167969,-9.560694694519043,8.541621208190918,0.3581152856349945,0.3144310414791107,95.33898305084746,86.41643955899545,12.64525631048637,46.51637480614585,0.8705882352941177,holdout_test
EMOVO\neu-f3-n2.wav,f3,n2,neutral,neu,,EMOVO,it,2.1333333333333333,0.018804796040058136,0.0867400473736702,3297.7828334989877,2117.4700702522696,5589.220412234043,3613.9320135873654,17.77091446679002,-423.92889404296875,71.53652954101562,132.230712890625,62.73579788208008,-23.049617767333984,38.031917572021484,25.29983901977539,31.532821655273438,7.104987144470215,30.390745162963867,3.7396655082702637,16.76785659790039,-23.796344757080078,17.251922607421875,-14.76546573638916,12.865781784057617,6.65438985824585,9.51578140258789,-15.689032554626465,11.409701347351074,-5.806773662567139,11.680747985839844,0.7225377559661865,9.353012084960938,-10.021974563598633,10.120634078979492,0.3620884120464325,0.31549349427223206,127.8409090909091,101.15480897538355,18.291049440360965,70.8040083163688,0.75,holdout_test
EMOVO\neu-f3-n3.wav,f3,n3,neutral,neu,,EMOVO,it,1.9413333333333334,0.015734847635030746,0.07036072530864197,3037.236143114486,1957.3776549360987,5196.759259259259,3744.282166245112,18.008507959035633,-439.58587646484375,62.72772216796875,137.6705322265625,53.20448684692383,-16.35797119140625,27.262203216552734,28.16020965576172,33.98828887939453,20.92987823486328,32.49574279785156,4.511078834533691,12.019944190979004,-25.363306045532227,19.238664627075195,-16.484766006469727,13.339162826538086,2.5880126953125,11.49527645111084,-14.598970413208008,10.561320304870605,-3.427051305770874,13.43122673034668,-1.0476493835449219,11.44832992553711,-7.517805576324463,9.053125381469727,0.3690392076969147,0.31343740224838257,148.02631578947367,84.18067126116603,11.352023812107515,47.16473679449558,0.7407407407407407,holdout_test
EMOVO\neu-f3-n4.wav,f3,n4,neutral,neu,,EMOVO,it,3.1893333333333334,0.014369083568453789,0.0765354128649635,3269.2645882309575,2127.300068091066,5520.899863138686,3814.680455544383,17.616513488502026,-449.3143005371094,72.05606842041016,127.38871765136719,63.23965072631836,-15.557137489318848,42.58318328857422,29.5008544921875,35.94802474975586,17.360326766967773,27.383159637451172,2.225379467010498,16.7486629486084,-24.095916748046875,18.352846145629883,-15.077398300170898,11.880790710449219,2.9281349182128906,12.101509094238281,-12.280080795288086,10.134982109069824,-3.4809868335723877,11.810417175292969,-0.20218373835086823,9.862936019897461,-9.26720142364502,11.038798332214355,0.3657620847225189,0.31772902607917786,140.625,88.93417204444279,13.051193585803682,53.17164880956439,0.7262773722627737,holdout_test
EMOVO\neu-f3-n5.wav,f3,n5,neutral,neu,,EMOVO,it,3.3173333333333335,0.01404438354074955,0.05496722722457627,2978.6711417504066,1662.9176348371022,5407.0709745762715,3992.9848829557304,18.23942172175675,-461.3551940917969,73.4928970336914,137.05775451660156,44.88172149658203,-8.328303337097168,38.03240966796875,33.14607238769531,32.09315872192383,31.628158569335938,27.44915008544922,0.6270118951797485,12.4686861038208,-30.8920841217041,17.331283569335938,-20.194957733154297,12.037967681884766,6.781985759735107,9.831948280334473,-10.028166770935059,9.387989044189453,-7.2032928466796875,10.146000862121582,-7.806375980377197,11.711148262023926,-12.732538223266602,9.276602745056152,0.3820097744464874,0.312744677066803,152.02702702702703,85.93165193474076,13.501459211231579,64.65296513783665,0.7898305084745763,holdout_test
EMOVO\neu-m1-b1.wav,m1,b1,neutral,neu,,EMOVO,it,1.8773333333333333,0.06018166244029999,0.08305495689655172,2936.4517703232345,1645.4962597841866,5276.3469827586205,2646.7326450970468,19.176265458292615,-257.73675537109375,74.0853042602539,145.6409454345703,48.344932556152344,-48.82661437988281,32.673885345458984,50.11244201660156,25.303943634033203,-1.7006272077560425,28.8463191986084,19.492204666137695,12.688305854797363,5.241569995880127,10.030538558959961,-2.2118449211120605,10.39088249206543,-1.8399624824523926,10.990674018859863,-22.719274520874023,14.408873558044434,-1.9364333152770996,12.144111633300781,-1.7011291980743408,8.5029878616333,-3.547926902770996,10.560847282409668,0.48487821221351624,0.2871352434158325,112.5,80.66008866362824,13.608482668515052,35.46405342736416,0.16551724137931034,holdout_test
EMOVO\neu-m1-b2.wav,m1,b2,neutral,neu,,EMOVO,it,1.9626666666666666,0.06226000189781189,0.0683653661809816,2750.12213669853,1434.6636713118469,4930.358512269939,2609.22620521338,19.306948779980104,-284.444580078125,74.05413818359375,139.90634155273438,46.94183349609375,-48.636932373046875,32.540809631347656,66.84446716308594,26.02617073059082,18.545557022094727,29.149471282958984,24.56972885131836,22.49740982055664,-4.0766215324401855,10.862136840820312,-1.8079683780670166,12.229846000671387,12.172050476074219,12.04752254486084,-12.88673210144043,11.296390533447266,3.6634514331817627,9.574851036071777,-1.8424639701843262,8.269622802734375,-6.843347072601318,8.959424018859863,0.461831659078598,0.28747233748435974,140.625,92.78575491428383,10.504097813952008,42.703874514827945,0.27607361963190186,holdout_test
EMOVO\neu-m1-b3.wav,m1,b3,neutral,neu,,EMOVO,it,1.8346666666666667,0.04895811155438423,0.05847000749143835,2281.9322248348026,1438.0013943048948,4293.557363013699,2575.4788491802733,18.51405688930861,-309.5771789550781,80.86945343017578,179.55259704589844,41.990238189697266,-36.02254104614258,33.381919860839844,47.85393524169922,19.688518524169922,-8.992389678955078,24.097469329833984,22.48546600341797,16.410686492919922,-1.5870848894119263,12.717782020568848,0.0009025678155012429,10.213156700134277,4.207877159118652,14.870718955993652,-22.45752716064453,12.931654930114746,3.344677686691284,11.695255279541016,0.8748589754104614,10.49560832977295,-3.6616151332855225,9.423020362854004,0.5070029497146606,0.2799539566040039,170.45454545454547,84.37175102145213,8.080739858759161,32.02803577611,0.3493150684931507,holdout_test
EMOVO\neu-m1-d1.wav,m1,d1,neutral,neu,,EMOVO,it,1.3653333333333333,0.04683293402194977,0.06337164256198347,2409.0406479381,1288.5073144221485,4738.830061983471,2564.653417025458,18.41503340574399,-292.0564270019531,67.33915710449219,182.59283447265625,40.5826416015625,-44.7155876159668,24.843158721923828,53.51616668701172,28.218549728393555,-15.11894416809082,18.700557708740234,8.209220886230469,17.270307540893555,2.5754294395446777,11.579910278320312,8.88793659210205,11.515512466430664,0.8257243633270264,9.823492050170898,-24.474063873291016,12.077600479125977,3.3003857135772705,9.393381118774414,-3.1215171813964844,6.216645240783691,-0.620124101638794,7.614526748657227,0.5190439820289612,0.26512888073921204,144.23076923076923,0.0,0.0,0.0,0.0,holdout_test
EMOVO\neu-m1-d2.wav,m1,d2,neutral,neu,,EMOVO,it,1.344,0.0639471560716629,0.046142578125,2288.8716447116626,835.2259069281299,4617.1875,2578.3038867727205,19.421453837838758,-269.9995422363281,75.07821655273438,181.28244018554688,28.84602928161621,-52.847984313964844,24.339597702026367,52.74597930908203,21.682941436767578,-13.905942916870117,19.348987579345703,12.209945678710938,19.909381866455078,7.3440704345703125,11.363665580749512,4.158848285675049,8.984945297241211,3.1232826709747314,9.1857328414917,-24.359437942504883,14.90056037902832,-3.441492795944214,12.088614463806152,-3.8421971797943115,8.354961395263672,-7.51011323928833,12.82258415222168,0.5061237215995789,0.2819764018058777,140.625,66.73339210665586,4.316915501054872,24.45895860311083,0.3125,holdout_test
EMOVO\neu-m1-l1.wav,m1,l1,neutral,neu,,EMOVO,it,4.074666666666666,0.04401789605617523,0.05117639858651226,2385.583375687133,1366.5854986205425,4669.299216621253,2713.8575711585504,18.28823639956938,-332.88067626953125,97.78401947021484,172.899658203125,46.892494201660156,-38.306610107421875,25.541927337646484,51.934425354003906,24.839937210083008,1.6552554368972778,25.77165985107422,20.113309860229492,17.612855911254883,0.4908786416053772,13.175779342651367,3.8898372650146484,9.71035099029541,2.230207681655884,10.51887035369873,-24.060205459594727,12.684347152709961,4.911244869232178,10.299993515014648,0.290072500705719,8.8096342086792,-0.8103799223899841,10.598454475402832,0.529920220375061,0.27859508991241455,85.22727272727273,80.67255501581951,10.569491648545068,38.41978306983661,0.2125340599455041,holdout_test
EMOVO\neu-m1-l2.wav,m1,l2,neutral,neu,,EMOVO,it,2.944,0.04375237226486206,0.06195068359375,2412.041151023834,1442.268891445783,4603.781960227273,2607.8818376888385,18.41484423061633,-304.3613586425781,71.87464141845703,168.0802001953125,43.77640914916992,-30.866960525512695,28.63802146911621,45.848594665527344,27.11036491394043,-1.3308117389678955,23.347185134887695,15.448066711425781,21.464752197265625,3.3475723266601562,12.621016502380371,1.1043241024017334,11.653244018554688,0.5699567794799805,8.97231388092041,-21.95168685913086,12.247336387634277,4.254740238189697,9.768350601196289,-1.1431492567062378,8.311800956726074,-1.7196648120880127,9.910377502441406,0.5223371386528015,0.28323811292648315,73.05194805194805,76.86639906143209,8.142673616628702,26.029777250557004,0.20454545454545456,holdout_test
EMOVO\neu-m1-l3.wav,m1,l3,neutral,neu,,EMOVO,it,3.0933333333333333,0.03968026861548424,0.06309717850719425,2817.9254375050164,1744.895505266758,5351.337679856115,2973.950484489273,17.75499275607838,-366.0849609375,122.78541564941406,151.32708740234375,55.98808670043945,-31.687057495117188,34.299781799316406,52.5455207824707,25.254587173461914,7.915689945220947,21.062597274780273,14.154207229614258,21.275009155273438,-0.8189821839332581,14.754462242126465,4.360493183135986,13.79838752746582,5.925356388092041,9.726507186889648,-16.41297149658203,12.72646713256836,7.582882881164551,9.438897132873535,-2.2681071758270264,9.66353702545166,-2.998223304748535,10.74890422821045,0.5104592442512512,0.2904165983200073,82.72058823529412,80.54000328519425,11.942925316401423,45.230832192314224,0.3237410071942446,holdout_test
EMOVO\neu-m1-l4.wav,m1,l4,neutral,neu,,EMOVO,it,2.2186666666666666,0.04894939064979553,0.048891047841494846,2265.8326562462917,1237.1978509238959,4446.238724226804,2597.142911582859,18.604176909747025,-313.9975891113281,78.88287353515625,167.41603088378906,43.0522575378418,-32.90987014770508,28.646286010742188,47.28650665283203,26.384517669677734,9.239397048950195,24.185745239257812,19.357425689697266,16.12127685546875,4.678691864013672,13.334121704101562,-2.2945494651794434,9.23723316192627,-0.5083866715431213,9.755578994750977,-21.804058074951172,12.991665840148926,1.1502931118011475,11.812461853027344,-2.6654512882232666,8.731220245361328,-6.4634480476379395,9.997003555297852,0.517788290977478,0.2781282663345337,87.890625,77.79775000746828,12.091627293723988,28.16699637944447,0.1958762886597938,holdout_test
EMOVO\neu-m1-n1.wav,m1,n1,neutral,neu,,EMOVO,it,1.856,0.04310090094804764,0.047288161057692304,2132.7039583337723,1141.5783373983097,4153.695913461538,2579.9499208689886,18.258339445665563,-324.8405456542969,90.08494567871094,183.37586975097656,36.77589797973633,-33.83694076538086,34.03234100341797,43.53936767578125,20.93645668029785,-5.572097301483154,22.716562271118164,17.94534683227539,16.10655975341797,2.566342830657959,11.500920295715332,4.113028526306152,13.310383796691895,0.4145658314228058,9.59515380859375,-22.88340187072754,12.538651466369629,4.1115241050720215,11.844279289245605,-1.0241347551345825,9.610474586486816,-3.410423517227173,9.527819633483887,0.5239742994308472,0.2809199094772339,104.16666666666667,75.55504835708179,5.514430046952172,21.397814882100917,0.16666666666666666,holdout_test
EMOVO\neu-m1-n2.wav,m1,n2,neutral,neu,,EMOVO,it,2.1546666666666665,0.04623083025217056,0.07010504371761658,2585.398009628081,1618.85010966353,4882.043393782384,2543.2910526573346,18.489140252857798,-302.1359558105469,69.92372131347656,174.96327209472656,53.46090316772461,-49.86151123046875,27.1600399017334,61.243656158447266,27.40909767150879,-11.307957649230957,26.709455490112305,16.814512252807617,13.36941909790039,-0.5811882615089417,14.381939888000488,7.435349464416504,10.853155136108398,0.35269972681999207,8.938980102539062,-26.19959831237793,12.216938018798828,1.378744125366211,9.885738372802734,-3.911797523498535,9.27858829498291,-1.1016137599945068,8.997897148132324,0.4919288158416748,0.28061050176620483,175.78125,71.34013905524517,5.538647450103854,15.58479687037925,0.12953367875647667,holdout_test
EMOVO\neu-m1-n3.wav,m1,n3,neutral,neu,,EMOVO,it,1.8346666666666667,0.04573449119925499,0.062175471608231704,2488.146782556925,1333.1044438584943,4571.741615853659,2560.479458768877,18.7305022684141,-302.51300048828125,72.90477752685547,169.4901580810547,43.687808990478516,-47.182132720947266,28.361305236816406,50.79386901855469,29.49053955078125,-0.8048054575920105,29.388700485229492,20.508176803588867,19.49441146850586,-0.13360558450222015,14.057058334350586,4.965709209442139,12.015702247619629,-0.2591860592365265,10.229522705078125,-26.165224075317383,13.689868927001953,5.8592448234558105,9.638849258422852,-3.8070013523101807,8.862621307373047,-3.989673137664795,9.334927558898926,0.4701843857765198,0.2909590005874634,148.02631578947367,92.96707262350051,5.1917064039424545,21.543365823455446,0.23170731707317074,holdout_test
EMOVO\neu-m1-n4.wav,m1,n4,neutral,neu,,EMOVO,it,4.1386666666666665,0.03967651352286339,0.0690143544186828,2798.5801473560286,1470.3538002312575,5428.3644153225805,2960.647422514508,17.512432579680425,-348.38720703125,123.07511138916016,154.1041259765625,49.024314880371094,-38.28322982788086,38.56546401977539,47.57598876953125,27.95783233642578,3.569607734680176,27.52363395690918,14.191965103149414,16.838958740234375,-0.6803354024887085,14.575912475585938,6.215949058532715,10.72643756866455,4.1108269691467285,11.087554931640625,-18.508501052856445,12.543782234191895,2.4205682277679443,9.742876052856445,-2.0468790531158447,8.755873680114746,3.092362642288208,9.953804016113281,0.5191116333007812,0.2785431742668152,130.8139534883721,78.35270678517824,8.968644710303838,27.092214352758944,0.2661290322580645,holdout_test
EMOVO\neu-m1-n5.wav,m1,n5,neutral,neu,,EMOVO,it,4.48,0.035748157650232315,0.05704793498743719,2733.745384483931,1418.0175365465584,5478.015075376885,3104.924098292626,17.57884598995164,-376.426025390625,120.5094985961914,146.35638427734375,48.02725601196289,-26.338342666625977,34.27870559692383,54.290557861328125,27.50994110107422,12.636241912841797,27.936843872070312,18.61441993713379,16.38785171508789,-2.3725903034210205,13.89378833770752,-0.8545818328857422,11.070003509521484,5.378167629241943,12.690736770629883,-17.229469299316406,15.152070045471191,5.8747968673706055,9.098917961120605,-1.3763118982315063,8.548532485961914,-4.449246883392334,9.639055252075195,0.5519617795944214,0.2781207263469696,144.23076923076923,77.09362834249455,8.947941873637577,34.30545755194248,0.228643216080402,holdout_test
EMOVO\neu-m2-b1.wav,m2,b1,neutral,neu,,EMOVO,it,3.2426666666666666,0.008942360058426857,0.0995801366017964,4693.323233966232,2413.9122988728814,8661.349176646707,5184.3939638418515,15.8391022775192,-445.7608642578125,70.04710388183594,103.8439712524414,60.45795822143555,3.50486159324646,36.785465240478516,25.22512435913086,26.514535903930664,22.462745666503906,29.067020416259766,10.690828323364258,16.6699161529541,-9.84447193145752,14.52369499206543,-11.361860275268555,14.820040702819824,13.42115306854248,9.263422966003418,0.6242713928222656,8.556546211242676,-5.075430870056152,9.752113342285156,0.04807194694876671,10.04379940032959,5.008521556854248,8.340303421020508,0.4941983222961426,0.2861343324184418,165.44117647058823,67.77562729732765,4.004331169642171,15.58479687037925,0.3473053892215569,holdout_test
EMOVO\neu-m2-b2.wav,m2,b2,neutral,neu,,EMOVO,it,3.2426666666666666,0.005661941599100828,0.13644507623487903,6771.069568280867,3860.8259106413143,12456.180695564517,6074.04618522003,15.043799713960865,-530.2913208007812,90.82075500488281,57.617958068847656,60.57544708251953,23.624340057373047,37.173702239990234,39.47123336791992,21.972434997558594,34.8067741394043,34.47406005859375,12.90834903717041,17.610769271850586,-5.3008904457092285,16.734209060668945,2.1750638484954834,9.881645202636719,22.307483673095703,10.314125061035156,6.844410419464111,8.834015846252441,-0.9664062857627869,10.113093376159668,0.005618310533463955,8.85830307006836,-0.1044536679983139,7.412679672241211,0.5658726692199707,0.283017098903656,144.23076923076923,100.63920690896775,10.89035458950478,35.04541966936954,0.0967741935483871,holdout_test
EMOVO\neu-m2-b3.wav,m2,b3,neutral,neu,,EMOVO,it,2.816,0.005874987691640854,0.09418285472972973,5703.022317814033,3171.2579350794786,12572.635135135135,6301.350718703894,14.980371357195294,-506.8629150390625,86.72298431396484,94.14705657958984,55.43690872192383,38.827552795410156,42.56341552734375,22.83677101135254,22.9144287109375,16.5927791595459,17.980018615722656,1.9195256233215332,15.080172538757324,-9.569096565246582,16.353479385375977,-4.0799102783203125,12.72996711730957,12.689252853393555,9.05372428894043,6.58693265914917,9.234461784362793,1.8022042512893677,8.390863418579102,0.9650647044181824,8.770885467529297,3.9602558612823486,9.243160247802734,0.5585084557533264,0.2788584530353546,160.71428571428572,77.53700519799439,10.563692038372592,32.02803577611,0.22702702702702704,holdout_test
EMOVO\neu-m2-d1.wav,m2,d1,neutral,neu,,EMOVO,it,2.7306666666666666,0.00739952502772212,0.11350886983082707,5459.183069991985,3153.8892154546156,10365.01409774436,5663.112884842253,14.518807950011967,-468.2319641113281,82.48872375488281,97.10484313964844,61.570308685302734,19.795352935791016,33.61394500732422,24.937877655029297,27.724546432495117,2.089876890182495,14.499942779541016,-4.028626918792725,11.536710739135742,-0.8915591239929199,11.800539016723633,2.4730682373046875,12.788610458374023,13.442919731140137,6.86081600189209,-1.1958262920379639,8.142199516296387,-1.4543746709823608,10.62999439239502,0.6492313146591187,9.220686912536621,2.3298394680023193,8.299965858459473,0.5355501770973206,0.28399351239204407,208.33333333333334,72.32404520054757,10.594436140524616,33.16016928516511,0.42857142857142855,holdout_test
EMOVO\neu-m2-d2.wav,m2,d2,neutral,neu,,EMOVO,it,2.7306666666666666,0.008255859836935997,0.07033839370265152,4756.419430943732,2603.7493661245876,10063.210227272728,5932.144582348162,15.112399676104129,-474.6929626464844,67.82196044921875,112.77362823486328,44.9802131652832,31.698442459106445,27.44358253479004,22.504974365234375,21.984155654907227,13.740153312683105,19.78460121154785,-4.212191581726074,20.78001594543457,-7.0793938636779785,14.365382194519043,-2.7620158195495605,15.134628295898438,11.464871406555176,9.015223503112793,2.4842846393585205,9.098249435424805,-3.6303443908691406,10.55100154876709,-4.155342102050781,9.518345832824707,-2.429269313812256,9.862210273742676,0.5060465335845947,0.28771233558654785,127.8409090909091,73.37917742568044,10.198565177365685,32.59246767028766,0.4772727272727273,holdout_test
EMOVO\neu-m2-l1.wav,m2,l1,neutral,neu,,EMOVO,it,5.376,0.004951588809490204,0.12420030381944444,6513.444255617351,3831.8401571467202,13069.6875,6453.509647787796,14.565959524100505,-526.5928955078125,91.54937744140625,82.65796661376953,63.04018020629883,34.9490852355957,27.36918830871582,19.337871551513672,19.318479537963867,23.074596405029297,18.50136947631836,6.561576843261719,17.97661590576172,-5.8267035484313965,16.83711051940918,2.2289657592773438,11.181662559509277,14.503247261047363,9.661630630493164,3.333958864212036,8.49254322052002,-0.21934081614017487,10.258042335510254,1.1674034595489502,9.285611152648926,3.6584064960479736,8.931347846984863,0.5668582916259766,0.27500662207603455,160.71428571428572,68.65695272349302,4.127327948998191,11.481955054696414,0.1688888888888889,holdout_test
EMOVO\neu-m2-l2.wav,m2,l2,neutral,neu,,EMOVO,it,4.608,0.004858100786805153,0.14090775804289543,6555.48932466246,3796.583682000052,12826.407506702413,6313.277717935301,14.266523370929507,-517.8499755859375,91.62891387939453,82.20830535888672,63.99589538574219,28.491668701171875,30.23731803894043,17.005064010620117,20.81402587890625,18.904678344726562,22.452465057373047,8.544330596923828,17.176294326782227,-3.682164192199707,14.828157424926758,-2.356342077255249,12.662548065185547,12.070491790771484,7.929704666137695,4.283087253570557,7.735616207122803,-1.1678264141082764,9.271770477294922,1.4093334674835205,8.535089492797852,6.243699550628662,8.309101104736328,0.5701488852500916,0.2812904715538025,133.92857142857142,72.35652575586258,12.167235225994869,39.62618510499615,0.24128686327077747,holdout_test
EMOVO\neu-m2-l3.wav,m2,l3,neutral,neu,,EMOVO,it,4.181333333333333,0.0065490445122122765,0.08946542521469465,5358.184346809987,2834.4673575009533,12114.056536259543,6424.7090381262315,15.409686201572507,-506.8116149902344,69.7857666015625,97.74459075927734,43.23405456542969,39.36728286743164,34.242740631103516,23.243976593017578,18.943572998046875,21.598360061645508,21.96953773498535,3.8327646255493164,19.50827407836914,-8.025044441223145,14.935324668884277,-1.9625663757324219,11.729601860046387,15.212671279907227,9.416267395019531,6.3002519607543945,9.224167823791504,-2.872767686843872,10.754705429077148,-2.9097752571105957,10.141648292541504,3.3824374675750732,9.15196418762207,0.5070925951004028,0.29723554849624634,127.8409090909091,73.3573375080132,9.91747114386615,37.82178830867609,0.5458015267175572,holdout_test
EMOVO\neu-m2-l4.wav,m2,l4,neutral,neu,,EMOVO,it,3.328,0.007014741189777851,0.0879837294756356,5404.913045776425,3023.388286094138,11273.338188559323,6140.4709577576405,15.335529995738828,-494.6604309082031,79.2629165649414,93.03221130371094,51.29563903808594,22.49545669555664,31.526277542114258,20.681673049926758,20.9792537689209,27.478946685791016,24.441036224365234,12.964618682861328,16.594520568847656,-4.952098846435547,15.032901763916016,-4.323105335235596,12.707847595214844,12.039196014404297,8.426523208618164,2.4369451999664307,7.110000133514404,-4.8593316078186035,10.549487113952637,-2.8334686756134033,11.024471282958984,1.7306321859359741,8.334835052490234,0.5269392132759094,0.29702726006507874,160.71428571428572,75.48392954773894,12.483714327130617,63.159106016587344,0.461864406779661,holdout_test
EMOVO\neu-m2-n1.wav,m2,n1,neutral,neu,,EMOVO,it,3.84,0.004391175229102373,0.14664414349724264,7342.097987366071,3950.388470201461,14250.775505514706,6640.2565965888925,14.281165862863931,-537.3048706054688,97.3372802734375,77.73798370361328,61.757320404052734,41.30943298339844,27.041423797607422,18.884334564208984,16.151927947998047,14.29820728302002,14.956945419311523,3.7460927963256836,18.693981170654297,-4.728237152099609,17.458303451538086,-0.6177287101745605,12.761343955993652,13.215564727783203,9.808477401733398,6.906610012054443,6.860189914703369,2.1332616806030273,9.832405090332031,2.9504237174987793,7.846495628356934,3.169142246246338,7.712280750274658,0.615193247795105,0.2517613172531128,68.59756097560975,66.66645603920323,3.7808654333454186,12.825939675700823,0.14705882352941177,holdout_test
EMOVO\neu-m2-n2.wav,m2,n2,neutral,neu,,EMOVO,it,3.7546666666666666,0.00607537105679512,0.11456062257751938,5710.129406254461,2868.855480186335,11447.220203488372,5878.843807688891,15.434383767756641,-488.4777526855469,75.24089813232422,83.59358215332031,63.328861236572266,19.50270652770996,40.11061096191406,29.829513549804688,24.940710067749023,13.916304588317871,23.858877182006836,-1.7888965606689453,18.70592498779297,-7.111242771148682,13.718507766723633,2.394852876663208,11.777892112731934,18.23723602294922,9.076508522033691,-0.9442148208618164,11.712667465209961,-3.8760745525360107,10.772777557373047,2.669792413711548,11.291410446166992,0.6406265497207642,8.845953941345215,0.5210161805152893,0.2969701886177063,114.79591836734694,575.7213352262224,755.6360271227616,1767.2149971361098,0.29844961240310075,holdout_test
EMOVO\neu-m2-n3.wav,m2,n3,neutral,neu,,EMOVO,it,3.2426666666666666,0.004785964265465736,0.14260087645609318,6947.664584159942,3960.0298218253806,13220.17809139785,6364.224896175711,14.446951513501052,-527.7640991210938,96.6910400390625,73.07111358642578,62.77967071533203,27.87987518310547,26.43166160583496,23.196134567260742,21.664348602294922,23.58849334716797,24.385257720947266,8.03013801574707,17.21381950378418,-1.9823628664016724,14.298834800720215,-0.11541266739368439,13.27550220489502,12.093470573425293,8.0068998336792,4.198268413543701,8.063010215759277,-0.3933231234550476,11.614319801330566,0.7980083227157593,10.434733390808105,4.116016387939453,10.143084526062012,0.5685161352157593,0.2833445966243744,112.5,70.6766532348254,7.746841141900233,27.092214352758944,0.16129032258064516,holdout_test
EMOVO\neu-m2-n4.wav,m2,n4,neutral,neu,,EMOVO,it,4.437333333333333,0.006149528082460165,0.11403178319732937,5813.6338686591625,3230.4605737170755,11890.740912462908,6063.968772095338,14.849639441719592,-495.9823913574219,84.54122924804688,85.73596954345703,56.741127014160156,21.686288833618164,44.062049865722656,24.992046356201172,20.927154541015625,21.83055877685547,23.42213249206543,8.109830856323242,18.74609375,-2.7549450397491455,13.845349311828613,0.5263071656227112,12.107827186584473,15.38561725616455,8.923089027404785,3.5064475536346436,8.768832206726074,-4.345411777496338,10.473020553588867,-1.131154179573059,8.842309951782227,4.212310314178467,7.526655673980713,0.5464214086532593,0.2801356315612793,90.7258064516129,71.13427496163628,10.630847694821108,37.82178830867609,0.2314540059347181,holdout_test
EMOVO\neu-m2-n5.wav,m2,n5,neutral,neu,,EMOVO,it,5.717333333333333,0.004271829500794411,0.14857244692774263,7366.200625404682,3831.192636530569,14580.84454113924,6729.8636582440495,14.345953764631684,-552.1793823242188,87.10418701171875,63.18125915527344,56.16716384887695,37.8341178894043,35.26786422729492,28.936969757080078,18.42287826538086,31.419876098632812,23.382488250732422,12.884265899658203,16.099946975708008,-2.573064088821411,15.327068328857422,-0.7674724459648132,13.431449890136719,12.800917625427246,8.870948791503906,5.639333248138428,7.705478191375732,-0.625676155090332,9.712175369262695,-0.17694300413131714,6.905871868133545,2.573871612548828,6.821578025817871,0.5826897025108337,0.2744104564189911,122.28260869565217,68.63565222055392,6.5637634187970075,27.092214352758944,0.13924050632911392,holdout_test
EMOVO\neu-m3-b1.wav,m3,b1,neutral,neu,,EMOVO,it,1.9626666666666666,0.011369733139872551,0.08912948734504132,3712.7307869058186,2008.9740500867936,6806.559917355372,4070.626440993942,16.431822363367473,-443.2632751464844,67.76943969726562,121.23880004882812,56.67499923706055,-11.173318862915039,27.88674545288086,45.98957443237305,25.01999855041504,15.56460189819336,28.70667839050293,19.525569915771484,11.544971466064453,-8.15625,15.696808815002441,-12.485337257385254,10.625932693481445,8.099953651428223,10.411661148071289,-13.957466125488281,14.046364784240723,-4.59501838684082,8.763945579528809,1.7733855247497559,9.130374908447266,-2.195622205734253,11.516221046447754,0.46238788962364197,0.2943403124809265,92.21311475409836,67.42870304927663,2.473409281574918,7.166543767359528,0.15702479338842976,holdout_test
EMOVO\neu-m3-b2.wav,m3,b2,neutral,neu,,EMOVO,it,2.048,0.010565254837274551,0.06553231986464968,3403.975974108464,1669.511359711998,6543.6902866242035,4232.435030918127,16.74983497640559,-474.9051513671875,64.4742202758789,113.33836364746094,49.15079116821289,-9.665596008300781,33.57667541503906,56.512664794921875,29.090314865112305,41.47996520996094,30.381486892700195,18.051485061645508,16.868906021118164,-8.977069854736328,16.68720054626465,-9.096202850341797,8.85759449005127,18.305400848388672,10.58303165435791,-1.665609359741211,9.549365043640137,-1.0185586214065552,8.153040885925293,1.9282467365264893,8.758451461791992,-9.839399337768555,11.104912757873535,0.44925713539123535,0.31021150946617126,181.4516129032258,82.56452763943537,19.078669856770436,60.2226659990352,0.5159235668789809,holdout_test
EMOVO\neu-m3-b3.wav,m3,b3,neutral,neu,,EMOVO,it,1.8346666666666667,0.008364587090909481,0.058516298491379314,3392.9935121101616,1964.9725870839313,7094.935344827586,4619.843845379963,16.42514610229388,-484.45489501953125,72.77581024169922,132.99703979492188,43.82996368408203,11.00611686706543,32.64365005493164,37.826656341552734,19.762365341186523,24.622087478637695,21.809099197387695,7.528365135192871,19.693279266357422,-12.940650939941406,18.71645164489746,-7.743434906005859,9.801247596740723,13.020317077636719,15.859806060791016,-4.284930229187012,11.047857284545898,0.3020007014274597,10.688600540161133,4.20650053024292,8.11955738067627,-4.619915008544922,11.23848819732666,0.4860120713710785,0.30238649249076843,140.625,84.95188179300855,14.964867162787657,51.13454905437281,0.6275862068965518,holdout_test
EMOVO\neu-m3-d1.wav,m3,d1,neutral,neu,,EMOVO,it,1.7493333333333334,0.007556298281997442,0.08037627903761062,3696.108484819612,1857.1976275874124,6815.334623893806,4302.411855443979,15.821079773158187,-453.50531005859375,64.33624267578125,128.6881103515625,54.80626678466797,-15.968852996826172,29.968814849853516,24.083410263061523,34.117950439453125,4.586167812347412,12.489455223083496,17.605224609375,9.809350967407227,12.756181716918945,12.867466926574707,-6.969377517700195,8.222679138183594,-5.11169958114624,9.301942825317383,-10.499207496643066,9.578340530395508,4.41526985168457,7.28957462310791,-4.988452434539795,10.447776794433594,-7.651985168457031,12.387866020202637,0.49900349974632263,0.2827482521533966,137.1951219512195,69.09228863592489,4.4453967728215975,14.654533731170645,0.4336283185840708,holdout_test
EMOVO\neu-m3-d2.wav,m3,d2,neutral,neu,,EMOVO,it,1.856,0.005241525359451771,0.055141151374113476,4181.91381185455,2142.4782236762717,9458.77659574468,5460.557673489659,15.377042345979353,-517.5032958984375,81.99422454833984,127.29689025878906,42.86301040649414,17.25334358215332,30.781265258789062,19.63481330871582,18.671241760253906,11.654947280883789,16.201967239379883,13.31447982788086,13.512290000915527,13.017924308776855,11.996015548706055,-2.4729480743408203,7.4854302406311035,-2.4089510440826416,8.865059852600098,-7.813868045806885,12.984095573425293,6.085442066192627,7.69410514831543,-5.609361171722412,8.489395141601562,-15.944941520690918,13.538948059082031,0.5396960377693176,0.2744079530239105,148.02631578947367,65.40639132514967,1.4210854715202004e-14,0.0,0.04964539007092199,holdout_test
EMOVO\neu-m3-l1.wav,m3,l1,neutral,neu,,EMOVO,it,4.096,0.00729903532192111,0.06497158093398876,3896.437801070632,2788.105495874729,7932.211200842697,4954.782548683675,15.588438033376427,-506.16265869140625,88.74561309814453,130.78662109375,52.85512924194336,12.978860855102539,29.84143829345703,28.23981285095215,22.39542007446289,26.33403968811035,17.386350631713867,8.95460319519043,14.753595352172852,-7.021639347076416,13.369250297546387,-3.6704046726226807,10.622359275817871,12.102544784545898,11.006150245666504,-7.890719413757324,10.884590148925781,-3.3657233715057373,10.580358505249023,2.7586307525634766,8.796786308288574,-4.182643413543701,10.664092063903809,0.5168862342834473,0.2894081175327301,148.02631578947367,79.27456930548772,11.535490657254453,41.46212220174699,0.28651685393258425,holdout_test
EMOVO\neu-m3-l2.wav,m3,l2,neutral,neu,,EMOVO,it,3.4133333333333336,0.006824546027928591,0.0830507950044014,4168.319275353856,2688.866383564485,8296.297315140846,4933.486642596715,15.185625868098173,-497.6789245605469,84.7560806274414,123.98863983154297,55.383514404296875,2.10412335395813,29.946327209472656,25.023963928222656,27.835205078125,22.386972427368164,21.3093318939209,16.577720642089844,13.661188125610352,-0.35297802090644836,12.635980606079102,-8.32534408569336,9.894279479980469,5.047576427459717,9.343681335449219,-8.80455207824707,10.827913284301758,-2.225693464279175,11.090675354003906,2.3116848468780518,8.902567863464355,0.28941774368286133,10.168990135192871,0.5207142233848572,0.28843826055526733,79.22535211267606,68.79021358528895,6.504293809904172,21.900666533101315,0.09859154929577464,holdout_test
EMOVO\neu-m3-l3.wav,m3,l3,neutral,neu,,EMOVO,it,3.498666666666667,0.0054824212566018105,0.1057682533689591,4979.271106141941,3393.0370558604754,9881.128020446096,5480.538511301579,15.124337314648747,-539.6664428710938,92.30451202392578,107.87394714355469,53.91500473022461,16.223064422607422,32.798683166503906,32.95847702026367,21.408397674560547,28.043148040771484,15.521760940551758,10.086357116699219,13.503677368164062,-3.214553117752075,13.904441833496094,-7.17263650894165,11.75617504119873,9.228815078735352,10.180719375610352,0.10242266207933426,9.881916046142578,3.2407190799713135,8.879040718078613,3.3760805130004883,6.546818256378174,-2.4820468425750732,11.293621063232422,0.5574676394462585,0.28784871101379395,127.8409090909091,79.45322434557693,14.684835463995569,45.87174710806181,0.3940520446096654,holdout_test
EMOVO\neu-m3-l4.wav,m3,l4,neutral,neu,,EMOVO,it,2.112,0.009197534061968327,0.06328396267361111,3457.375497710499,2119.138462560225,7002.34375,4536.3154236820665,16.13238763635155,-481.14337158203125,69.79981231689453,132.49978637695312,48.14670944213867,-0.3622383177280426,26.786842346191406,29.26982879638672,26.792438507080078,26.27662467956543,18.439346313476562,23.0295352935791,13.720979690551758,4.876404762268066,14.081138610839844,-11.72984504699707,8.453847885131836,-0.37840983271598816,12.470528602600098,-7.795933723449707,12.219697952270508,1.8127590417861938,13.12167739868164,-2.9724555015563965,8.637238502502441,-7.347146034240723,10.872206687927246,0.4612983763217926,0.3083977997303009,122.28260869565217,65.80096978715412,1.4826978410988023,7.586954503471588,0.14444444444444443,holdout_test
EMOVO\neu-m3-n1.wav,m3,n1,neutral,neu,,EMOVO,it,2.005333333333333,0.007443560753017664,0.059030292839403975,3380.9872254929737,1820.1491629390293,6573.054635761589,4596.32531531007,15.672463554079714,-469.0005798339844,69.07714080810547,140.77450561523438,43.0098991394043,4.227802753448486,29.831249237060547,22.51048469543457,23.609928131103516,8.416177749633789,18.04791831970215,14.082168579101562,19.699356079101562,5.94591760635376,10.499938011169434,-8.48149299621582,10.087345123291016,1.3587634563446045,10.032286643981934,-4.028764724731445,9.067228317260742,2.705183506011963,10.10676383972168,-3.960350275039673,9.090092658996582,-8.000734329223633,8.848834037780762,0.48486900329589844,0.2886539697647095,102.27272727272727,72.46245453987947,6.539362664001093,18.44094495391724,0.32450331125827814,holdout_test
EMOVO\neu-m3-n2.wav,m3,n2,neutral,neu,,EMOVO,it,2.8373333333333335,0.006464614532887936,0.09004647391183036,3940.200475061093,2101.300349183795,7345.145089285715,4549.606802585088,15.495498498065235,-475.773193359375,66.9833755493164,119.47443389892578,57.4235954284668,-7.4647345542907715,36.39134979248047,30.48212242126465,27.73395538330078,9.181390762329102,24.72991943359375,14.193655967712402,15.349553108215332,6.98732852935791,11.4393949508667,-7.625664234161377,9.713591575622559,3.0960028171539307,11.196976661682129,-4.44446325302124,11.194415092468262,1.6174124479293823,11.098471641540527,-4.947397708892822,9.354387283325195,-4.554832935333252,8.410544395446777,0.4980872869491577,0.28549066185951233,108.17307692307692,79.44545788352872,15.453856236484212,44.59360867485033,0.2544642857142857,holdout_test
EMOVO\neu-m3-n3.wav,m3,n3,neutral,neu,,EMOVO,it,2.474666666666667,0.007773428224027157,0.0548095703125,3169.7567490200245,1550.0575488142852,5993.84765625,4419.072338203437,16.14746966098862,-470.68927001953125,58.35775375366211,137.67819213867188,44.07191467285156,-3.8460693359375,26.1872501373291,24.618825912475586,27.671300888061523,20.480327606201172,23.80779266357422,23.456993103027344,15.147842407226562,9.922353744506836,10.670578002929688,-11.222089767456055,11.77685260772705,-3.651322603225708,8.840897560119629,-8.697563171386719,10.358485221862793,5.582870006561279,9.708083152770996,-3.2202670574188232,9.94627857208252,-8.438992500305176,11.910330772399902,0.4940031170845032,0.2860695421695709,175.78125,89.34464272513604,15.030623261319487,50.46332262988227,0.30625,holdout_test
EMOVO\neu-m3-n4.wav,m3,n4,neutral,neu,,EMOVO,it,3.6053333333333333,0.0076104202307760715,0.06486575704225352,3376.9119127389968,1704.324311964482,6312.114876760564,4412.8006254335105,15.917722694861647,-472.61505126953125,67.58790588378906,127.98360443115234,47.78765106201172,-11.212809562683105,38.89613723754883,31.471479415893555,26.798974990844727,26.039127349853516,22.60806655883789,18.86792755126953,10.75134563446045,7.395598888397217,14.693537712097168,-9.271531105041504,12.152996063232422,2.1784751415252686,11.895306587219238,-4.7419209480285645,13.640000343322754,0.42900681495666504,7.666729927062988,-1.2186698913574219,8.227754592895508,-3.846728801727295,11.052669525146484,0.4707893133163452,0.2920539379119873,106.13207547169812,91.90022875166275,15.135115282730444,56.64625060231329,0.39436619718309857,holdout_test
EMOVO\neu-m3-n5.wav,m3,n5,neutral,neu,,EMOVO,it,3.8613333333333335,0.007104620337486267,0.06845028622372372,3673.0018969461867,2128.98142063942,7440.807995495496,4838.0946311144435,16.2594578288391,-502.9546203613281,75.76524353027344,120.74724578857422,47.45520782470703,4.085535526275635,40.28095245361328,34.53598403930664,28.232505798339844,31.429141998291016,22.80076026916504,20.78462028503418,14.47236442565918,5.621757984161377,13.932583808898926,-12.616287231445312,10.517721176147461,-3.1522345542907715,11.976490020751953,-3.9582531452178955,12.723148345947266,4.441070556640625,9.416746139526367,-4.809330463409424,7.1589484214782715,-10.855178833007812,11.02724838256836,0.4664052128791809,0.29526710510253906,110.29411764705883,81.07950389980113,14.390236735789706,43.330150913668916,0.24024024024024024,holdout_test
EMOVO\pau-f1-b1.wav,f1,b1,fear,pau,,EMOVO,it,1.8773333333333333,0.0122140571475029,0.12716293334960938,4706.289502929701,2776.170178562536,7982.2998046875,4171.516881860194,17.46123029041558,-440.5761413574219,70.6319580078125,93.23934173583984,67.9103012084961,-10.4192476272583,25.00456428527832,35.8482666015625,32.37904739379883,-1.7156436443328857,27.974355697631836,16.36050033569336,15.085010528564453,-30.01604461669922,17.70323371887207,-9.183536529541016,14.388256072998047,4.346439838409424,9.578794479370117,2.8397672176361084,11.980879783630371,3.427746295928955,11.006307601928711,-2.461824655532837,9.938458442687988,-2.623419761657715,10.508190155029297,0.41623249650001526,0.3134613633155823,140.625,97.20797788664768,10.547503181776488,45.62557341534561,0.578125,holdout_test
EMOVO\pau-f1-b2.wav,f1,b2,fear,pau,,EMOVO,it,2.3893333333333335,0.011699110269546509,0.10172827449845678,4611.329807074097,2349.458015582031,8785.87962962963,4521.119588476549,17.45557202068182,-463.963623046875,75.58509063720703,80.36797332763672,58.48435974121094,-8.66396713256836,24.188779830932617,60.61802673339844,36.55158996582031,13.03023910522461,22.20071029663086,5.823266506195068,18.3492488861084,-18.74801254272461,14.428820610046387,-0.8824570178985596,11.685176849365234,8.289308547973633,7.928455829620361,1.7999705076217651,10.225934982299805,-6.434299945831299,9.98813247680664,-11.679328918457031,11.58860969543457,-3.197057008743286,11.477490425109863,0.4171346426010132,0.3263528048992157,187.5,94.83583563591948,12.136804224087774,43.95064219495066,0.6172839506172839,holdout_test
EMOVO\pau-f1-b3.wav,f1,b3,fear,pau,,EMOVO,it,2.56,0.007986102253198624,0.08877489043445122,4279.441611770131,2344.4112681068173,7977.1817835365855,4780.105393372089,16.387546372577912,-492.4960021972656,72.83820343017578,101.02436828613281,51.772560119628906,-2.9470770359039307,31.976831436157227,29.563039779663086,26.786779403686523,14.56257152557373,25.56481170654297,15.450600624084473,19.69327163696289,-6.2194437980651855,14.24999713897705,-2.042985200881958,11.822304725646973,1.1841211318969727,13.566351890563965,3.9445688724517822,9.852243423461914,7.828460693359375,9.508195877075195,-6.779648303985596,10.765971183776855,-7.316242694854736,7.419866561889648,0.3921823501586914,0.31695491075515747,90.7258064516129,87.93679592068213,10.761438284873664,43.56519569924107,0.5487804878048781,holdout_test
EMOVO\pau-f1-d1.wav,f1,d1,fear,pau,,EMOVO,it,1.8346666666666667,0.013052251189947128,0.12284581801470588,4392.978159024712,2618.7088837965794,7213.826155462185,4071.7225271350835,16.666507812467017,-428.72613525390625,59.56534194946289,104.45496368408203,72.2586898803711,-9.64200496673584,22.094072341918945,33.74607467651367,36.42359924316406,-5.6814284324646,24.615015029907227,5.679861545562744,20.28404998779297,-27.07367515563965,17.71021842956543,5.939878463745117,11.860828399658203,13.698724746704102,8.011130332946777,-0.5116210579872131,11.392207145690918,-4.154630184173584,11.34354305267334,-3.0885798931121826,8.322702407836914,-5.616467475891113,10.487373352050781,0.4577752947807312,0.3113234341144562,125.0,96.93859086935426,10.535090693677938,44.904168346683576,0.44537815126050423,holdout_test
EMOVO\pau-f1-d2.wav,f1,d2,fear,pau,,EMOVO,it,2.029333333333333,0.00881538912653923,0.06838526870265152,3850.1745515956527,1974.579937865031,8074.573863636364,4785.971424345939,15.827294598291573,-476.50177001953125,76.24284362792969,122.82979583740234,41.51245880126953,4.7427167892456055,24.35595703125,29.492746353149414,29.09729766845703,7.839640140533447,23.574914932250977,2.8643839359283447,18.54262924194336,-15.354168891906738,14.9951753616333,-2.857635974884033,11.435663223266602,6.886775493621826,8.957603454589844,-1.078012466430664,10.536015510559082,-2.4902806282043457,9.846179962158203,-8.820618629455566,9.570907592773438,-5.419545650482178,9.944154739379883,0.4437970221042633,0.3023560047149658,156.25,94.90208129497736,10.042796995826087,53.06260228353615,0.5833333333333334,holdout_test
EMOVO\pau-f1-l1.wav,f1,l1,fear,pau,,EMOVO,it,4.725333333333333,0.011418089270591736,0.06575520833333333,4401.952414122647,2578.1299953152093,9145.733173076924,4960.503215362715,16.5043821509321,-487.5310974121094,107.71153259277344,105.25382232666016,56.88193893432617,-0.7026863098144531,27.18540382385254,30.049766540527344,27.62852668762207,13.04007625579834,21.810468673706055,5.613415241241455,16.983823776245117,-15.293375968933105,18.637401580810547,1.2705302238464355,10.881879806518555,6.933478355407715,9.73170280456543,2.5831127166748047,12.289403915405273,-0.3463599681854248,11.645679473876953,-7.149251461029053,12.154460906982422,-3.167581796646118,9.127313613891602,0.46805837750434875,0.3344523012638092,193.9655172413793,94.87531931061277,11.93180802103558,52.750541453736844,0.6051282051282051,holdout_test
EMOVO\pau-f1-l2.wav,f1,l2,fear,pau,,EMOVO,it,5.290666666666667,0.008905005641281605,0.10596206507731959,5432.1151132860905,3405.6421809835115,10366.019652061856,5147.572741201605,16.00594410289165,-504.5318908691406,114.12802124023438,87.80120086669922,58.70075607299805,1.1912626028060913,28.0,36.07175827026367,28.076025009155273,13.290409088134766,21.390060424804688,8.276083946228027,17.45492935180664,-11.937081336975098,19.221067428588867,-0.9579002261161804,11.825719833374023,4.855781078338623,12.706656455993652,5.110513210296631,8.441549301147461,2.806363105773926,9.48470687866211,-7.219791889190674,11.054597854614258,-5.239396095275879,10.86011791229248,0.46986982226371765,0.3170696794986725,148.02631578947367,93.13694820267949,11.70747173849227,61.297451411255835,0.49742268041237114,holdout_test
EMOVO\pau-f1-l3.wav,f1,l3,fear,pau,,EMOVO,it,5.290666666666667,0.007422811351716518,0.11639994959677419,6363.800410029396,3830.812931899439,12212.197580645161,5747.043788226737,15.225197974289255,-550.5650024414062,127.70040893554688,78.17532348632812,55.719818115234375,11.547224998474121,29.15070915222168,31.235363006591797,24.89214324951172,12.265987396240234,14.190492630004883,7.507265090942383,13.969115257263184,-4.375344753265381,18.376953125,3.400941848754883,11.174241065979004,8.184176445007324,8.879998207092285,2.723728895187378,8.845416069030762,-0.9193926453590393,8.715310096740723,-5.32260799407959,10.930571556091309,-2.735046863555908,7.832763195037842,0.5292806625366211,0.3183716833591461,130.8139534883721,95.88127278462188,11.603178170550905,59.49909587264686,0.478494623655914,holdout_test
EMOVO\pau-f1-l4.wav,f1,l4,fear,pau,,EMOVO,it,3.541333333333333,0.01304464228451252,0.07585580008370536,3958.688078778538,2208.732634666212,7966.866629464285,4546.035972391143,17.19236549791423,-462.090576171875,74.05342864990234,105.80931091308594,45.999359130859375,-9.147077560424805,24.713653564453125,36.92508316040039,28.245615005493164,14.429590225219727,17.238128662109375,10.875991821289062,16.7075252532959,-21.668397903442383,17.312191009521484,-8.352766036987305,11.637228012084961,1.5194871425628662,10.451151847839355,-2.9419643878936768,11.11497974395752,-0.8974270224571228,10.842903137207031,-10.494088172912598,10.4948091506958,-9.485992431640625,10.318421363830566,0.38050201535224915,0.3286210000514984,200.89285714285714,107.77071751859826,11.540495435525449,57.650130377560146,0.7008928571428571,holdout_test
EMOVO\pau-f1-n1.wav,f1,n1,fear,pau,,EMOVO,it,2.56,0.009999110363423824,0.06442017350460123,4011.4226590457138,2189.8349387519074,8288.53527607362,4939.000677294636,17.108316316944784,-483.3236083984375,85.98253631591797,119.14515686035156,41.734989166259766,3.7469112873077393,25.155202865600586,16.304073333740234,26.76835823059082,8.793187141418457,22.696456909179688,10.238443374633789,19.41839599609375,-16.76597023010254,16.70323371887207,-4.0064616203308105,9.976229667663574,4.50033712387085,11.03089427947998,4.874672889709473,11.378850936889648,2.5194690227508545,9.986189842224121,-7.1204962730407715,8.292516708374023,-8.245734214782715,7.984816551208496,0.41119813919067383,0.3217565417289734,85.22727272727273,95.84520077338686,11.539024803260395,37.873933224323835,0.7852760736196319,holdout_test
EMOVO\pau-f1-n2.wav,f1,n2,fear,pau,,EMOVO,it,3.7546666666666666,0.008623875677585602,0.1256747159090909,5459.454678611215,3206.5464158253485,9930.59659090909,4897.9496330135635,16.62711755935445,-495.4064636230469,101.00929260253906,85.51190185546875,69.45875549316406,-3.0572941303253174,28.448984146118164,31.761573791503906,29.54743194580078,3.8290679454803467,24.44948959350586,1.5067636966705322,18.733226776123047,-18.207740783691406,18.613052368164062,4.833865642547607,12.336884498596191,10.429128646850586,9.891919136047363,2.927135467529297,11.124616622924805,-3.2716898918151855,10.884483337402344,-3.222759246826172,9.797282218933105,-2.018458604812622,8.906797409057617,0.44901540875434875,0.31816065311431885,133.92857142857142,92.13835542604987,6.332474954841795,46.155717041886206,0.48363636363636364,holdout_test
EMOVO\pau-f1-n3.wav,f1,n3,fear,pau,,EMOVO,it,3.029333333333333,0.010236898437142372,0.09081758467178772,4469.353767337171,2413.9515789420097,8534.261522346369,4649.319400691584,17.087304088575987,-467.9516906738281,87.337158203125,93.75157928466797,52.73696517944336,-13.567309379577637,25.525178909301758,38.662479400634766,29.677759170532227,15.428515434265137,25.16069984436035,12.853864669799805,15.630096435546875,-18.192821502685547,18.93875503540039,-3.5154531002044678,12.698894500732422,4.649710655212402,11.488675117492676,5.875805854797363,11.308250427246094,4.721595287322998,11.400460243225098,-7.933438301086426,9.128952980041504,-7.003994941711426,10.448214530944824,0.41848424077033997,0.32167795300483704,100.44642857142857,96.96878808410021,11.386866625948192,64.26195269008505,0.5754189944134078,holdout_test
EMOVO\pau-f1-n4.wav,f1,n4,fear,pau,,EMOVO,it,4.565333333333333,0.009267311543226242,0.09849448919971672,4888.063093183802,2742.545196909264,9403.151558073654,4931.093270530723,16.302271520594537,-493.25482177734375,105.60037994384766,92.26233673095703,63.1659049987793,-6.780945777893066,39.65366744995117,34.38376998901367,37.388885498046875,10.756903648376465,22.72089958190918,5.070001125335693,14.834720611572266,-14.116990089416504,18.096073150634766,2.056734323501587,13.130127906799316,10.287782669067383,9.805045127868652,1.9940996170043945,9.65074348449707,0.855309784412384,9.508889198303223,-4.101387977600098,10.558418273925781,-5.257669448852539,8.84618091583252,0.44931966066360474,0.31612586975097656,81.52173913043478,93.28730916940208,8.254151013807213,37.65351909204506,0.5410764872521246,holdout_test
EMOVO\pau-f1-n5.wav,f1,n5,fear,pau,,EMOVO,it,5.546666666666667,0.00957140326499939,0.08603123256138392,5077.867994915719,3071.1425371242162,10131.9580078125,5260.885158010308,16.999565377876166,-522.2286987304688,112.13166046142578,86.68746185302734,51.999114990234375,9.910578727722168,35.011478424072266,48.242923736572266,32.178810119628906,19.775358200073242,22.132461547851562,1.2367563247680664,14.542885780334473,-19.127317428588867,20.60744857788086,-0.00805827509611845,11.465475082397461,10.487862586975098,9.545087814331055,-2.886594295501709,10.085164070129395,-3.613413095474243,10.520671844482422,-7.010687828063965,11.367631912231445,-7.5633745193481445,9.225142478942871,0.46284717321395874,0.3232141137123108,127.8409090909091,94.19622188398907,7.7903607163695705,49.89769618340327,0.5669642857142857,holdout_test
EMOVO\pau-f2-b1.wav,f2,b1,fear,pau,,EMOVO,it,1.7066666666666668,0.06897704303264618,0.10151089303861789,3303.708397782365,2177.2403265026824,5740.663109756098,2731.4621211666363,19.39992458380788,-286.6263427734375,59.95343017578125,125.01512145996094,46.72829055786133,-49.63251876831055,28.370800018310547,36.03361511230469,19.656126022338867,-8.759072303771973,21.765514373779297,11.044315338134766,15.367698669433594,-10.369096755981445,15.825533866882324,-24.673513412475586,16.157325744628906,1.1065150499343872,8.9187650680542,-8.0991792678833,8.437752723693848,1.2825632095336914,11.967068672180176,-0.9352055191993713,8.162810325622559,-10.944581985473633,9.763501167297363,0.349311888217926,0.32202640175819397,56.25,129.5883434363805,13.435063893853057,54.142872934052676,0.7235772357723578,holdout_test
EMOVO\pau-f2-b2.wav,f2,b2,fear,pau,,EMOVO,it,2.2186666666666666,0.09762544184923172,0.07605622944078948,3173.928624696095,1935.4970987942827,5761.770148026316,2740.507211824873,20.305690830981472,-269.9265441894531,51.376163482666016,105.89735412597656,42.66374969482422,-50.87433624267578,22.04269790649414,43.34345245361328,32.817291259765625,3.620884895324707,19.083093643188477,10.091165542602539,20.93760871887207,-9.971850395202637,13.4811429977417,-21.767745971679688,15.259033203125,1.932006597518921,12.084176063537598,-11.224299430847168,10.538962364196777,-8.144363403320312,15.060954093933105,-10.081936836242676,11.145231246948242,-17.195520401000977,8.957542419433594,0.30372267961502075,0.33169394731521606,86.53846153846153,142.72541348670723,16.06467975713885,78.19121789720332,0.8289473684210527,holdout_test
EMOVO\pau-f2-b3.wav,f2,b3,fear,pau,,EMOVO,it,1.8773333333333333,0.07302988320589066,0.06574519230769231,2591.3557068760956,1507.8424675207032,4794.591346153846,2564.12137190554,19.185283525918067,-293.4953308105469,55.88797378540039,144.3734130859375,35.21831512451172,-51.81950759887695,21.35434341430664,38.822059631347656,18.16841697692871,-3.986359119415283,15.64368724822998,10.411591529846191,19.531383514404297,-7.651695728302002,11.06994342803955,-21.213125228881836,12.334524154663086,7.564587593078613,10.824403762817383,-3.2482824325561523,11.483954429626465,-0.8967185616493225,15.764222145080566,-4.649689674377441,8.207056045532227,-13.851292610168457,8.770363807678223,0.3325994312763214,0.3315981328487396,108.17307692307692,138.19722482989323,9.263485580078282,52.33110259154493,0.7153846153846154,holdout_test
EMOVO\pau-f2-d1.wav,f2,d1,fear,pau,,EMOVO,it,1.536,0.07058542221784592,0.08510843912760417,3038.465047437768,1885.5077675518328,5393.310546875,2678.0877084005883,19.820959840217785,-285.12109375,48.45000457763672,135.2895050048828,45.264373779296875,-53.08803939819336,18.667285919189453,33.19269943237305,28.638782501220703,-18.778657913208008,15.145475387573242,12.465916633605957,17.9650936126709,-2.0839011669158936,11.595041275024414,-20.729476928710938,14.891117095947266,-1.5795059204101562,9.672346115112305,-12.756362915039062,9.5665922164917,4.520843029022217,8.149991989135742,0.30756521224975586,8.406380653381348,-17.192949295043945,7.759018898010254,0.3438016176223755,0.3272894024848938,225.0,152.45598438942739,28.202897305253835,101.9240995099538,0.8854166666666666,holdout_test
EMOVO\pau-f2-d2.wav,f2,d2,fear,pau,,EMOVO,it,1.5786666666666667,0.07305646687746048,0.05440719039351852,2463.3060913671943,1092.8348325953464,4668.185763888889,2511.304361264001,19.47646858221457,-292.5870666503906,48.8602409362793,143.13729858398438,25.29595947265625,-52.68846130371094,20.08659553527832,29.978031158447266,24.334585189819336,-0.47220170497894287,21.40581703186035,6.287054061889648,12.541789054870605,-1.1790627241134644,11.123954772949219,-25.340248107910156,12.278458595275879,-1.749157428741455,10.548722267150879,-9.58590030670166,10.959672927856445,0.324385404586792,10.356541633605957,-1.3719313144683838,9.39589786529541,-17.94599723815918,8.244102478027344,0.3464411497116089,0.33196941018104553,152.02702702702703,144.4550305380836,15.842474700223674,56.094989794010814,0.9074074074074074,holdout_test
EMOVO\pau-f2-l1.wav,f2,l1,fear,pau,,EMOVO,it,4.8213333333333335,0.06193956732749939,0.05136014014175258,2230.6648185902836,1767.386139045384,4135.2690077319585,2198.4041287835535,19.25731312459765,-350.6856384277344,120.71178436279297,112.01795959472656,60.12544250488281,-38.86231231689453,33.1988639831543,22.513906478881836,24.842226028442383,0.6448851823806763,17.22071075439453,6.158989429473877,13.772544860839844,-5.032726287841797,10.804146766662598,-22.159528732299805,16.993778228759766,-3.254711627960205,9.95801830291748,-8.111443519592285,10.599570274353027,-0.9446436166763306,12.729597091674805,-1.1353939771652222,8.544203758239746,-11.98519515991211,10.304847717285156,0.26647549867630005,0.3233150839805603,165.44117647058823,138.07336566482766,15.292087867164126,74.26789389381467,0.7345360824742269,holdout_test
EMOVO\pau-f2-l2.wav,f2,l2,fear,pau,,EMOVO,it,4.224,0.05522743985056877,0.04980306530315615,2184.699245283115,1844.0388749236754,4031.795058139535,2193.381515776447,18.44022797146765,-362.58367919921875,133.85801696777344,119.76940155029297,66.67401123046875,-38.68790817260742,30.776899337768555,22.976221084594727,24.67538833618164,-3.4185824394226074,16.71448516845703,8.708016395568848,14.06177806854248,-2.8574061393737793,13.3316650390625,-21.005626678466797,17.838642120361328,-4.367858409881592,7.843819618225098,-7.470736980438232,8.123579025268555,2.927551746368408,9.695517539978027,1.4416999816894531,8.435348510742188,-11.29867935180664,10.454193115234375,0.29069358110427856,0.32750651240348816,119.68085106382979,129.92553649367358,10.89123085577615,78.39939070382542,0.6910299003322259,holdout_test
EMOVO\pau-f2-l3.wav,f2,l3,fear,pau,,EMOVO,it,4.224,0.05168882757425308,0.03634625280688623,1953.4745543141046,1836.8077917019841,3703.61620508982,2088.288806584406,17.911659045968474,-394.5273132324219,133.87814331054688,95.33541107177734,67.34288787841797,-25.20694923400879,33.46287155151367,18.71883201599121,27.212215423583984,-2.261608839035034,13.808849334716797,2.9405620098114014,12.269729614257812,-1.3351126909255981,9.92005729675293,-15.63194751739502,16.104705810546875,-1.227684736251831,8.257241249084473,-6.928572654724121,8.994522094726562,-4.686307907104492,10.97701358795166,-3.5975568294525146,7.835903644561768,-11.328821182250977,10.926267623901367,0.2450312227010727,0.32214483618736267,130.8139534883721,144.49448036245855,22.635737903927065,89.12920446397798,0.6227544910179641,holdout_test
EMOVO\pau-f2-l4.wav,f2,l4,fear,pau,,EMOVO,it,2.7306666666666666,0.06959465891122818,0.04701103855721393,2335.158896006638,1401.460142269049,4371.618470149254,2588.9349775926917,19.85453113253602,-338.70880126953125,78.37176513671875,132.20091247558594,41.67091751098633,-38.59264373779297,24.995595932006836,32.664913177490234,24.286575317382812,2.365947723388672,15.39319896697998,6.586383819580078,11.241019248962402,-5.59614896774292,12.093165397644043,-24.71526336669922,14.607427597045898,-0.16141483187675476,11.135893821716309,-11.513604164123535,10.015905380249023,-4.054527282714844,13.172467231750488,-1.8171114921569824,9.480602264404297,-16.657485961914062,9.71170425415039,0.29509568214416504,0.33376234769821167,181.4516129032258,137.72443649781218,12.631173576119306,62.99407619098342,0.8805970149253731,holdout_test
EMOVO\pau-f2-n1.wav,f2,n1,fear,pau,,EMOVO,it,1.7066666666666668,0.06164959445595741,0.04540228074596774,2361.1557825370214,1004.9108820574282,4549.521169354839,2611.547381061572,19.146789749796795,-307.39349365234375,67.15779876708984,151.0958251953125,28.987903594970703,-51.431644439697266,25.8477725982666,26.434324264526367,22.520185470581055,-8.742281913757324,17.860929489135742,8.945054054260254,13.262182235717773,4.351268768310547,10.84853458404541,-16.86359214782715,10.514631271362305,-2.1124634742736816,10.4296293258667,-13.35427188873291,9.301552772521973,3.6798806190490723,6.949944019317627,3.4878907203674316,7.292593479156494,-17.90045738220215,7.792458534240723,0.350032240152359,0.33051612973213196,125.0,138.5331938655956,14.901358390482875,60.27674417494326,0.9112903225806451,holdout_test
EMOVO\pau-f2-n2.wav,f2,n2,fear,pau,,EMOVO,it,2.56,0.05856561288237572,0.08975990372474747,3258.8627208772177,2323.254415518458,5787.523674242424,2846.174316346431,19.590201802687794,-338.00634765625,94.58885955810547,120.71356201171875,57.656375885009766,-41.54365539550781,26.744108200073242,40.96762466430664,23.340423583984375,-14.726608276367188,25.777515411376953,17.698394775390625,18.811687469482422,-1.9505457878112793,11.864542007446289,-16.754520416259766,14.484874725341797,-3.4422268867492676,8.994933128356934,-14.110309600830078,11.030060768127441,4.443491458892822,9.474081993103027,2.6578474044799805,8.853996276855469,-14.74758243560791,9.914131164550781,0.32802897691726685,0.33059126138687134,106.13207547169812,132.14147880289556,13.6967595225463,61.911875666827484,0.7727272727272727,holdout_test
EMOVO\pau-f2-n3.wav,f2,n3,fear,pau,,EMOVO,it,2.7306666666666666,0.05787302181124687,0.054707129396984924,2523.395996518444,1759.641885628707,4736.730527638191,2564.847075360893,18.481889153369053,-359.5283203125,128.60391235351562,119.90758514404297,59.750186920166016,-42.622703552246094,31.312114715576172,27.76768684387207,25.559507369995117,-5.1174116134643555,19.635080337524414,9.467700958251953,15.754602432250977,-1.7591482400894165,13.021527290344238,-17.790136337280273,16.411596298217773,-2.2259178161621094,10.709012985229492,-11.374837875366211,12.360377311706543,1.5112727880477905,8.41994857788086,1.1279345750808716,7.271244049072266,-13.068302154541016,10.13454818725586,0.30501073598861694,0.3300677537918091,119.68085106382979,137.53821270897296,17.249810616940735,78.57990507348283,0.7286432160804021,holdout_test
EMOVO\pau-f2-n4.wav,f2,n4,fear,pau,,EMOVO,it,4.1386666666666665,0.05932072922587395,0.07640004380841121,2925.544500055435,2174.7731364088468,5245.4001168224295,2548.975822709702,18.91554123676849,-362.5839538574219,124.0002212524414,105.17019653320312,61.86275863647461,-42.69187545776367,33.9094352722168,35.957820892333984,34.34953689575195,-7.602941513061523,20.418180465698242,7.084676265716553,14.732069969177246,-0.5265181660652161,13.945332527160645,-17.754545211791992,17.038633346557617,-0.5349072813987732,9.36445426940918,-8.78148078918457,9.758049011230469,3.1534698009490967,11.591994285583496,-1.5412064790725708,8.155524253845215,-16.76494598388672,11.443275451660156,0.30651986598968506,0.3360966444015503,90.7258064516129,137.45818827242707,12.67680623351686,60.82615903123717,0.6137071651090342,holdout_test
EMOVO\pau-f2-n5.wav,f2,n5,fear,pau,,EMOVO,it,4.010666666666666,0.05886880308389664,0.048765367848746084,2268.4294084052,1717.4812650934296,4229.03605015674,2285.9027374687257,19.015428853931304,-375.78863525390625,120.48577117919922,99.69855499267578,57.79435348510742,-31.1660213470459,32.58544921875,39.16062927246094,30.87735366821289,2.6692874431610107,18.989402770996094,3.785515546798706,13.2222900390625,-3.850919723510742,11.508390426635742,-21.37759780883789,15.900094985961914,0.04484716057777405,10.328022003173828,-8.551162719726562,10.223276138305664,-4.25260591506958,11.782102584838867,-4.097347736358643,7.84787130355835,-13.84145736694336,11.508511543273926,0.26255637407302856,0.32290324568748474,170.45454545454547,141.80413653867458,14.736503923594466,75.41690209103507,0.6865203761755486,holdout_test
EMOVO\pau-f3-b1.wav,f3,b1,fear,pau,,EMOVO,it,1.7706666666666666,0.006824166048318148,0.10494679418103449,4580.759701712354,2283.537716257283,8519.935344827587,4673.09580526717,16.25934163965968,-487.58953857421875,60.16934585571289,89.45175170898438,55.5859260559082,-8.560277938842773,25.237876892089844,45.36566162109375,24.818042755126953,16.477500915527344,30.92835807800293,16.652637481689453,12.014779090881348,-9.156694412231445,15.600112915039062,-13.449872016906738,13.083866119384766,3.0657365322113037,9.659608840942383,-5.251771926879883,10.336621284484863,4.348875999450684,9.463729858398438,-2.5858237743377686,8.847126960754395,-9.607406616210938,9.440705299377441,0.408407598733902,0.32260939478874207,71.20253164556962,89.93586828312391,8.621097108133728,48.75355008327149,0.6344827586206897,holdout_test
EMOVO\pau-f3-b2.wav,f3,b2,fear,pau,,EMOVO,it,3.072,0.006769619882106781,0.10148043592436974,5228.912500793204,2869.44949910189,10545.397846638656,5457.607067851761,16.14755683592155,-536.962646484375,80.84964752197266,86.79715728759766,47.980079650878906,2.0457489490509033,29.501020431518555,37.28776550292969,30.23452377319336,26.232019424438477,22.1870174407959,7.516953468322754,12.471893310546875,-10.15927791595459,15.621803283691406,-4.806547164916992,11.205479621887207,9.629903793334961,10.135167121887207,-6.871058940887451,13.01078987121582,-0.19732743501663208,13.504121780395508,-3.6807174682617188,9.288225173950195,-11.033953666687012,8.937600135803223,0.44906264543533325,0.3334130048751831,137.1951219512195,100.48035132252159,18.320623364898605,95.11669505064656,0.5756302521008403,holdout_test
EMOVO\pau-f3-b3.wav,f3,b3,fear,pau,,EMOVO,it,2.816,0.006591747049242258,0.07984547334558824,4091.3070953789206,2208.606295918502,7571.41544117647,4961.764074492353,16.66183781592967,-515.8558959960938,53.34004592895508,103.72084045410156,52.19239807128906,7.547677040100098,32.28841781616211,28.8046932220459,21.77704620361328,14.946264266967773,23.319351196289062,12.028738021850586,15.187357902526855,-7.274161338806152,17.44410514831543,-8.530268669128418,11.327056884765625,10.674055099487305,11.406292915344238,-2.833425998687744,9.768641471862793,0.6793906092643738,14.499785423278809,-1.0622727870941162,10.323653221130371,-11.443647384643555,7.359914779663086,0.4035690128803253,0.32340770959854126,100.44642857142857,92.64698447352048,8.713154418909667,35.9377391069612,0.7294117647058823,holdout_test
EMOVO\pau-f3-d1.wav,f3,d1,fear,pau,,EMOVO,it,1.8133333333333332,0.0023582768626511097,0.1387860928362573,7076.127451344489,2370.289799307099,13736.293859649122,6094.899008572133,14.037690379875356,-560.9962768554688,95.34378814697266,57.905757904052734,37.45977020263672,-9.339151382446289,41.19975662231445,23.7281436920166,28.488616943359375,6.948272228240967,19.028520584106445,12.698939323425293,9.729068756103516,10.306609153747559,8.490436553955078,2.403937816619873,11.509176254272461,5.448852062225342,7.9734697341918945,1.9803879261016846,8.850460052490234,14.252633094787598,6.845391750335693,2.158798933029175,8.044347763061523,-7.837784767150879,7.923081874847412,0.5510611534118652,0.30998674035072327,165.44117647058823,120.93258813725599,3.4864216896818503,9.92993368637012,0.03508771929824561,holdout_test
EMOVO\pau-f3-d2.wav,f3,d2,fear,pau,,EMOVO,it,1.8986666666666667,0.003069348866119981,0.10597118432971014,5809.576384493653,2328.839074604167,12732.846467391304,6135.569458808904,14.482637260145355,-553.1644897460938,74.55577850341797,82.52641296386719,38.311485290527344,6.82815408706665,28.06559181213379,30.109487533569336,22.265186309814453,15.791412353515625,22.222444534301758,11.787186622619629,10.869392395019531,8.215309143066406,13.788554191589355,-0.006486422847956419,9.272843360900879,6.286831378936768,5.9297332763671875,-1.0909022092819214,8.998583793640137,7.61218786239624,10.036059379577637,-0.8897824287414551,10.227367401123047,-9.290072441101074,6.761251449584961,0.5231171250343323,0.30658242106437683,125.0,89.07852397566363,9.730507659827555,37.171430121108244,0.4057971014492754,holdout_test
EMOVO\pau-f3-l1.wav,f3,l1,fear,pau,,EMOVO,it,4.650666666666667,0.007485677488148212,0.07265448816043814,4375.155217342281,2421.7756264783234,9343.407699742267,5305.802696369271,16.170664258600198,-520.630859375,76.64334106445312,104.36250305175781,42.570865631103516,6.855337142944336,30.650367736816406,30.630510330200195,24.292104721069336,19.76589012145996,20.181734085083008,9.502131462097168,12.424827575683594,-7.583226680755615,14.678600311279297,-10.367755889892578,12.542786598205566,4.074874401092529,8.973051071166992,-5.483968734741211,11.036933898925781,3.188271999359131,11.950419425964355,-1.9329097270965576,9.086170196533203,-12.761975288391113,7.453419208526611,0.4090239405632019,0.33084920048713684,160.71428571428572,100.20573209239978,16.27980259633658,76.28960825145408,0.6984536082474226,holdout_test
EMOVO\pau-f3-l2.wav,f3,l2,fear,pau,,EMOVO,it,4.522666666666667,0.00483736814931035,0.10237325576537433,4927.93010025905,2544.1988188919595,9952.540106951872,5447.213007150141,15.62458418990948,-526.3448486328125,71.52079772949219,97.26710510253906,49.49553680419922,7.228763580322266,29.55606460571289,31.292539596557617,27.381975173950195,18.697189331054688,24.38658332824707,9.254956245422363,14.195478439331055,-7.973585605621338,16.618793487548828,-10.094525337219238,13.27488899230957,2.6606311798095703,8.989325523376465,-4.232126235961914,9.467545509338379,5.399545192718506,11.22012710571289,0.08190956711769104,9.90366268157959,-10.569226264953613,8.211934089660645,0.469267874956131,0.31113961338996887,119.68085106382979,83.7934457531317,9.359045165429402,59.49909587264686,0.5775401069518716,holdout_test
EMOVO\pau-f3-l3.wav,f3,l3,fear,pau,,EMOVO,it,4.544,0.004587425850331783,0.09703545584439528,5608.176789613066,2907.9968609366074,11918.41814159292,6060.651785938292,15.237380187681081,-556.2352294921875,84.572021484375,92.96715545654297,41.21321487426758,10.780061721801758,30.56153678894043,22.260475158691406,26.272335052490234,17.943065643310547,16.87982940673828,6.518996238708496,11.313676834106445,0.7948040962219238,13.79594612121582,-4.569103717803955,11.885357856750488,2.8706533908843994,7.748814105987549,-2.2136013507843018,9.368430137634277,5.7316179275512695,10.561543464660645,-0.6204524040222168,10.164794921875,-9.044540405273438,8.330867767333984,0.47157734632492065,0.32705000042915344,133.92857142857142,102.32087187792695,13.987497223074516,93.79322479329193,0.5191740412979351,holdout_test
EMOVO\pau-f3-l4.wav,f3,l4,fear,pau,,EMOVO,it,2.688,0.0035753820557147264,0.11315674800796813,5902.8391375275205,3137.628117051282,11596.52016932271,6009.0623554003305,14.818827215736514,-564.104736328125,78.69512939453125,81.99526977539062,43.620819091796875,16.311378479003906,27.66192054748535,31.636489868164062,23.506671905517578,23.54987907409668,21.66514778137207,14.98706340789795,11.456886291503906,-3.4347317218780518,14.775195121765137,-7.814952850341797,14.348785400390625,5.38320779800415,9.540694236755371,-3.1991217136383057,12.534899711608887,2.355487823486328,10.504446983337402,-1.5323741436004639,9.487261772155762,-6.581360340118408,8.585711479187012,0.5184634923934937,0.31311264634132385,125.0,85.49465565608723,7.776868310873004,47.16473679449558,0.47808764940239046,holdout_test
EMOVO\pau-f3-n1.wav,f3,n1,fear,pau,,EMOVO,it,2.816,0.004761495161801577,0.0861671577065678,5022.933592468205,2544.664311219914,10884.23596398305,5768.618307884538,15.46129063276844,-539.5986938476562,69.37559509277344,100.12419891357422,41.419593811035156,7.1087164878845215,24.268659591674805,22.99047088623047,19.968276977539062,16.99399757385254,17.628219604492188,7.411478042602539,16.348224639892578,-0.22618915140628815,13.545600891113281,-6.613624095916748,13.301379203796387,1.994564414024353,9.669839859008789,-1.9951841831207275,9.207185745239258,7.958091735839844,11.562832832336426,1.2746250629425049,7.668879508972168,-10.897494316101074,8.604137420654297,0.4479748606681824,0.3198733329772949,110.29411764705883,87.88035523786743,12.347642027211897,47.816854705634455,0.597457627118644,holdout_test
EMOVO\pau-f3-n2.wav,f3,n2,fear,pau,,EMOVO,it,1.92,0.009100185707211494,0.10600903753698225,4222.101681009879,2279.532141837258,7681.675295857988,4422.739709421218,17.184563693537367,-471.3914489746094,58.05234909057617,98.88878631591797,55.63640594482422,-7.661098003387451,28.91703987121582,42.65320587158203,26.35041618347168,5.293956756591797,22.479999542236328,13.580302238464355,12.849177360534668,-9.084961891174316,12.704426765441895,-14.043902397155762,13.73511791229248,4.26308012008667,8.328920364379883,-11.868607521057129,10.517678260803223,4.459817886352539,12.37146282196045,0.8475271463394165,8.664348602294922,-13.97572135925293,8.670049667358398,0.35939058661460876,0.32420000433921814,137.1951219512195,100.13192710293369,10.355436021363776,53.86601293123432,0.6863905325443787,holdout_test
EMOVO\pau-f3-n3.wav,f3,n3,fear,pau,,EMOVO,it,3.264,0.0027677116449922323,0.1308051215277778,6760.9262128165,3005.976233348008,13768.458946078432,6504.1232889568455,14.280203239347546,-583.9378051757812,80.56878662109375,76.57247924804688,41.428565979003906,17.150259017944336,27.9724178314209,23.788225173950195,22.84599494934082,20.59126091003418,20.21454429626465,13.120174407958984,10.249612808227539,0.38394245505332947,16.096511840820312,-5.593267440795898,14.617289543151855,6.567821979522705,7.846383094787598,2.522608518600464,10.218133926391602,8.633504867553711,9.703055381774902,1.1623116731643677,8.528948783874512,-6.243483066558838,7.7286152839660645,0.5713344216346741,0.29836389422416687,152.02702702702703,83.8392499487083,8.204380888374073,40.23463263046081,0.33986928104575165,holdout_test
EMOVO\pau-f3-n4.wav,f3,n4,fear,pau,,EMOVO,it,3.392,0.00670224754139781,0.095534169550173,4829.173584937263,2377.877498192254,9581.6392733564,5153.681513814917,16.045030278465397,-511.43048095703125,80.47423553466797,87.14105987548828,44.77164840698242,-11.538324356079102,35.5838508605957,34.982940673828125,29.04814338684082,18.447612762451172,25.202980041503906,13.044512748718262,13.833104133605957,-0.8534219861030579,13.197845458984375,-10.095414161682129,13.939484596252441,0.9680167436599731,10.974483489990234,-3.977278470993042,10.591344833374023,4.993008613586426,11.300421714782715,0.10673971474170685,9.793342590332031,-13.097482681274414,9.285210609436035,0.4258369207382202,0.3276364803314209,108.17307692307692,99.12852675832768,10.148194647207767,44.73655248179956,0.5259515570934256,holdout_test
EMOVO\pau-f3-n5.wav,f3,n5,fear,pau,,EMOVO,it,3.989333333333333,0.008576082065701485,0.07145480934633028,4185.117281723693,2091.83415407256,8674.741972477064,5081.16892189393,16.43611606021909,-503.174072265625,81.44348907470703,104.72982025146484,36.728919982910156,-3.1790480613708496,37.173484802246094,35.7672119140625,23.33642578125,21.032848358154297,22.849363327026367,6.961443901062012,11.608650207519531,-10.263601303100586,14.154993057250977,-12.099468231201172,13.723814010620117,4.790421009063721,8.797247886657715,-6.462991237640381,10.649405479431152,0.9177955389022827,9.603082656860352,-4.389567852020264,8.56528091430664,-14.443934440612793,9.013232231140137,0.3929196298122406,0.3278348743915558,181.4516129032258,105.53925943622858,18.64159691561717,91.96466124272877,0.6636085626911316,holdout_test
EMOVO\pau-m1-b1.wav,m1,b1,fear,pau,,EMOVO,it,1.5786666666666667,0.019514460116624832,0.09029200819672131,3365.4438320308404,1522.4005115363166,6287.205430327869,3110.1891645682877,16.45423731337652,-381.0799865722656,75.86937713623047,133.83692932128906,42.17362594604492,-50.112083435058594,33.79154968261719,71.27735137939453,18.790019989013672,-7.042031764984131,24.070676803588867,27.880287170410156,15.812105178833008,0.1091773584485054,9.311375617980957,-7.385329246520996,10.770417213439941,3.562163829803467,11.265242576599121,4.674952507019043,9.22781753540039,11.242423057556152,9.338994979858398,-7.137081623077393,8.672602653503418,1.375183343887329,6.217371940612793,0.5941945910453796,0.264595627784729,127.8409090909091,70.27262129531908,7.590517808491853,27.092214352758944,0.20491803278688525,holdout_test
EMOVO\pau-m1-b2.wav,m1,b2,fear,pau,,EMOVO,it,1.8773333333333333,0.05808310955762863,0.067626953125,2817.1502194003438,1537.2881000954083,5379.662298387097,2691.9404581154813,18.039791069460513,-300.8250732421875,62.68775939941406,128.45135498046875,44.15553665161133,-42.599395751953125,36.1607551574707,77.90718841552734,21.888904571533203,18.34836769104004,28.141056060791016,21.77841567993164,18.112443923950195,1.5172810554504395,12.521828651428223,-12.609869956970215,10.95943546295166,12.974394798278809,11.583337783813477,5.5322418212890625,8.782217979431152,8.01046371459961,8.995100975036621,-11.11410140991211,9.4771089553833,-10.519126892089844,12.676826477050781,0.5022841691970825,0.2868204712867737,83.95522388059702,68.48174798303071,9.12735212666491,49.79596218511928,0.3709677419354839,holdout_test
EMOVO\pau-m1-b3.wav,m1,b3,fear,pau,,EMOVO,it,1.8773333333333333,0.09185439348220825,0.05109425080128205,2354.1767996310973,1364.7027043149176,4658.253205128205,2638.2648836481653,18.63574004967747,-261.04266357421875,83.709716796875,160.0018310546875,40.46912384033203,-28.158966064453125,34.22110366821289,56.30070114135742,17.664037704467773,0.14238561689853668,22.998252868652344,12.193266868591309,18.683013916015625,-4.1312360763549805,16.3488712310791,-11.745359420776367,11.640947341918945,2.55692720413208,15.590806007385254,-5.334161758422852,8.737281799316406,5.411084175109863,10.384532928466797,-8.673489570617676,8.247881889343262,-8.503199577331543,8.883569717407227,0.5104250311851501,0.2916880249977112,225.0,70.49510427485755,6.1901917728602305,27.092214352758944,0.6581196581196581,holdout_test
EMOVO\pau-m1-d1.wav,m1,d1,fear,pau,,EMOVO,it,1.664,0.055714983493089676,0.0751812274639423,2924.2863883725377,1440.6746733269547,5617.563100961538,2717.418417985534,18.162620301658812,-275.46258544921875,68.38431549072266,157.93113708496094,42.532867431640625,-53.758140563964844,23.386247634887695,54.97517395019531,26.32317352294922,-22.682870864868164,14.162022590637207,8.55720329284668,17.12693214416504,10.72625732421875,13.563549995422363,-1.297253131866455,10.152673721313477,0.6154506206512451,11.864555358886719,-17.718168258666992,10.713342666625977,4.600579261779785,8.986671447753906,-10.428985595703125,8.606781005859375,-14.39923095703125,9.38467025756836,0.46033087372779846,0.2999035120010376,119.68085106382979,88.34120628889916,15.718189417264576,53.47966903759881,0.7692307692307693,holdout_test
EMOVO\pau-m1-d2.wav,m1,d2,fear,pau,,EMOVO,it,1.92,0.06964512914419174,0.05101971293604651,2724.7173124998017,1045.7184488438952,5616.824127906977,2852.6129533158664,18.40816671607094,-266.38836669921875,62.855743408203125,150.36756896972656,30.119949340820312,-47.45905685424805,24.66326141357422,62.872676849365234,20.713058471679688,-8.2573823928833,18.35133934020996,18.704853057861328,15.814815521240234,11.497496604919434,11.041348457336426,-3.661407470703125,11.505578994750977,3.5138463973999023,9.285443305969238,-10.679489135742188,7.932829856872559,8.398282051086426,9.727276802062988,-16.988101959228516,9.344770431518555,-16.76356315612793,11.357500076293945,0.4841426610946655,0.3037562370300293,175.78125,73.950462933573,8.577140510523362,47.816854705634455,0.7674418604651163,holdout_test
EMOVO\pau-m1-l1.wav,m1,l1,fear,pau,,EMOVO,it,4.650666666666667,0.04845006763935089,0.06416399531633907,3037.528194087268,1383.5057940428933,6110.392352579853,3230.6964849100677,17.16762710314834,-351.4356689453125,128.5773468017578,124.79170989990234,47.99269485473633,-27.356178283691406,34.79547882080078,40.765567779541016,25.38334083557129,6.914393424987793,20.157926559448242,13.608945846557617,12.982653617858887,3.5143868923187256,11.866697311401367,-6.815661907196045,13.937542915344238,-0.8491345643997192,12.254446029663086,-5.540652275085449,10.715726852416992,6.7317094802856445,8.621641159057617,-4.708123207092285,11.095148086547852,-6.975020408630371,8.682829856872559,0.5214569568634033,0.29542240500450134,133.92857142857142,78.214239007864,10.950631448119598,47.816854705634455,0.49385749385749383,holdout_test
EMOVO\pau-m1-l2.wav,m1,l2,fear,pau,,EMOVO,it,4.256,0.02525404468178749,0.07185167910447761,3318.2759587188502,1617.2982670597494,6703.264925373134,3522.585729242229,15.830706703988934,-412.2163391113281,116.86769104003906,127.18822479248047,53.82176208496094,-23.186382293701172,30.93845558166504,49.91107177734375,22.57038116455078,7.12308406829834,19.87868309020996,21.32186508178711,15.303655624389648,7.443897247314453,12.060065269470215,-4.800588130950928,11.968791961669922,5.002898216247559,11.0565767288208,-4.474658012390137,9.935690879821777,10.05646800994873,7.951560974121094,-4.1127753257751465,9.050105094909668,-5.938221454620361,8.257233619689941,0.613131046295166,0.25574833154678345,104.16666666666667,66.79490396282914,3.3142025864110143,17.477876155952018,0.25671641791044775,holdout_test
EMOVO\pau-m1-l3.wav,m1,l3,fear,pau,,EMOVO,it,3.4526666666666666,0.03192766755819321,0.06890044341216216,3433.0540191146724,1805.4666798721964,6874.0762246621625,3631.550974526339,15.766004097513138,-415.51678466796875,127.64898681640625,108.70329284667969,54.44089889526367,-10.319880485534668,35.2542724609375,44.31499481201172,24.25267219543457,15.157330513000488,15.553832054138184,15.077336311340332,16.120264053344727,8.137520790100098,10.424970626831055,-2.439054012298584,14.765503883361816,8.961495399475098,11.421148300170898,3.755007743835449,9.398571014404297,9.43918228149414,8.704645156860352,-3.074195146560669,9.312108039855957,-5.887038707733154,10.182266235351562,0.5974758863449097,0.27945536375045776,144.23076923076923,67.95012593780653,4.556144254228947,20.400783536321427,0.3547297297297297,holdout_test
EMOVO\pau-m1-l4.wav,m1,l4,fear,pau,,EMOVO,it,2.3893333333333335,0.09105085581541061,0.0625438575973054,2582.5415747039738,1435.479783559052,5009.309505988024,2680.9921113805276,18.261849138340658,-255.01219177246094,78.18799591064453,144.8153533935547,41.5045051574707,-39.50954818725586,27.272762298583984,51.69199752807617,24.01951789855957,5.250321865081787,23.188579559326172,21.0418701171875,13.53294849395752,2.8585681915283203,10.258243560791016,-15.131046295166016,10.895798683166504,0.8747896552085876,10.68580150604248,-7.665981769561768,8.330719947814941,1.766485571861267,8.907544136047363,-15.576518058776855,9.079422950744629,-15.248888969421387,10.485438346862793,0.46626409888267517,0.3012302815914154,110.29411764705883,78.26097656204186,13.158922459335553,37.22723774389915,0.47305389221556887,holdout_test
EMOVO\pau-m1-n1.wav,m1,n1,fear,pau,,EMOVO,it,1.8773333333333333,0.06141093373298645,0.04092616889312977,2429.1535299770076,951.2974966476907,5198.115458015267,2850.627280024652,18.158791872169196,-289.9892883300781,81.12007141113281,161.7009735107422,29.6441707611084,-40.23831558227539,25.09944725036621,57.29851531982422,22.323816299438477,-5.354709625244141,18.470033645629883,18.615947723388672,19.51020622253418,5.122714042663574,11.508443832397461,-10.521312713623047,14.640656471252441,2.713510513305664,15.806024551391602,-3.5559701919555664,12.573698997497559,9.42072868347168,10.466444969177246,-8.438471794128418,9.612692832946777,-9.802157402038574,9.11677360534668,0.5061160922050476,0.2945426106452942,117.1875,68.20611619288923,3.3637472060888567,12.37535460537056,0.732824427480916,holdout_test
EMOVO\pau-m1-n2.wav,m1,n2,fear,pau,,EMOVO,it,2.3466666666666667,0.06620603054761887,0.07064554732658959,2709.216225981169,1664.3050607134226,5087.698699421965,2529.3622393589394,18.55358560565475,-274.48651123046875,68.89507293701172,154.90199279785156,52.42717361450195,-49.575889587402344,32.45783615112305,62.73408126831055,23.48991584777832,-3.7487776279449463,28.114473342895508,6.554586410522461,15.509765625,-1.4670170545578003,10.507781028747559,-10.669695854187012,12.584085464477539,1.0725892782211304,10.764369010925293,-13.240313529968262,10.50247859954834,0.13280192017555237,9.968291282653809,-12.646336555480957,9.038310050964355,-14.72784423828125,9.69309139251709,0.4427906274795532,0.30150383710861206,137.1951219512195,70.46443278010996,4.676366041850159,15.58479687037925,0.6069364161849711,holdout_test
EMOVO\pau-m1-n3.wav,m1,n3,fear,pau,,EMOVO,it,1.8346666666666667,0.0711110308766365,0.0628933376736111,2613.9801667657234,1390.5966179578795,4981.4453125,2532.986876221115,19.017138851975457,-258.0553894042969,64.77151489257812,147.53103637695312,36.592796325683594,-42.84659957885742,24.962373733520508,44.48387145996094,23.480302810668945,4.479215621948242,24.404064178466797,12.152288436889648,18.225727081298828,4.311279773712158,12.394396781921387,-13.331107139587402,13.401065826416016,-6.797133445739746,11.143560409545898,-14.1998872756958,9.964795112609863,1.0643038749694824,9.450469970703125,-17.63517951965332,9.480731964111328,-19.847084045410156,9.984468460083008,0.4328150451183319,0.3012305498123169,165.44117647058823,75.13805059545788,11.90366280909019,53.17164880956439,0.5138888888888888,holdout_test
EMOVO\pau-m1-n4.wav,m1,n4,fear,pau,,EMOVO,it,5.930666666666666,0.03765356168150902,0.08579626162190082,3770.5705014907694,1737.6532426849853,7414.240056818182,3681.1741818243613,15.892129461036557,-403.3837890625,153.43960571289062,96.78141784667969,58.541568756103516,-18.37839698791504,45.0245475769043,33.96037292480469,25.208385467529297,10.99190902709961,22.219995498657227,12.878341674804688,13.053922653198242,6.245153427124023,10.665651321411133,-1.9669888019561768,13.655891418457031,0.46788090467453003,9.99643325805664,-3.451690435409546,11.959065437316895,3.0241079330444336,8.354938507080078,-3.4255893230438232,10.10789680480957,-4.797964096069336,10.705845832824707,0.5721176862716675,0.29233747720718384,133.92857142857142,82.54083883537243,16.713924030653256,67.69295848897252,0.2644628099173554,holdout_test
EMOVO\pau-m1-n5.wav,m1,n5,fear,pau,,EMOVO,it,12.224,0.017937591299414635,0.08119196070856227,4199.142456548337,1522.7626286580435,8631.97544642857,4361.207677753732,14.976310124999062,-473.4433898925781,121.49010467529297,67.43094635009766,49.63264083862305,5.329614162445068,36.08900833129883,23.883018493652344,17.422195434570312,15.172240257263184,14.204099655151367,15.481030464172363,10.21642017364502,9.412626266479492,8.442195892333984,1.1616826057434082,13.133773803710938,1.5054676532745361,10.754189491271973,0.39110037684440613,11.402697563171387,5.633460521697998,5.963082313537598,0.7675000429153442,7.775075435638428,-4.031764984130859,11.205628395080566,0.6355971097946167,0.2696138322353363,244.56521739130434,81.68392476439804,15.290886062021922,58.779693203524786,0.21245421245421245,holdout_test
EMOVO\pau-m2-b1.wav,m2,b1,fear,pau,,EMOVO,it,1.8773333333333333,0.037253350019454956,0.09909765625,4075.9244185024095,1975.9275329708669,7392.0,3818.740726883647,17.13525241917923,-328.41033935546875,75.42903900146484,98.7553482055664,51.132667541503906,-31.063953399658203,30.308425903320312,56.13776779174805,26.743715286254883,-4.588954448699951,21.61923599243164,36.99186325073242,17.024093627929688,11.927872657775879,14.025426864624023,-4.528538703918457,12.444969177246094,-4.392601490020752,13.715983390808105,-4.129454135894775,9.13432788848877,2.602447032928467,6.097137451171875,-0.6863611936569214,11.295807838439941,-1.0337274074554443,8.353395462036133,0.47196656465530396,0.32101818919181824,187.5,86.17948508595401,17.175134728605542,55.244356441259185,0.696,holdout_test
EMOVO\pau-m2-b2.wav,m2,b2,fear,pau,,EMOVO,it,2.432,0.03844890370965004,0.07322252516778524,3553.1911977667014,1794.3651845095853,6606.85822147651,3737.393152761509,17.592078372117218,-340.15802001953125,57.65126419067383,103.3904037475586,47.60261154174805,-33.82676315307617,29.137231826782227,61.0495491027832,27.48178482055664,15.813152313232422,23.491497039794922,39.01565170288086,18.493057250976562,6.2391252517700195,9.599699020385742,-7.402543544769287,12.457725524902344,0.34689638018608093,8.98087215423584,-2.4532012939453125,8.231157302856445,4.096451282501221,7.123663425445557,-4.374608993530273,11.81180477142334,-7.498692512512207,7.006349086761475,0.4469872713088989,0.32267192006111145,98.6842105263158,83.57410986426306,12.309459562948835,47.16473679449558,0.785234899328859,holdout_test
EMOVO\pau-m2-b3.wav,m2,b3,fear,pau,,EMOVO,it,1.9626666666666666,0.03189051151275635,0.05754332983193277,3065.549163090739,1658.390982086686,5758.5346638655465,3877.858402709029,16.966010315623024,-355.710205078125,75.61903381347656,128.9878692626953,38.01665115356445,-15.371578216552734,32.842315673828125,38.53226089477539,18.989126205444336,4.423588752746582,23.90361976623535,31.27519989013672,15.716649055480957,7.798542499542236,13.092976570129395,-7.855000019073486,13.147912979125977,-5.5905280113220215,11.461143493652344,-4.36841344833374,10.490086555480957,10.09803295135498,8.425037384033203,-4.045833587646484,13.17582893371582,-6.967033386230469,9.812616348266602,0.44846558570861816,0.3130810260772705,114.79591836734694,80.36703670671962,11.17862426521882,37.82178830867609,0.7310924369747899,holdout_test
EMOVO\pau-m2-d1.wav,m2,d1,fear,pau,,EMOVO,it,1.5786666666666667,0.028233375400304794,0.09452451508620689,3967.9136568628664,1682.9125103311526,7440.8001077586205,3856.75834663783,16.82430078607974,-332.0357360839844,61.733951568603516,108.7970962524414,46.832740783691406,-32.83570098876953,24.482437133789062,51.3553581237793,25.103483200073242,-8.866036415100098,17.202838897705078,26.8869686126709,18.999719619750977,15.189184188842773,9.936444282531738,-4.314484596252441,13.936175346374512,-9.100141525268555,9.834043502807617,-6.593905448913574,9.291345596313477,7.774810791015625,10.507495880126953,-1.11078679561615,11.377573013305664,-2.3873109817504883,7.918025970458984,0.468764990568161,0.31451496481895447,156.25,85.73433509172173,13.612001441986807,47.816854705634455,0.7068965517241379,holdout_test
EMOVO\pau-m2-d2.wav,m2,d2,fear,pau,,EMOVO,it,1.664,0.03379072621464729,0.052012386485042736,3242.211659663443,1294.5353650759034,6726.36217948718,3928.9368393634977,17.50308508665655,-348.56475830078125,69.9698486328125,127.3585205078125,29.833511352539062,-25.909868240356445,29.546693801879883,39.68941879272461,22.792150497436523,-8.053454399108887,19.793352127075195,22.411907196044922,21.06653594970703,17.766277313232422,10.226701736450195,-3.8364546298980713,12.481082916259766,-7.718108177185059,11.816767692565918,-12.117249488830566,13.038239479064941,0.5074672698974609,8.184408187866211,-8.531740188598633,13.841423988342285,-11.50780200958252,9.84264850616455,0.388643354177475,0.3240848183631897,152.02702702702703,97.43598380375275,11.900184073976433,63.90387836604731,0.8034188034188035,holdout_test
EMOVO\pau-m2-l1.wav,m2,l1,fear,pau,,EMOVO,it,4.394666666666667,0.01907253824174404,0.05080211672008547,3636.6107851942334,1629.5367215871986,7821.047008547009,4650.414685755829,16.200145083839928,-412.06890869140625,91.28211212158203,111.66275024414062,37.29847717285156,-12.072677612304688,32.90231704711914,38.530059814453125,21.788314819335938,16.639686584472656,20.182418823242188,28.797828674316406,17.448623657226562,15.499815940856934,11.7520751953125,1.2202306985855103,9.88747787475586,0.33240455389022827,8.76782512664795,-7.362001419067383,11.324295997619629,5.500335216522217,9.529242515563965,0.6309283971786499,11.587403297424316,-0.596162736415863,10.948249816894531,0.5150660872459412,0.3084031641483307,160.71428571428572,73.25584676285264,8.160986492151673,34.8830824162542,0.6353276353276354,holdout_test
EMOVO\pau-m2-l2.wav,m2,l2,fear,pau,,EMOVO,it,3.029333333333333,0.023232195526361465,0.06037263355809128,3271.4813827379962,1624.4716214091209,6163.965248962656,4028.7916727144147,16.566835026021064,-366.9809265136719,66.60595703125,126.83644104003906,45.99818420410156,-17.734054565429688,29.914636611938477,33.450645446777344,27.1322078704834,5.589436054229736,22.263525009155273,34.669189453125,18.420875549316406,16.67240333557129,12.182861328125,-0.525873064994812,12.398404121398926,1.7773292064666748,7.788123607635498,-9.879570960998535,11.757047653198242,0.19549648463726044,8.448395729064941,3.2619528770446777,11.562807083129883,0.4570581912994385,9.116169929504395,0.5213204622268677,0.29908403754234314,106.13207547169812,70.45374417142014,5.320028632323362,18.44094495391724,0.5601659751037344,holdout_test
EMOVO\pau-m2-l3.wav,m2,l3,fear,pau,,EMOVO,it,3.2426666666666666,0.017637090757489204,0.066763671875,4110.429452915203,2289.8598587388356,8714.8125,4874.095505759212,15.859299701845062,-423.9163818359375,95.95736694335938,106.37584686279297,38.65781784057617,-10.126618385314941,32.75497817993164,34.870540618896484,24.014663696289062,12.540755271911621,17.64824867248535,25.842988967895508,19.08406639099121,15.309941291809082,11.773656845092773,4.145232677459717,11.239649772644043,3.3155362606048584,8.59386157989502,-3.5591952800750732,9.420490264892578,3.3241100311279297,7.18386697769165,-0.6518412828445435,10.727629661560059,2.239933967590332,10.184812545776367,0.5211052894592285,0.3058243989944458,125.0,70.55315002411047,7.1714224862951035,32.59246767028766,0.608,holdout_test
EMOVO\pau-m2-l4.wav,m2,l4,fear,pau,,EMOVO,it,2.6453333333333333,0.038699422031641006,0.051654575892857144,3139.013007625391,1533.6745115173187,6458.973214285715,3922.515927386237,17.5731234541408,-354.4115295410156,70.08003234863281,122.72692108154297,37.755096435546875,-24.462862014770508,24.851659774780273,43.950531005859375,23.862218856811523,9.407524108886719,18.021047592163086,33.917510986328125,17.60148811340332,9.640067100524902,9.850964546203613,-10.767622947692871,12.756305694580078,-5.728704929351807,9.662635803222656,-8.91460132598877,10.855570793151855,1.0820132493972778,10.051716804504395,-3.9610376358032227,11.828864097595215,-3.247227907180786,8.439105987548828,0.4414132535457611,0.3324282169342041,130.8139534883721,88.9520305572437,10.976386590575823,42.703874514827945,0.7885714285714286,holdout_test
EMOVO\pau-m2-n1.wav,m2,n1,fear,pau,,EMOVO,it,2.2613333333333334,0.027504833415150642,0.055718315972222224,3174.3350019358368,1454.3186900168266,6735.590277777777,4124.957190022854,16.633858666928184,-351.74676513671875,85.00454711914062,137.9773406982422,36.20097351074219,-12.389083862304688,29.589683532714844,30.66648292541504,21.918237686157227,-7.898874282836914,20.468536376953125,20.89572525024414,17.979368209838867,12.023759841918945,13.375345230102539,1.2116971015930176,11.959622383117676,3.7203099727630615,9.691021919250488,-4.611942291259766,11.256333351135254,2.170288562774658,9.110069274902344,1.611026406288147,12.763270378112793,-3.4660961627960205,7.849245071411133,0.4841350018978119,0.2971546947956085,114.79591836734694,73.78671720532233,9.05663319517873,45.230832192314224,0.7481481481481481,holdout_test
EMOVO\pau-m2-n2.wav,m2,n2,fear,pau,,EMOVO,it,2.9013333333333335,0.030734039843082428,0.08287863756613757,3783.8366099662585,1801.9178750069177,7223.710317460317,3913.497822561088,17.263603178170218,-339.45245361328125,69.29566192626953,109.92564392089844,51.035648345947266,-26.534143447875977,29.111841201782227,50.55897521972656,25.96078109741211,-6.863556385040283,22.564655303955078,23.109638214111328,18.213075637817383,10.566277503967285,8.673910140991211,0.7922335267066956,11.756977081298828,0.6356460452079773,8.397954940795898,-9.500659942626953,12.929959297180176,2.8677003383636475,6.978268146514893,1.3396354913711548,13.810211181640625,-6.052017688751221,9.507731437683105,0.4263879358768463,0.32208746671676636,160.71428571428572,89.31965700735482,14.888586844438008,54.549459268028684,0.7301587301587301,holdout_test
EMOVO\pau-m2-n3.wav,m2,n3,fear,pau,,EMOVO,it,2.688,0.026398267596960068,0.07252217955508475,3736.895901427587,1760.1295066301352,7433.395127118644,4160.624932017788,16.57458957256493,-362.4287109375,85.39633178710938,113.43478393554688,42.54948043823242,-28.675291061401367,25.65167999267578,40.64421081542969,26.548086166381836,4.543259620666504,21.71074104309082,28.473451614379883,19.355175018310547,12.932882308959961,9.397417068481445,2.352872133255005,11.109837532043457,3.784059762954712,9.868457794189453,-7.795487403869629,10.90038013458252,1.3160817623138428,8.564579010009766,3.41615629196167,11.723404884338379,-0.07849108427762985,9.099623680114746,0.4686652719974518,0.3107370436191559,93.75,86.71596335493702,12.125930774215572,47.816854705634455,0.5706214689265536,holdout_test
EMOVO\pau-m2-n4.wav,m2,n4,fear,pau,,EMOVO,it,3.584,0.025523239746689796,0.07027210263039568,3450.7507512699553,1630.0608774603847,6351.393884892086,3916.9503787032054,17.437643368995058,-369.7752990722656,73.51930236816406,110.64209747314453,47.12052536010742,-32.62812805175781,38.919281005859375,39.1826057434082,24.638429641723633,4.671108245849609,25.251834869384766,25.622745513916016,16.126977920532227,15.935404777526855,11.122442245483398,0.4301435053348541,10.23878002166748,3.3056843280792236,10.136972427368164,-6.9286088943481445,10.292179107666016,-0.9315361380577087,9.12228775024414,0.6234341263771057,9.946280479431152,-1.204820156097412,9.021899223327637,0.4258057773113251,0.32502177357673645,93.75,81.73805112801784,8.540690703031931,37.22723774389915,0.7302158273381295,holdout_test
EMOVO\pau-m2-n5.wav,m2,n5,fear,pau,,EMOVO,it,4.1386666666666665,0.0287901870906353,0.051982239906832296,3654.502425156302,1677.6849837452635,7807.671777950311,4452.112357520946,16.910055382875367,-393.0239562988281,95.40457916259766,104.75810241699219,35.37287139892578,-19.753664016723633,37.16318893432617,49.41806411743164,22.13628578186035,20.430713653564453,24.523157119750977,32.539085388183594,16.744796752929688,8.546825408935547,11.201828956604004,-7.99108362197876,12.227720260620117,-3.6375718116760254,9.297370910644531,-3.7137045860290527,10.317800521850586,5.963283538818359,9.41407299041748,-2.3775718212127686,10.290499687194824,-2.6576499938964844,7.902151584625244,0.46137505769729614,0.3205675184726715,156.25,82.25712328128179,9.918417928840285,54.549459268028684,0.6490683229813664,holdout_test
EMOVO\pau-m3-b1.wav,m3,b1,fear,pau,,EMOVO,it,2.176,0.025121351704001427,0.08408900669642858,3416.628865453821,2185.8678840672837,6146.949404761905,3520.4659306503995,16.451031647660432,-378.2958679199219,71.89681243896484,131.17080688476562,63.847137451171875,-12.609952926635742,30.749616622924805,55.56803512573242,25.645217895507812,-12.994526863098145,23.858783721923828,11.261747360229492,11.72004508972168,-2.2278051376342773,16.897493362426758,4.1050190925598145,9.747605323791504,-1.5540779829025269,13.55233383178711,-14.062625885009766,14.88315200805664,6.471968173980713,11.0265474319458,-3.5785577297210693,8.454103469848633,-0.5269753932952881,9.126408576965332,0.4793555736541748,0.29573896527290344,187.5,69.20200804883419,5.22776858790461,14.654533731170645,0.4365079365079365,holdout_test
EMOVO\pau-m3-b2.wav,m3,b2,fear,pau,,EMOVO,it,2.517333333333333,0.051166776567697525,0.06349934895833333,2973.2601264937252,1876.6714147722662,5393.4375,3209.511946208938,18.018711072126735,-341.8030700683594,78.01386260986328,131.4722137451172,65.61067962646484,-25.130077362060547,25.798465728759766,64.33335876464844,37.29726028442383,-0.951665461063385,28.86617660522461,11.653206825256348,20.992582321166992,-2.4537553787231445,11.42042064666748,1.8993322849273682,16.80950927734375,5.5105719566345215,11.99254322052002,-6.1878862380981445,12.374897003173828,-1.5180997848510742,12.729576110839844,-6.509415626525879,10.705306053161621,-6.597058296203613,9.0177001953125,0.43401166796684265,0.32335713505744934,156.25,77.06944259046516,10.314407051984185,43.330150913668916,0.7533333333333333,holdout_test
EMOVO\pau-m3-b3.wav,m3,b3,fear,pau,,EMOVO,it,2.0906666666666665,0.044358957558870316,0.04647265625,2344.1039865714342,1460.6320587909013,4553.4375,3061.3739742697385,18.609420773292236,-346.21905517578125,66.4796142578125,173.866455078125,51.5756950378418,-15.539073944091797,21.222318649291992,41.058570861816406,21.044546127319336,-8.923056602478027,20.855384826660156,1.307717204093933,16.43402099609375,-7.5675225257873535,15.381758689880371,-5.032017707824707,14.884373664855957,3.0912208557128906,13.257587432861328,-9.595057487487793,15.554698944091797,-0.875673234462738,15.075855255126953,-1.5328648090362549,10.234500885009766,-5.163299083709717,9.512743949890137,0.4328533113002777,0.30798500776290894,160.71428571428572,70.64665461801347,5.096629575116446,20.89785944349292,0.696,holdout_test
EMOVO\pau-m3-d1.wav,m3,d1,fear,pau,,EMOVO,it,2.1333333333333333,0.008087627589702606,0.07923209313118812,3539.5535277324075,1884.7747999634284,6501.005569306931,4027.6765663118413,15.911751343008634,-462.30364990234375,57.79462814331055,129.4160919189453,59.403564453125,-1.3365732431411743,28.399839401245117,43.09580612182617,35.697086334228516,-18.3563289642334,14.63833999633789,-1.528609275817871,10.934032440185547,11.729496955871582,12.227188110351562,7.08905029296875,9.725717544555664,-0.7448158860206604,10.048157691955566,-13.200481414794922,10.197686195373535,6.523018836975098,10.750579833984375,-1.528939127922058,7.775424003601074,0.8017425537109375,7.344889163970947,0.5076334476470947,0.2797936499118805,102.27272727272727,69.45529098465346,5.118141382113475,23.94137227403624,0.44554455445544555,holdout_test
EMOVO\pau-m3-d2.wav,m3,d2,fear,pau,,EMOVO,it,2.1333333333333333,0.013371048495173454,0.03918909143518518,2687.6400670516136,1131.4888782925477,5545.789930555556,3818.4286736225727,17.507178444886378,-442.1023864746094,68.33537292480469,157.30006408691406,35.46721649169922,-7.896698951721191,24.39478874206543,32.777984619140625,27.044408798217773,-12.246552467346191,23.124038696289062,-6.6843485832214355,18.537437438964844,7.926614761352539,10.987994194030762,1.1044763326644897,11.204446792602539,0.9196345806121826,9.010224342346191,-14.680811882019043,11.267701148986816,-0.4822346270084381,10.509063720703125,-4.90205192565918,11.46206283569336,-7.005055904388428,10.414617538452148,0.46200060844421387,0.3002687692642212,165.44117647058823,72.60192867628624,5.514510555393606,20.400783536321427,0.8425925925925926,holdout_test
EMOVO\pau-m3-l1.wav,m3,l1,fear,pau,,EMOVO,it,4.8213333333333335,0.009547822177410126,0.08361163072183099,3881.8867117475993,3163.293080121398,7691.5272887323945,4502.843172655105,16.59304135064748,-502.8976135253906,108.79154205322266,135.3473358154297,57.259647369384766,5.81172513961792,29.431480407714844,35.08183288574219,27.943649291992188,11.722917556762695,18.298065185546875,-4.505001544952393,19.782014846801758,-2.9265873432159424,14.166518211364746,6.642895698547363,10.78722858428955,6.8150858879089355,10.751041412353516,-18.35375213623047,15.627046585083008,2.51198673248291,12.285612106323242,2.6075680255889893,9.16695785522461,-7.855463981628418,11.226677894592285,0.47289639711380005,0.2997989058494568,152.02702702702703,73.19214575371714,10.837389496954042,42.703874514827945,0.39436619718309857,holdout_test
EMOVO\pau-m3-l2.wav,m3,l2,fear,pau,,EMOVO,it,3.456,0.008286092430353165,0.06431770324707031,3356.1464853031102,1747.0468022516134,6594.268798828125,4198.995136872607,16.505367393367173,-473.21630859375,76.90576171875,138.14337158203125,50.86608123779297,-12.135507583618164,29.303421020507812,33.74369812011719,30.309038162231445,12.734408378601074,24.500520706176758,-0.2178405523300171,17.815908432006836,-4.961443901062012,14.717681884765625,0.4042239189147949,9.94891357421875,6.1450018882751465,8.447602272033691,-18.756832122802734,13.117033004760742,-2.7520689964294434,11.711528778076172,3.0921645164489746,8.285772323608398,-6.0110273361206055,10.806534767150879,0.45670533180236816,0.29714617133140564,89.28571428571429,68.54656735748773,5.606859727087153,26.029777250557004,0.4375,holdout_test
EMOVO\pau-m3-l3.wav,m3,l3,fear,pau,,EMOVO,it,3.84,0.008095725439488888,0.09773039641203704,4399.863419130084,3661.3732776956695,8423.350694444445,4890.115052780877,15.904846892653428,-534.7832641601562,112.56837463378906,123.43482208251953,59.478031158447266,17.83605194091797,33.82881164550781,33.15000534057617,29.043527603149414,6.983857154846191,20.977277755737305,-5.545266628265381,16.771316528320312,0.9892919659614563,11.700984954833984,7.173307418823242,11.55477237701416,8.403605461120605,9.658984184265137,-10.300209045410156,14.024226188659668,4.322060585021973,10.332365036010742,0.7435564994812012,8.782028198242188,-6.335639953613281,10.06423568725586,0.5002243518829346,0.2897897958755493,152.02702702702703,71.78344694297257,8.252074731661741,32.59246767028766,0.4777777777777778,holdout_test
EMOVO\pau-m3-l4.wav,m3,l4,fear,pau,,EMOVO,it,2.9013333333333335,0.00792024377733469,0.052767240084134616,3362.042666888886,1876.0240284338747,7047.588641826923,4554.453749834978,16.815555647176,-509.5645751953125,82.07173919677734,132.86643981933594,49.721824645996094,4.419957160949707,35.80265426635742,33.40863037109375,31.3019962310791,16.912050247192383,23.317913055419922,1.4264787435531616,14.53278636932373,2.309546947479248,12.194121360778809,5.798055648803711,9.904861450195312,3.0773022174835205,10.272890090942383,-17.47823715209961,14.648560523986816,0.7711639404296875,13.029598236083984,-3.228787422180176,9.486907005310059,-10.666892051696777,10.76945972442627,0.4127027094364166,0.31231823563575745,127.8409090909091,68.82624081879554,3.39692067956348,13.279134958789555,0.5528846153846154,holdout_test
EMOVO\pau-m3-n1.wav,m3,n1,fear,pau,,EMOVO,it,2.2613333333333334,0.006899514235556126,0.06432942708333333,3458.3720870975544,2020.201768197178,7219.53125,4539.737094135081,16.760390942031307,-498.3395690917969,71.69213104248047,141.79086303710938,46.43142318725586,8.402480125427246,27.97173500061035,28.428577423095703,23.191099166870117,1.811403751373291,17.42499542236328,-11.830430030822754,19.958057403564453,-5.217899322509766,12.923894882202148,7.9109601974487305,9.28441333770752,8.242783546447754,8.718511581420898,-17.265609741210938,12.954827308654785,-1.5486297607421875,12.124722480773926,-0.06085459515452385,10.44945240020752,-7.498207092285156,7.649245738983154,0.4933149516582489,0.29255589842796326,114.79591836734694,70.02727137137909,5.654163282997201,16.525869146598964,0.34,holdout_test
EMOVO\pau-m3-n2.wav,m3,n2,fear,pau,,EMOVO,it,2.7733333333333334,0.005871483124792576,0.0857719809322034,3778.266842164494,2115.888950693541,6942.39936440678,4337.070969828052,16.176199996997404,-496.8764953613281,63.71847915649414,120.02580261230469,60.40555191040039,0.8676868081092834,33.06336212158203,44.54574966430664,29.9381160736084,1.5953644514083862,24.950481414794922,-9.785898208618164,15.228901863098145,-0.18127591907978058,11.390446662902832,11.480358123779297,10.068132400512695,9.452359199523926,8.411429405212402,-16.342836380004883,13.614459991455078,-2.43853497505188,11.578520774841309,0.0007242752471938729,8.421060562133789,-5.919203281402588,7.448157787322998,0.4351743161678314,0.2969226539134979,200.89285714285714,68.57210099512851,5.536510249824905,26.029777250557004,0.23163841807909605,holdout_test
EMOVO\pau-m3-n3.wav,m3,n3,fear,pau,,EMOVO,it,2.3466666666666667,0.011761675588786602,0.09285124055631869,4014.2559067990355,2976.513826207503,7733.7311126373625,4303.990807517843,17.272805655384374,-474.788818359375,119.09820556640625,133.18760681152344,56.05438995361328,-15.418642044067383,36.00892639160156,27.710660934448242,31.4077205657959,3.647731304168701,24.593740463256836,2.654914617538452,14.263696670532227,-2.6457200050354004,15.089828491210938,-4.3016510009765625,14.248894691467285,-0.6529760956764221,9.253662109375,-19.255205154418945,15.288702011108398,0.5424738526344299,12.431248664855957,-0.2966553270816803,12.191880226135254,-3.2001030445098877,11.211379051208496,0.42987436056137085,0.3051801323890686,187.5,73.77450989060024,7.996831652409662,32.59246767028766,0.6538461538461539,holdout_test
EMOVO\pau-m3-n4.wav,m3,n4,fear,pau,,EMOVO,it,4.48,0.010218971408903599,0.09149445564516129,3906.701756762729,2666.3828083665726,7261.013104838709,4155.731997427199,17.360639398110514,-474.5084533691406,99.9273681640625,124.09659576416016,58.52379608154297,-14.589099884033203,36.2978515625,43.485023498535156,32.78050231933594,5.787604808807373,26.63410186767578,-4.018121719360352,13.510831832885742,0.8550447821617126,13.472111701965332,4.55501127243042,11.154650688171387,3.0102176666259766,9.911552429199219,-15.848640441894531,15.38964557647705,2.8219046592712402,9.847859382629395,0.4456769526004791,9.178354263305664,-3.5114903450012207,11.250249862670898,0.4499085247516632,0.3062710464000702,133.92857142857142,66.86438045005924,2.624963680387769,13.73495557544544,0.5,holdout_test
EMOVO\pau-m3-n5.wav,m3,n5,fear,pau,,EMOVO,it,4.394666666666667,0.007980947382748127,0.07275993441358025,3752.7037359889764,2506.0237623464927,7554.6875,4710.335288378831,16.977585196219792,-522.4832153320312,88.23125457763672,118.78353881835938,49.68635559082031,8.561991691589355,36.388038635253906,45.19855499267578,26.454938888549805,17.01619529724121,21.110185623168945,0.03706331551074982,14.068065643310547,0.09935326874256134,12.436230659484863,-0.7471919655799866,9.22481632232666,2.048809766769409,11.449668884277344,-14.167777061462402,15.720706939697266,1.2435952425003052,10.186710357666016,-3.4590506553649902,6.5818867683410645,-8.821969032287598,9.541733741760254,0.43584737181663513,0.3138233423233032,144.23076923076923,71.46845748903885,9.904331673839003,46.51637480614585,0.6481481481481481,holdout_test
EMOVO\rab-f1-b1.wav,f1,b1,angry,rab,,EMOVO,it,1.792,0.05056990683078766,0.12404361441115702,4053.052582497816,2520.8292375019346,6415.482954545455,3249.4069490643715,18.56224483896249,-304.4952087402344,66.028076171875,99.541259765625,67.80313873291016,-38.30453109741211,30.88530158996582,21.492542266845703,35.951881408691406,-9.49195384979248,27.596715927124023,4.587749481201172,17.88554573059082,-21.62300682067871,16.252504348754883,-3.1764726638793945,11.692323684692383,5.46434211730957,9.774245262145996,-8.978272438049316,13.257587432861328,2.3875181674957275,11.100797653198242,0.904573917388916,8.597307205200195,-4.745297908782959,10.715276718139648,0.39028123021125793,0.30690905451774597,106.13207547169812,105.17244503785177,14.84319413568304,51.95658253445826,0.6694214876033058,holdout_test
EMOVO\rab-f1-b2.wav,f1,b2,angry,rab,,EMOVO,it,2.048,0.030570659786462784,0.09330919053819445,3993.163025803961,2151.36757285191,6953.938802083333,3703.5321150184773,18.260434718049503,-369.1249084472656,58.99600601196289,88.94432067871094,58.326541900634766,-30.484140396118164,23.0751895904541,66.97239685058594,32.199737548828125,13.15422534942627,23.87285804748535,11.511825561523438,19.956581115722656,-21.200233459472656,14.120058059692383,-3.824671506881714,11.110313415527344,1.4322401285171509,8.946772575378418,-1.4650912284851074,11.934819221496582,-2.4094133377075195,8.611063003540039,-13.002399444580078,9.441679000854492,-7.742016315460205,9.21340560913086,0.3831321597099304,0.323321670293808,98.6842105263158,104.38210545447534,16.65930624986242,70.04402265700203,0.7708333333333334,holdout_test
EMOVO\rab-f1-b3.wav,f1,b3,angry,rab,,EMOVO,it,2.048,0.04029129073023796,0.07436924764554795,3292.327530255645,2102.8744606153095,5737.05051369863,3574.2158151428685,18.88755511644171,-360.99102783203125,70.16842651367188,113.31695556640625,47.06540298461914,-23.85431671142578,29.64201545715332,32.26580810546875,22.28835678100586,3.266249656677246,20.568649291992188,7.825584888458252,23.366907119750977,-17.890811920166016,15.337955474853516,-3.519874095916748,12.992923736572266,3.04024600982666,13.930960655212402,-3.729691982269287,13.241400718688965,-0.3337690830230713,16.375202178955078,-10.432470321655273,8.942410469055176,-7.759227275848389,8.563150405883789,0.3123970925807953,0.3259088397026062,89.28571428571429,113.04264934627136,18.72571461467977,64.63421839492392,0.821917808219178,holdout_test
EMOVO\rab-f1-d1.wav,f1,d1,angry,rab,,EMOVO,it,1.6213333333333333,0.040347762405872345,0.12254115513392858,4195.0968615560305,2482.326594674672,6828.264508928572,3598.3187265668953,18.494432323934124,-327.3523254394531,77.67610931396484,105.94261169433594,64.55178833007812,-43.061424255371094,26.58160400390625,26.277299880981445,28.0974178314209,-14.415457725524902,22.773399353027344,19.121707916259766,14.7284574508667,-26.473485946655273,20.945852279663086,-5.155426025390625,12.839879989624023,-0.8027155995368958,9.910382270812988,-0.428721159696579,10.795770645141602,0.5108633637428284,11.327289581298828,-3.299360990524292,7.864484786987305,-10.068943977355957,11.283875465393066,0.385023832321167,0.31793808937072754,140.625,127.34544909254791,31.794974304787978,108.19893411636467,0.75,holdout_test
EMOVO\rab-f1-d2.wav,f1,d2,angry,rab,,EMOVO,it,1.5466666666666666,0.04706667736172676,0.06139181385869565,3061.695736543693,1365.9909593841062,5535.122282608696,3495.9924100350113,18.64372391523949,-326.2030029296875,79.7608642578125,134.7042694091797,28.796043395996094,-40.95398712158203,25.18212890625,27.03679847717285,28.313486099243164,-5.469185829162598,23.705522537231445,9.024964332580566,18.12452507019043,-23.500425338745117,17.9495906829834,-6.096828937530518,13.19874095916748,-0.80121910572052,13.262383460998535,-4.226783752441406,14.930034637451172,-3.1185128688812256,9.579211235046387,-9.45765209197998,7.81118631362915,-6.873971939086914,10.026755332946777,0.3232271075248718,0.3223780691623688,130.8139534883721,122.41877006908612,15.098170824478334,80.81003244686886,0.8869565217391304,holdout_test
EMOVO\rab-f1-l1.wav,f1,l1,angry,rab,,EMOVO,it,4.917333333333334,0.032629258930683136,0.08075169674821002,4510.022475450675,3188.682168405898,8459.203460620525,4428.112009343573,17.35869043992014,-408.5042419433594,138.95529174804688,106.2477035522461,60.336769104003906,-23.44051170349121,34.97136306762695,24.6112060546875,28.275772094726562,6.918690204620361,21.37906265258789,10.989779472351074,14.509044647216797,-14.864662170410156,21.43924903869629,-4.549107074737549,13.26537799835205,-3.712972402572632,13.373312950134277,-2.1346123218536377,12.250068664550781,4.070011615753174,11.103439331054688,-4.584114074707031,9.987092971801758,-6.040625095367432,10.452844619750977,0.4333045482635498,0.3367837369441986,181.4516129032258,113.54253054149302,20.998110277697204,98.45812961834758,0.6587112171837709,holdout_test
EMOVO\rab-f1-l2.wav,f1,l2,angry,rab,,EMOVO,it,3.0613333333333332,0.03956899791955948,0.08461733217592593,3486.846378518095,2145.501958344397,6060.088734567901,3571.3354245016367,18.322098324039445,-336.07086181640625,74.7721939086914,117.36234283447266,51.726829528808594,-28.95318031311035,30.56336212158203,30.543704986572266,31.880029678344727,6.862451553344727,22.292490005493164,12.075217247009277,18.436321258544922,-25.639850616455078,19.693220138549805,-10.674307823181152,13.416918754577637,0.3330996036529541,10.781662940979004,-0.4260271489620209,13.18477725982666,2.3312206268310547,11.581305503845215,-5.081831455230713,9.054998397827148,-8.93912124633789,12.29964828491211,0.3903544843196869,0.3257960081100464,130.8139534883721,107.93790149261307,17.43505571961065,75.85021244080032,0.7448559670781894,holdout_test
EMOVO\rab-f1-l3.wav,f1,l3,angry,rab,,EMOVO,it,3.68,0.030856233090162277,0.07553131620762712,4829.934706977298,3157.8383600407633,9627.966101694916,4822.783192539332,17.094293647880285,-424.51953125,148.56686401367188,98.30128479003906,56.79686737060547,-19.667766571044922,36.14491653442383,24.002397537231445,30.326255798339844,1.7877039909362793,14.921510696411133,6.115397930145264,15.022176742553711,-14.155728340148926,23.501266479492188,-2.2298686504364014,12.044571876525879,2.8915531635284424,9.635515213012695,-1.7116103172302246,13.32526969909668,-2.851348638534546,11.458019256591797,-3.923987865447998,10.348400115966797,-1.495336890220642,9.597286224365234,0.45795711874961853,0.33159181475639343,104.16666666666667,120.4895667183701,20.07498593215938,97.5143394263724,0.6067796610169491,holdout_test
EMOVO\rab-f1-l4.wav,f1,l4,angry,rab,,EMOVO,it,2.6453333333333333,0.050412364304065704,0.06911117311507936,3324.0224495162097,1799.8842801521766,6131.4484126984125,3582.5137220058273,18.879619432747532,-335.3633728027344,78.77313232421875,112.83040618896484,45.01436233520508,-31.9001522064209,27.729841232299805,41.986656188964844,28.945627212524414,7.275962829589844,17.62427520751953,4.795435428619385,18.433988571166992,-30.397666931152344,19.517047882080078,-5.24277925491333,12.211395263671875,2.885326862335205,8.798011779785156,-12.030906677246094,15.464554786682129,-4.961666584014893,11.441031455993652,-10.355746269226074,11.006438255310059,-8.223492622375488,9.871479034423828,0.34222298860549927,0.32668590545654297,93.75,119.32299984318021,13.879952839270764,75.88585715468308,0.7883597883597884,holdout_test
EMOVO\rab-f1-n1.wav,f1,n1,angry,rab,,EMOVO,it,1.9093333333333333,0.040255121886730194,0.05555516524280576,2888.508805975522,1291.1613666997139,5367.861960431655,3589.4876075302086,18.452480274142236,-339.15185546875,86.41304779052734,138.3854522705078,32.66294860839844,-32.64590072631836,29.52222442626953,21.259239196777344,26.332679748535156,-0.8758364915847778,18.46145248413086,11.186126708984375,18.681859970092773,-18.976211547851562,21.402536392211914,-7.7652506828308105,12.666927337646484,-3.9746830463409424,11.439674377441406,1.165493369102478,13.9962739944458,-0.9310650825500488,12.865848541259766,-6.947394371032715,8.851824760437012,-9.024944305419922,12.321722030639648,0.3312878906726837,0.324065238237381,114.79591836734694,105.73416217077971,15.50744987090793,68.87549349931328,0.8848920863309353,holdout_test
EMOVO\rab-f1-n2.wav,f1,n2,angry,rab,,EMOVO,it,2.2506666666666666,0.04372759908437729,0.10988853717672414,3709.396036783131,2341.0608397196343,6094.558189655172,3334.8860160362515,19.03683072405757,-323.7181701660156,68.61804962158203,119.94050598144531,58.865806579589844,-47.0113639831543,27.656890869140625,32.027137756347656,30.008514404296875,-4.8032002449035645,28.86746597290039,14.338993072509766,15.057519912719727,-27.056556701660156,17.009021759033203,-6.660530090332031,15.620870590209961,-3.673336982727051,12.021227836608887,-3.842984676361084,13.177481651306152,1.2241443395614624,12.378835678100586,-5.249448776245117,10.16565227508545,-8.70328426361084,11.417463302612305,0.33769917488098145,0.3125821352005005,130.8139534883721,114.63503180577976,13.408725325991375,101.72937967738378,0.7701149425287356,holdout_test
EMOVO\rab-f1-n3.wav,f1,n3,angry,rab,,EMOVO,it,1.9413333333333334,0.04717041924595833,0.079315185546875,3287.049913415964,1724.0093449714425,5524.088541666667,3318.3639464178514,19.236528247157782,-321.31640625,75.4885025024414,125.39633178710938,39.815399169921875,-51.916847229003906,29.239734649658203,35.11277389526367,31.086381912231445,3.6153669357299805,25.277559280395508,14.95096206665039,14.469718933105469,-31.083011627197266,19.366228103637695,-14.006351470947266,12.428482055664062,-6.064424991607666,9.968338966369629,-3.4236538410186768,10.66865348815918,1.6878609657287598,11.115516662597656,-7.2425971031188965,10.129193305969238,-7.613930702209473,11.270219802856445,0.3563986122608185,0.3237413465976715,117.1875,122.20489047328208,19.569609638477917,84.85803691783383,0.8125,holdout_test
EMOVO\rab-f1-n4.wav,f1,n4,angry,rab,,EMOVO,it,3.1146666666666665,0.04992787167429924,0.09577948173868313,3480.9214291792573,2051.1540259527287,5690.68287037037,3175.1206522231823,19.03352158831225,-314.79150390625,79.41551971435547,116.82330322265625,59.76782989501953,-57.15584182739258,36.41304016113281,38.383670806884766,35.854408264160156,-3.274073362350464,21.165687561035156,8.094682693481445,15.788533210754395,-28.620304107666016,17.997705459594727,-8.156830787658691,14.33035659790039,-4.816105365753174,11.307321548461914,-2.6866118907928467,13.568639755249023,-1.0455650091171265,12.302379608154297,-5.955313205718994,10.56051254272461,-8.050057411193848,8.84174633026123,0.3464409410953522,0.3191888928413391,156.25,117.25875914322447,16.676958372369533,73.0379936110504,0.7530864197530864,holdout_test
EMOVO\rab-f1-n5.wav,f1,n5,angry,rab,,EMOVO,it,3.456,0.051739566028118134,0.06446996228448276,3140.8313141414424,1436.5947510782164,5599.865301724138,3358.3550831964512,19.330256566563996,-334.6490783691406,84.76387023925781,112.17707061767578,43.565704345703125,-40.45988845825195,34.917091369628906,49.00078201293945,34.36909866333008,12.730865478515625,25.805633544921875,-4.78747034072876,17.2149600982666,-32.82836151123047,18.32670783996582,-10.541655540466309,11.56212043762207,-2.929218053817749,10.254705429077148,-8.76824951171875,12.778287887573242,-1.8995378017425537,11.553114891052246,-9.479784965515137,11.239960670471191,-6.54548978805542,9.143701553344727,0.34249842166900635,0.32533350586891174,160.71428571428572,118.87180321592655,16.581236579509007,88.21903457349332,0.8241379310344827,holdout_test
EMOVO\rab-f2-b1.wav,f2,b1,angry,rab,,EMOVO,it,1.7066666666666668,0.09951980412006378,0.08479817708333333,3084.0123966173956,1633.606110919419,5517.857142857143,2779.2959100716093,20.138623592255126,-257.85272216796875,73.53396606445312,120.82683563232422,39.53209686279297,-59.175540924072266,34.36906433105469,37.523563385009766,16.927982330322266,-1.7646251916885376,16.526905059814453,4.8152971267700195,16.44826889038086,-21.957759857177734,12.82701587677002,-27.943513870239258,14.754534721374512,2.0439276695251465,12.484726905822754,-4.613302230834961,12.619070053100586,-3.9364914894104004,14.239375114440918,-6.662298679351807,7.8495941162109375,-8.672172546386719,8.446429252624512,0.3206976056098938,0.32336485385894775,130.8139534883721,132.07230849813766,17.482232784780617,57.32711111450965,0.8253968253968254,holdout_test
EMOVO\rab-f2-b2.wav,f2,b2,angry,rab,,EMOVO,it,1.856,0.08597075939178467,0.08080724767736487,3198.9889477463344,1592.6179996926667,5529.666385135135,2617.576027192196,22.2219688066298,-276.20916748046875,52.43151092529297,102.3732681274414,41.07703399658203,-66.09635925292969,26.52716827392578,42.94527053833008,34.588890075683594,2.513180732727051,18.904909133911133,-5.380416393280029,17.976978302001953,-23.081443786621094,14.485557556152344,-25.40657615661621,14.495126724243164,4.986769199371338,8.632448196411133,-14.1112060546875,11.047823905944824,-16.244348526000977,11.200874328613281,-11.409943580627441,11.001670837402344,-10.799847602844238,9.341876983642578,0.29753628373146057,0.3323189616203308,50.67567567567568,163.8559727244983,26.50331229267929,122.05106040186367,0.9527027027027027,holdout_test
EMOVO\rab-f2-b3.wav,f2,b3,angry,rab,,EMOVO,it,1.8133333333333332,0.062020283192396164,0.062267485119047616,2593.5083771535856,1121.8482562648505,4690.688775510204,2438.3070365732306,20.667331003954427,-298.7824401855469,63.96014404296875,142.6610565185547,30.9962215423584,-69.70919799804688,27.150358200073242,27.676172256469727,19.94181251525879,-5.930070877075195,17.565494537353516,0.17163792252540588,20.600502014160156,-16.113222122192383,11.914931297302246,-25.10956382751465,13.643919944763184,5.598720073699951,9.931209564208984,-4.804996967315674,12.535965919494629,-5.136512756347656,15.989460945129395,-3.81587553024292,8.63773250579834,-11.39684772491455,9.64871597290039,0.3431071937084198,0.3230188190937042,160.71428571428572,133.3111560472693,21.86101763844363,80.45557306134792,0.8979591836734694,holdout_test
EMOVO\rab-f2-d1.wav,f2,d1,angry,rab,,EMOVO,it,1.5786666666666667,0.05446121469140053,0.08629778519417476,3020.264764208097,1630.5282539019188,5322.132888349514,2511.335824596235,20.272071434413277,-298.60125732421875,58.10957336425781,139.7643585205078,41.64597702026367,-73.437255859375,27.42024040222168,26.069665908813477,30.60918426513672,-22.615692138671875,17.733383178710938,-1.5640686750411987,18.261795043945312,-14.200361251831055,12.988645553588867,-21.08526611328125,15.22842025756836,6.377810955047607,8.53564739227295,-6.1110687255859375,14.47546672821045,-2.7348196506500244,9.670943260192871,-4.294124126434326,6.78725004196167,-7.460290431976318,7.122358322143555,0.31523701548576355,0.313336044549942,98.6842105263158,154.9757299635015,32.848408166265976,112.34090644256526,0.8737864077669902,holdout_test
EMOVO\rab-f2-d2.wav,f2,d2,angry,rab,,EMOVO,it,1.664,0.05263621360063553,0.05483186141304348,2395.872085240644,864.592519032669,4284.578804347826,2295.847122930589,20.62640710984732,-317.5364074707031,62.94744110107422,138.92735290527344,24.26873779296875,-66.35333251953125,29.80693244934082,16.893207550048828,23.027761459350586,-0.13288158178329468,25.504493713378906,-7.2113213539123535,12.437124252319336,-15.371221542358398,12.049189567565918,-27.455827713012695,14.692230224609375,-0.10356167703866959,10.812948226928711,-7.684821128845215,12.76850700378418,-8.879719734191895,10.433069229125977,-2.1328585147857666,6.7505316734313965,-5.432197570800781,8.326189041137695,0.30773138999938965,0.32211801409721375,137.1951219512195,149.45111734039816,20.306539546933905,73.0744452245217,0.9304347826086956,holdout_test
EMOVO\rab-f2-l1.wav,f2,l1,angry,rab,,EMOVO,it,4.48,0.056147683411836624,0.055860929210875335,2353.585778731936,1330.0423766141414,4319.338527851459,2267.102255749413,20.31601608423923,-338.4285888671875,113.88008880615234,125.49916076660156,50.29453659057617,-56.7360954284668,37.815860748291016,28.865333557128906,26.252016067504883,0.7992717027664185,21.487756729125977,1.4406014680862427,11.643976211547852,-8.583279609680176,13.782621383666992,-23.235042572021484,16.403547286987305,-1.9503296613693237,8.881431579589844,-9.386813163757324,11.076303482055664,-4.45562744140625,14.246651649475098,-2.5648722648620605,10.313390731811523,-10.69338607788086,10.143282890319824,0.2953789234161377,0.32386666536331177,67.7710843373494,130.7405055221289,20.283467178814572,87.23209417861237,0.8408488063660478,holdout_test
EMOVO\rab-f2-l2.wav,f2,l2,angry,rab,,EMOVO,it,3.498666666666667,0.049787893891334534,0.06727151309742647,2701.572337893889,1186.3116829853361,4839.068244485294,2434.0614573983357,20.527619060245303,-327.79583740234375,94.58900451660156,127.19124603271484,40.9509162902832,-71.80987548828125,34.76445770263672,19.756711959838867,27.884445190429688,-3.963444948196411,18.33488655090332,2.2385191917419434,12.334108352661133,-8.822542190551758,15.359416007995605,-27.88848876953125,18.279747009277344,-5.062928199768066,8.639196395874023,-10.299574851989746,9.726813316345215,-2.2584896087646484,10.13269329071045,0.32901325821876526,7.750961780548096,-11.228558540344238,8.938668251037598,0.3400200605392456,0.321274071931839,112.5,146.522950126511,20.107638230037185,87.7859922014085,0.8786764705882353,holdout_test
EMOVO\rab-f2-l3.wav,f2,l3,angry,rab,,EMOVO,it,3.925333333333333,0.05095453932881355,0.045947994402985075,2192.2748915716493,1352.3541724427623,3899.4402985074626,2238.7032974048934,20.162940286042346,-366.1347351074219,112.85011291503906,110.18866729736328,51.73286056518555,-42.15943908691406,45.73927307128906,18.42066192626953,31.346376419067383,2.8619868755340576,16.71925163269043,-4.670607566833496,13.716714859008789,-9.06507396697998,15.260963439941406,-17.933881759643555,16.17474937438965,0.17625419795513153,8.305468559265137,-8.201374053955078,9.139965057373047,-12.089496612548828,12.432889938354492,-5.94450569152832,8.520212173461914,-9.489038467407227,8.774373054504395,0.29302066564559937,0.3254275918006897,106.13207547169812,132.0184622021449,21.555018863961774,85.80429533003458,0.8328358208955224,holdout_test
EMOVO\rab-f2-l4.wav,f2,l4,angry,rab,,EMOVO,it,2.7306666666666666,0.05914696305990219,0.056376814277251185,2609.161490445441,1058.658693706948,4814.57345971564,2512.0032929090135,20.71546303677974,-326.6067199707031,90.24980163574219,124.5949935913086,38.15381622314453,-66.71025848388672,32.722354888916016,34.195369720458984,27.590694427490234,6.714613914489746,14.93775749206543,2.165259838104248,12.240021705627441,-10.049539566040039,12.249364852905273,-27.739362716674805,17.339229583740234,-3.0918781757354736,9.810297012329102,-15.17785930633545,10.903412818908691,-9.560407638549805,11.834638595581055,-4.797764301300049,10.430885314941406,-13.60432243347168,10.349201202392578,0.3252600431442261,0.32907596230506897,170.45454545454547,140.44772615740507,17.29170616202345,79.18975522600414,0.8436018957345972,holdout_test
EMOVO\rab-f2-n1.wav,f2,n1,angry,rab,,EMOVO,it,1.8346666666666667,0.06442173570394516,0.055384563577586206,2413.9232698793844,772.5037460381778,4410.775862068966,2340.610893182796,21.311195506675297,-307.1367492675781,80.72377014160156,138.06155395507812,27.306550979614258,-74.29544830322266,38.02920913696289,22.611236572265625,19.691890716552734,-3.683420419692993,18.40003204345703,-0.31022295355796814,14.736207008361816,-12.317867279052734,12.510140419006348,-26.14103889465332,12.160905838012695,-1.525807499885559,8.212658882141113,-10.224244117736816,12.501344680786133,-7.477426052093506,10.341293334960938,-6.077982425689697,7.520713806152344,-8.886201858520508,8.890700340270996,0.3033507466316223,0.32346057891845703,119.68085106382979,140.03084399826326,18.398521715594505,100.23715602830099,0.9517241379310345,holdout_test
EMOVO\rab-f2-n2.wav,f2,n2,angry,rab,,EMOVO,it,2.0906666666666665,0.049951713532209396,0.0846050715042373,3008.9293307294065,1573.3205629977115,5306.14406779661,2559.693291213421,21.1595337167804,-319.6319885253906,61.39269256591797,126.45426940917969,38.2739143371582,-69.74131774902344,31.798633575439453,33.45637512207031,19.184162139892578,-12.121427536010742,24.2893009185791,0.2723293900489807,13.976046562194824,-14.944374084472656,10.663389205932617,-28.25543785095215,14.774299621582031,-0.3873516023159027,8.842646598815918,-13.823253631591797,10.672667503356934,-4.7086710929870605,13.16236686706543,-3.8252511024475098,9.324874877929688,-10.71497917175293,9.897870063781738,0.2787010669708252,0.3137274384498596,85.22727272727273,158.68026905730406,26.66385392488626,101.9240995099538,0.8870056497175142,holdout_test
EMOVO\rab-f2-n3.wav,f2,n3,angry,rab,,EMOVO,it,2.0906666666666665,0.06333273649215698,0.07106346420094936,2783.763385622797,1038.9715587973883,4952.877768987341,2442.801293692242,20.795721171248516,-297.2449645996094,64.44898986816406,128.14584350585938,28.364688873291016,-73.93563842773438,30.883930206298828,35.19315719604492,26.94153594970703,4.95347785949707,19.284931182861328,-1.160764455795288,14.42398738861084,-17.956159591674805,13.571558952331543,-28.693653106689453,16.904199600219727,0.6273124814033508,11.429566383361816,-10.39944839477539,13.421843528747559,-7.562993049621582,10.685319900512695,-4.102296352386475,8.961977005004883,-10.09968090057373,8.722585678100586,0.3378656804561615,0.32203444838523865,114.79591836734694,139.37316131851847,18.282707817026676,72.39540991119101,0.8987341772151899,holdout_test
EMOVO\rab-f2-n4.wav,f2,n4,angry,rab,,EMOVO,it,3.6266666666666665,0.060885705053806305,0.0824639262677936,2998.5202920312654,1511.0782237834394,5249.2493327402135,2423.6987123346726,22.082973724723974,-297.45184326171875,55.547630310058594,111.25304412841797,36.12437057495117,-72.1221694946289,35.21864318847656,33.308372497558594,30.332992553710938,-6.686985492706299,20.465938568115234,-8.355777740478516,15.973540306091309,-11.790261268615723,14.157779693603516,-26.50594139099121,14.888036727905273,-2.967437267303467,9.946222305297852,-9.384312629699707,10.018624305725098,-6.445097923278809,15.047353744506836,-3.6139681339263916,8.602514266967773,-12.911796569824219,10.374542236328125,0.3010128140449524,0.3194318413734436,106.13207547169812,161.36579330873516,20.695270223191528,97.71981702883292,0.8647686832740213,holdout_test
EMOVO\rab-f2-n5.wav,f2,n5,angry,rab,,EMOVO,it,2.944,0.05893457308411598,0.07168384308510638,2858.7746247101227,1050.3020071305416,5231.748670212766,2505.3090589586955,21.996967056860896,-320.45147705078125,81.15240478515625,111.65696716308594,30.402070999145508,-66.3082504272461,39.17124938964844,44.33388137817383,27.663331985473633,0.30868977308273315,20.2470760345459,-8.319917678833008,13.7631254196167,-17.30319595336914,11.850069046020508,-31.601232528686523,13.327448844909668,-0.9161339998245239,8.29312515258789,-10.525639533996582,11.48888111114502,-8.247762680053711,11.505386352539062,-3.44960618019104,9.838685989379883,-11.696638107299805,10.07205867767334,0.29419153928756714,0.32281526923179626,130.8139534883721,169.240141503948,23.32763510669717,113.9577535897429,0.9191489361702128,holdout_test
EMOVO\rab-f3-b1.wav,f3,b1,angry,rab,,EMOVO,it,2.0906666666666665,0.023099685087800026,0.10935501187865497,3728.5046475701693,1886.33872022687,5860.745614035088,3310.1652430870586,20.445620071874387,-403.8359069824219,76.33136749267578,99.9920654296875,45.47456359863281,-70.20707702636719,44.32731628417969,21.667722702026367,31.24962615966797,-5.606666088104248,21.803457260131836,-1.9983412027359009,21.718446731567383,-34.71299743652344,19.834226608276367,-22.157732009887695,17.04265785217285,5.175620079040527,11.315215110778809,-14.959892272949219,15.134115219116211,-5.945119857788086,13.374153137207031,0.9134361147880554,10.438939094543457,-13.490618705749512,9.868099212646484,0.3332938253879547,0.3133925199508667,100.44642857142857,163.90182813392323,36.154301446998296,177.77822902153173,0.7777777777777778,holdout_test
EMOVO\rab-f3-b2.wav,f3,b2,angry,rab,,EMOVO,it,2.2826666666666666,0.02011021040380001,0.10750837053571428,3812.418476779286,1804.4236352628634,5938.125,3337.159690263714,21.257955963917293,-443.22021484375,57.290748596191406,86.97393035888672,52.25415802001953,-65.45257568359375,34.964515686035156,39.179508209228516,41.3652458190918,-1.1070961952209473,21.78453254699707,-14.043476104736328,20.874570846557617,-38.6476936340332,18.07769775390625,-17.406564712524414,12.636711120605469,11.884747505187988,9.428610801696777,-29.48516273498535,11.77709674835205,-25.81137466430664,12.551050186157227,-5.3757643699646,12.768857955932617,-13.10282039642334,8.531174659729004,0.30848997831344604,0.31803032755851746,130.8139534883721,185.32538951472594,37.8760276614034,173.67268464684622,0.7885714285714286,holdout_test
EMOVO\rab-f3-b3.wav,f3,b3,angry,rab,,EMOVO,it,2.2186666666666666,0.013486267067492008,0.0787823016826923,3316.0832210042845,1770.6845194608925,5682.04842032967,3667.456288931029,19.908054628515643,-460.18328857421875,66.46660614013672,119.86467742919922,42.31310272216797,-46.447296142578125,33.90922546386719,9.014265060424805,28.073211669921875,-5.014606952667236,23.58936309814453,-10.242493629455566,25.147260665893555,-28.222782135009766,18.920391082763672,-15.352028846740723,12.361581802368164,7.936835765838623,10.913473129272461,-22.468809127807617,17.51909065246582,-14.55944538116455,15.163299560546875,0.6726647615432739,8.35902214050293,-14.723453521728516,13.326093673706055,0.31303879618644714,0.32080715894699097,122.28260869565217,150.83773620793076,40.255734932050174,156.8921660145531,0.7637362637362637,holdout_test
EMOVO\rab-f3-d1.wav,f3,d1,angry,rab,,EMOVO,it,1.7066666666666668,0.0194674301892519,0.10436918535305344,3615.192422668692,1976.141727575758,5596.016221374046,3301.429814905058,19.04283658488879,-418.45086669921875,55.374629974365234,108.12140655517578,55.396820068359375,-64.87847137451172,32.108726501464844,8.134711265563965,39.09115219116211,-15.143288612365723,21.205705642700195,0.48091185092926025,19.07500648498535,-22.739261627197266,18.730663299560547,-22.8273868560791,15.384550094604492,-6.481778144836426,9.896780014038086,-15.184666633605957,10.719060897827148,-1.4107470512390137,8.407770156860352,4.923190593719482,12.475961685180664,-6.694610595703125,14.631586074829102,0.3233521580696106,0.3190552890300751,108.17307692307692,208.02764112629305,74.89627122580197,241.99412522397728,0.8549618320610687,holdout_test
EMOVO\rab-f3-d2.wav,f3,d2,angry,rab,,EMOVO,it,1.7706666666666666,0.019025404006242752,0.07080823592557252,3056.3462295792747,1182.8332450841635,5286.319179389313,3480.879567830188,19.29554249764964,-422.6519775390625,68.83837127685547,125.66677856445312,29.99850845336914,-57.677494049072266,36.82706069946289,4.513716220855713,26.327730178833008,-9.8086576461792,21.95648193359375,-9.913187026977539,16.91741943359375,-19.773639678955078,18.904321670532227,-15.89395523071289,17.280479431152344,0.39089393615722656,12.619296073913574,-20.460315704345703,10.330085754394531,-11.235249519348145,11.017560958862305,-3.070251703262329,11.144373893737793,-11.512275695800781,7.774072170257568,0.33113914728164673,0.3240366578102112,122.28260869565217,161.65185342838316,31.857195678539522,125.25149916267112,0.8396946564885496,holdout_test
EMOVO\rab-f3-l1.wav,f3,l1,angry,rab,,EMOVO,it,4.928,0.017268463969230652,0.11417085830479452,4066.3351777772614,2883.3384692053846,6882.4914383561645,3949.895103466251,19.19303811806038,-463.69720458984375,110.99434661865234,107.06439971923828,46.412200927734375,-56.474029541015625,45.81159591674805,7.0212578773498535,26.32899284362793,2.319720983505249,23.081661224365234,-6.27938175201416,18.558164596557617,-23.51310157775879,20.338470458984375,-14.518953323364258,15.818313598632812,1.01632821559906,10.05226993560791,-19.895631790161133,14.4807767868042,-8.918720245361328,14.106143951416016,-1.66654372215271,9.774063110351562,-16.26362419128418,10.857998847961426,0.3432343602180481,0.3204590976238251,127.8409090909091,168.0367257148727,42.49252085767526,185.8073907429996,0.8242009132420092,holdout_test
EMOVO\rab-f3-l2.wav,f3,l2,angry,rab,,EMOVO,it,3.0933333333333333,0.016035770997405052,0.07859831477490421,3265.136105887209,1614.4297204858362,5590.786637931034,3549.1345272163094,19.058701789042114,-439.83831787109375,69.42082977294922,126.26736450195312,42.46695327758789,-57.976654052734375,42.80803680419922,5.016247749328613,28.01374626159668,-2.636258363723755,24.677719116210938,-2.7545623779296875,18.371183395385742,-21.088321685791016,18.3924503326416,-18.709949493408203,15.338358879089355,2.2303454875946045,10.51262092590332,-17.10654640197754,11.780243873596191,-5.578297138214111,12.11502742767334,1.5364288091659546,10.601828575134277,-16.175607681274414,9.825921058654785,0.3340679705142975,0.3155365288257599,170.45454545454547,144.63245921673715,27.232601220851276,139.86086681294793,0.8582375478927203,holdout_test
EMOVO\rab-f3-l3.wav,f3,l3,angry,rab,,EMOVO,it,3.7066666666666666,0.00926122348755598,0.12645004734848486,4596.113462048861,3558.471227119925,8154.971590909091,4522.065138579184,17.870547045067585,-521.8992919921875,111.0975341796875,107.15312194824219,51.990325927734375,-28.491844177246094,45.599395751953125,8.56379508972168,35.80189514160156,7.582346439361572,19.611738204956055,-7.747560024261475,18.03374671936035,-16.753746032714844,23.88248062133789,-11.123388290405273,14.09313678741455,5.638482570648193,10.077363967895508,-14.152289390563965,13.882081985473633,-11.834038734436035,13.455242156982422,-1.4820650815963745,8.858136177062988,-9.080066680908203,11.977640151977539,0.37348565459251404,0.32310429215431213,93.75,133.28643918606411,36.924891222055756,160.18112943333037,0.7757575757575758,holdout_test
EMOVO\rab-f3-l4.wav,f3,l4,angry,rab,,EMOVO,it,2.517333333333333,0.022686518728733063,0.07671595982142858,3183.6494313740327,1328.3779088862357,5056.584821428572,3265.10171461525,20.65833894914056,-422.1877136230469,68.90316009521484,108.85125732421875,38.86879348754883,-71.38554382324219,35.872432708740234,15.995189666748047,25.93509292602539,3.1941678524017334,20.043256759643555,-6.694413661956787,18.054683685302734,-32.9488639831543,18.800302505493164,-25.745466232299805,16.500473022460938,1.684064269065857,10.755836486816406,-22.312183380126953,11.694419860839844,-14.225125312805176,11.846407890319824,-1.7415457963943481,11.434867858886719,-14.847546577453613,10.007696151733398,0.27705153822898865,0.31826236844062805,156.25,178.91754762178434,40.49051999439142,165.25986484557657,0.9238095238095239,holdout_test
EMOVO\rab-f3-n1.wav,f3,n1,angry,rab,,EMOVO,it,2.24,0.024040108546614647,0.07101456925675675,3141.1668637534995,1126.607991751366,5363.260135135135,3438.1869470036713,20.375906918235334,-410.9619445800781,77.78106689453125,115.28743743896484,33.49431228637695,-72.03083038330078,39.02806854248047,-2.981826066970825,24.62516975402832,-10.228683471679688,19.68573760986328,-6.858952522277832,20.362178802490234,-22.65443992614746,15.075857162475586,-18.74128532409668,15.886998176574707,4.897998809814453,10.573308944702148,-16.560768127441406,13.533174514770508,-14.789592742919922,11.01557731628418,2.3169360160827637,8.582928657531738,-12.143718719482422,11.468803405761719,0.311136931180954,0.31795594096183777,98.6842105263158,173.28595156961416,32.05510254190274,113.74700381826698,0.9135135135135135,holdout_test
EMOVO\rab-f3-n2.wav,f3,n2,angry,rab,,EMOVO,it,3.2426666666666666,0.02170633152127266,0.10432005957733813,3780.405820386357,2002.43102730954,6420.694694244605,3564.5394884513858,20.071376208328946,-428.93389892578125,82.01737213134766,97.19415283203125,46.683387756347656,-65.52890014648438,46.099449157714844,1.1707961559295654,31.827861785888672,-15.795656204223633,20.49943733215332,-7.026546478271484,22.392810821533203,-19.86414337158203,15.592880249023438,-16.110944747924805,17.353012084960938,0.15675826370716095,10.514985084533691,-22.193660736083984,12.516961097717285,-8.56043815612793,12.195439338684082,2.2345192432403564,8.694013595581055,-14.47226619720459,13.676207542419434,0.3119351267814636,0.3165532946586609,125.0,170.31332468248848,38.82780181958688,157.19785437367773,0.8129496402877698,holdout_test
EMOVO\rab-f3-n3.wav,f3,n3,angry,rab,,EMOVO,it,2.176,0.01653711311519146,0.09502814797794118,3621.089549841568,1790.43652291525,5744.669117647059,3466.044601487634,20.07045455594929,-434.73040771484375,68.5229263305664,105.68881225585938,46.34983825683594,-62.338626861572266,35.27326583862305,21.11642837524414,35.64455795288086,-2.8941166400909424,21.797996520996094,0.42215433716773987,18.699159622192383,-26.82823371887207,21.340621948242188,-22.69704818725586,14.543773651123047,3.6730074882507324,9.082015991210938,-18.351303100585938,13.109204292297363,-7.995321273803711,12.152634620666504,-1.886224389076233,9.306110382080078,-14.092997550964355,9.208584785461426,0.3083542287349701,0.31245869398117065,152.02702702702703,158.86631668698803,27.367751478511646,118.61427806966088,0.8117647058823529,holdout_test
EMOVO\rab-f3-n4.wav,f3,n4,angry,rab,,EMOVO,it,3.1786666666666665,0.020342055708169937,0.10499446964605735,3689.9376632915178,1813.890918942566,5814.852150537635,3326.565760702144,20.202817658113602,-416.6577453613281,78.02918243408203,103.0333480834961,49.45594024658203,-77.44339752197266,43.1889533996582,11.606988906860352,35.395687103271484,-12.082684516906738,21.207143783569336,-6.939207077026367,18.80257225036621,-21.679655075073242,18.71055030822754,-19.465389251708984,14.946282386779785,1.0986982583999634,10.262603759765625,-15.83896541595459,12.495417594909668,-9.139891624450684,11.80154037475586,-1.3983161449432373,9.056164741516113,-17.695899963378906,9.104235649108887,0.339629203081131,0.315712571144104,144.23076923076923,166.5444585272381,32.41779672876362,192.53855154318003,0.7849462365591398,holdout_test
EMOVO\rab-f3-n5.wav,f3,n5,angry,rab,,EMOVO,it,3.008,0.024699971079826355,0.08679153499531835,3414.3097019060174,1053.5610784936127,5603.493679775281,3341.4976447354784,21.11113216618627,-415.71124267578125,73.19493865966797,94.02393341064453,30.1027774810791,-77.74552154541016,41.80860900878906,17.95475959777832,27.508285522460938,-7.5238542556762695,25.242063522338867,-15.988924980163574,17.157087326049805,-36.924034118652344,16.734153747558594,-26.45752716064453,13.946989059448242,7.771852970123291,10.5402250289917,-17.91822052001953,12.328938484191895,-14.583858489990234,11.768115997314453,-4.985188961029053,9.510702133178711,-15.977306365966797,10.172062873840332,0.3032744526863098,0.3175879418849945,160.71428571428572,206.02601381102266,31.268906894134258,168.48057187894213,0.8426966292134831,holdout_test
EMOVO\rab-m1-b1.wav,m1,b1,angry,rab,,EMOVO,it,1.6213333333333333,0.0854056179523468,0.10185685394503546,3325.873221027243,1632.4119470900064,5768.617021276596,2709.7673748488437,18.391578975514182,-209.8042755126953,73.9541015625,140.25648498535156,48.28139877319336,-70.94551849365234,25.12625503540039,47.445064544677734,24.042011260986328,-14.312668800354004,22.63542938232422,15.958294868469238,19.935876846313477,-15.184040069580078,10.960848808288574,-16.71660614013672,15.1226167678833,-2.0451200008392334,14.563855171203613,-5.3483991622924805,8.142626762390137,3.3730480670928955,9.321809768676758,0.5359070301055908,10.231467247009277,-2.4212892055511475,8.409305572509766,0.4908349812030792,0.288246214389801,86.53846153846153,83.9856511589622,12.255571927185503,37.82178830867609,0.3404255319148936,holdout_test
EMOVO\rab-m1-b2.wav,m1,b2,angry,rab,,EMOVO,it,1.8773333333333333,0.08898505568504333,0.09215226958069621,3333.0782510727745,1499.795280501447,5939.181170886076,2681.444358141723,19.20740556171626,-223.20452880859375,57.52605438232422,115.7695541381836,41.34123611450195,-59.1719970703125,23.578001022338867,55.506614685058594,29.0263614654541,0.34291771054267883,19.521133422851562,2.9879069328308105,26.065441131591797,-11.113128662109375,12.120765686035156,-19.30101203918457,14.74797248840332,0.9433495998382568,9.358694076538086,-5.455787181854248,9.995759010314941,0.589615523815155,8.866606712341309,-5.457435131072998,9.596099853515625,-9.399640083312988,9.279850959777832,0.39674079418182373,0.3163984715938568,216.34615384615384,122.69916839200171,26.02942346769991,102.21926193470581,0.5822784810126582,holdout_test
EMOVO\rab-m1-b3.wav,m1,b3,angry,rab,,EMOVO,it,2.048,0.06759211421012878,0.07439554148706896,2781.3568246852683,937.7099199877072,5076.104525862069,2432.115207480489,19.576241582460284,-248.8688201904297,62.702877044677734,150.7146453857422,28.791309356689453,-77.92015075683594,22.071046829223633,34.83827209472656,20.379545211791992,-9.96115493774414,20.994340896606445,-7.052718162536621,22.096147537231445,-12.248125076293945,14.07494831085205,-14.47856616973877,14.199134826660156,-0.1145537793636322,12.137718200683594,-10.998475074768066,10.070648193359375,-3.0536344051361084,9.980937957763672,-0.4308129549026489,10.413898468017578,0.008482133038341999,9.628213882446289,0.3741512894630432,0.30910220742225647,148.02631578947367,113.16829873533665,15.97301968216698,63.5238412094036,0.5747126436781609,holdout_test
EMOVO\rab-m1-d1.wav,m1,d1,angry,rab,,EMOVO,it,1.6213333333333333,0.06619475036859512,0.08147208921370967,2868.93048094266,958.595508399658,5004.662298387097,2448.819056970571,18.498984168951168,-231.86846923828125,64.63111877441406,153.22142028808594,25.96339225769043,-83.90007781982422,21.70962905883789,22.74250602722168,29.527660369873047,-20.64089584350586,16.63448143005371,3.150796890258789,13.151421546936035,-2.2636630535125732,9.49734878540039,-7.20335054397583,14.14523696899414,0.9852166175842285,11.319082260131836,-21.329004287719727,10.532827377319336,-9.700222969055176,9.792867660522461,-1.4903967380523682,6.513735771179199,1.6425532102584839,9.912169456481934,0.346667617559433,0.3011266887187958,81.52173913043478,302.252094732754,239.12477680767276,611.2926592485455,0.5483870967741935,holdout_test
EMOVO\rab-m1-d2.wav,m1,d2,angry,rab,,EMOVO,it,3.584,0.04454776644706726,0.0707864200367647,2734.067289590823,726.4675179265685,5012.522977941177,2572.732490423976,18.49336034249443,-286.2734069824219,86.30863189697266,162.05780029296875,24.01381492614746,-80.1812515258789,35.33063507080078,30.358768463134766,18.960433959960938,-24.907808303833008,21.531110763549805,3.6575965881347656,18.466678619384766,-7.514081001281738,12.095635414123535,-7.260504245758057,12.160574913024902,8.568238258361816,12.86119556427002,-16.075729370117188,10.80124568939209,-6.334654808044434,10.85361385345459,-1.4527037143707275,8.554844856262207,-0.2869913578033447,8.395551681518555,0.4271429479122162,0.2966158390045166,117.1875,109.82780230374681,17.914974390940817,78.62175714340663,0.375,holdout_test
EMOVO\rab-m1-l1.wav,m1,l1,angry,rab,,EMOVO,it,4.629333333333333,0.057000089436769485,0.07605497973815462,2718.0222836965677,950.5849946216518,4854.192643391521,2425.6373158018855,18.810703837791166,-261.0810546875,72.02442169189453,136.34451293945312,32.723636627197266,-58.002071380615234,28.86588478088379,23.71750831604004,25.674428939819336,-0.30205249786376953,19.826629638671875,-2.9033188819885254,18.021514892578125,-7.690293788909912,12.928497314453125,-18.382577896118164,15.153816223144531,-3.1651194095611572,12.31767463684082,-13.30929183959961,9.748030662536621,-4.545497894287109,10.65774154663086,2.9417574405670166,9.943852424621582,-0.27266260981559753,11.000142097473145,0.40470677614212036,0.30019575357437134,86.53846153846153,104.93809211124454,26.005480079333697,108.20202108935149,0.5087281795511222,holdout_test
EMOVO\rab-m1-l2.wav,m1,l2,angry,rab,,EMOVO,it,3.4133333333333336,0.05688677355647087,0.08010534067622951,2801.553003429648,1014.1427201822552,4907.8125,2401.3678588556995,18.42505677778248,-256.3648681640625,63.3936767578125,151.93603515625,32.340003967285156,-79.35567474365234,25.918088912963867,26.23802947998047,24.300209045410156,-10.783947944641113,19.46150779724121,6.953744411468506,17.91997528076172,-5.982540130615234,12.177913665771484,-19.561262130737305,16.8826904296875,-1.7449511289596558,12.409135818481445,-12.598906517028809,10.657720565795898,-3.1820008754730225,9.902820587158203,-0.7743163108825684,8.987361907958984,-0.9346184134483337,8.918232917785645,0.40944477915763855,0.29948174953460693,96.98275862068965,106.33886608622535,20.576257472371974,83.13210275335123,0.32786885245901637,holdout_test
EMOVO\rab-m1-l3.wav,m1,l3,angry,rab,,EMOVO,it,3.562666666666667,0.060962650924921036,0.07505580357142858,2743.3602293795043,881.9910823553533,4815.773809523809,2397.311048000231,18.97446400297056,-269.977294921875,85.33070373535156,135.24468994140625,29.32328224182129,-66.0040054321289,35.48182678222656,29.006786346435547,29.30690574645996,-0.2267175167798996,20.015398025512695,-2.7612719535827637,22.118450164794922,-10.851580619812012,14.649091720581055,-14.763386726379395,16.565034866333008,-1.202800989151001,10.521993637084961,-14.168578147888184,10.063238143920898,-7.689248561859131,10.505314826965332,2.4202136993408203,10.54930591583252,0.07700365036725998,9.66665267944336,0.3946998119354248,0.3023379445075989,106.13207547169812,106.98493461034796,21.815878729265375,73.98777548642715,0.44126984126984126,holdout_test
EMOVO\rab-m1-l4.wav,m1,l4,angry,rab,,EMOVO,it,3.4133333333333336,0.06280761957168579,0.0804089997944079,2908.365855825166,918.5058385955828,5152.8577302631575,2438.752605432865,19.9108937726573,-262.9652099609375,74.7051773071289,134.37872314453125,29.194543838500977,-80.46234130859375,25.575902938842773,36.33665466308594,26.433198928833008,-0.9755232930183411,27.499799728393555,5.228066921234131,18.57146453857422,-8.915627479553223,13.885810852050781,-19.638748168945312,14.298495292663574,-1.8699995279312134,15.52899169921875,-11.89377212524414,13.149209976196289,-6.139558792114258,10.537115097045898,-4.6474928855896,9.080423355102539,-2.9384098052978516,9.937789916992188,0.38441041111946106,0.30806073546409607,140.625,108.41486869794716,20.049341726637053,93.79322479329193,0.6677631578947368,holdout_test
EMOVO\rab-m1-n1.wav,m1,n1,angry,rab,,EMOVO,it,2.538666666666667,0.056466516107320786,0.06670603197674418,2766.2361562140372,700.4367304350858,5268.095930232558,2570.737866864548,19.322219899472156,-263.23992919921875,60.93522644042969,138.5858154296875,24.35940933227539,-61.840816497802734,30.934289932250977,30.397340774536133,22.786422729492188,-7.349242687225342,20.305551528930664,-2.1848838329315186,18.446083068847656,-4.992271423339844,10.911042213439941,-19.299976348876953,13.299131393432617,-5.0273051261901855,11.124502182006836,-18.034276962280273,9.484179496765137,-4.96714448928833,11.601461410522461,0.35942429304122925,7.9596967697143555,-4.363394260406494,8.051507949829102,0.38774988055229187,0.30899831652641296,68.59756097560975,122.0917839056711,35.36631373759015,120.662497973769,0.6651162790697674,holdout_test
EMOVO\rab-m1-n2.wav,m1,n2,angry,rab,,EMOVO,it,3.2,0.05551411211490631,0.10068498387455516,3223.4610895082656,1273.5760838524945,5503.725533807829,2465.407381571795,19.294378217408322,-264.73876953125,67.14814758300781,130.75601196289062,36.97836685180664,-79.49677276611328,30.117877960205078,30.50399398803711,23.884803771972656,-16.069992065429688,22.4644718170166,-8.587485313415527,20.78057098388672,-6.5486836433410645,13.14023494720459,-8.391894340515137,15.355695724487305,3.6622350215911865,13.838004112243652,-19.550687789916992,11.98436164855957,-9.708396911621094,10.413994789123535,2.1181445121765137,7.999389171600342,1.4837559461593628,10.051389694213867,0.3739951252937317,0.30622103810310364,144.23076923076923,142.82911628084594,30.08022365507018,122.82451432502279,0.4234875444839858,holdout_test
EMOVO\rab-m1-n3.wav,m1,n3,angry,rab,,EMOVO,it,2.5813333333333333,0.07264705002307892,0.0912788722826087,3051.440748861253,933.3143764189059,5176.528532608696,2358.7978698899137,20.294876361255483,-248.1190948486328,64.88944244384766,135.79774475097656,30.005090713500977,-100.95621490478516,24.243200302124023,27.06348991394043,25.77234649658203,-14.268399238586426,22.72092628479004,4.4541401863098145,18.809595108032227,-6.538455009460449,13.862039566040039,-11.718061447143555,16.995698928833008,-6.496737480163574,15.403223037719727,-19.82230567932129,12.273664474487305,-9.627416610717773,9.615234375,-3.6998050212860107,7.711958408355713,0.6853636503219604,10.019478797912598,0.34521934390068054,0.3055741488933563,102.27272727272727,194.95015995138425,179.58506152822656,583.5777231853291,0.5217391304347826,holdout_test
EMOVO\rab-m1-n4.wav,m1,n4,angry,rab,,EMOVO,it,4.074666666666666,0.05579812079668045,0.09583951641061453,3164.7937408169555,1110.016374508683,5405.617143854749,2490.4060491034875,19.15998976978415,-277.199951171875,82.00007629394531,128.2374267578125,36.086761474609375,-85.51654052734375,34.08845901489258,30.15555191040039,27.977792739868164,-12.804818153381348,23.385711669921875,5.441028594970703,16.366004943847656,-1.7344578504562378,13.398468971252441,-3.7999861240386963,15.586273193359375,2.6791446208953857,11.602500915527344,-19.117223739624023,11.604409217834473,-9.91751480102539,10.124978065490723,2.0961761474609375,9.806571960449219,3.2115478515625,8.888434410095215,0.3982473909854889,0.3158458471298218,76.01351351351352,154.4899055707088,45.622330927505914,147.09960103831634,0.30446927374301674,holdout_test
EMOVO\rab-m1-n5.wav,m1,n5,angry,rab,,EMOVO,it,6.165333333333334,0.04691179469227791,0.0839755453209765,2998.325154584491,709.2655322228436,5325.99174954792,2595.549221792669,17.945386171603396,-311.65081787109375,115.72697448730469,114.8267822265625,34.53110885620117,-68.02808380126953,41.7308464050293,16.957529067993164,28.9846134185791,2.2014148235321045,24.227216720581055,11.413100242614746,13.271427154541016,-3.301032781600952,13.385478019714355,-10.816719055175781,14.739167213439941,1.5233074426651,9.411595344543457,-10.943021774291992,9.774256706237793,-8.8407621383667,11.437522888183594,-0.39550384879112244,9.767565727233887,2.452333450317383,9.741811752319336,0.4252021014690399,0.3011848032474518,77.05479452054794,131.61316439558186,37.06527233540477,138.6786144019384,0.32730560578661844,holdout_test
EMOVO\rab-m2-b1.wav,m2,b1,angry,rab,,EMOVO,it,3.4133333333333336,0.03225313127040863,0.09272270698051949,3410.1915764692717,1482.031378649148,5827.871347402597,3269.856568053191,16.950939228407403,-324.93695068359375,74.48918151855469,133.87413024902344,49.72823715209961,-66.04569244384766,36.062808990478516,21.68546485900879,26.60744857788086,-11.640275001525879,21.206157684326172,5.447207927703857,16.92673683166504,-15.732843399047852,16.42384147644043,-11.491310119628906,15.107242584228516,-4.5264410972595215,9.590829849243164,-10.263144493103027,10.305357933044434,-2.1949057579040527,8.96075439453125,-6.576385974884033,12.135283470153809,3.5612475872039795,8.826626777648926,0.47217634320259094,0.30041787028312683,152.02702702702703,105.00696567602368,20.348693360546413,70.01949414279113,0.5324675324675324,holdout_test
EMOVO\rab-m2-b2.wav,m2,b2,angry,rab,,EMOVO,it,3.1573333333333333,0.0389237180352211,0.08425021701388889,3445.257588736286,1470.9663534856206,5760.807291666667,3270.4417386518558,18.61178928847114,-349.11920166015625,62.22637939453125,106.98825073242188,48.700740814208984,-63.96451950073242,36.619544982910156,47.669639587402344,28.510738372802734,4.444613456726074,29.025020599365234,8.093477249145508,28.6181583404541,-20.679319381713867,17.049327850341797,-21.497264862060547,15.670391082763672,-1.008330225944519,12.644173622131348,-5.925609111785889,9.027809143066406,-11.323283195495605,7.654648780822754,-25.704710006713867,12.189236640930176,-10.169013977050781,10.523180961608887,0.38548797369003296,0.32892465591430664,125.0,130.15533660115645,30.238023659930047,110.21925367331332,0.7166666666666667,holdout_test
EMOVO\rab-m2-b3.wav,m2,b3,angry,rab,,EMOVO,it,2.7306666666666666,0.04171466827392578,0.05774781050955414,2956.815672432022,688.3893723116156,5640.3761942675155,3326.1108755663104,18.505947689913636,-322.90301513671875,78.90281677246094,133.93458557128906,26.18864631652832,-64.75996398925781,36.42486572265625,21.89153480529785,24.1798095703125,-26.084871292114258,18.134754180908203,-15.479241371154785,20.423513412475586,-9.145359992980957,16.650474548339844,-14.664267539978027,11.901392936706543,-12.13538646697998,11.818253517150879,-3.787152051925659,9.988750457763672,-4.311385154724121,8.59053897857666,-18.966894149780273,9.913595199584961,0.0682574212551117,8.82338809967041,0.33374908566474915,0.31430619955062866,140.625,147.28044498148222,33.87330909219914,126.11473259999764,0.8662420382165605,holdout_test
EMOVO\rab-m2-d1.wav,m2,d1,angry,rab,,EMOVO,it,2.3306666666666667,0.04998886212706566,0.09166620818661972,3450.829549332973,1321.9286648597817,5960.387323943662,3070.5189670940517,18.574699367016585,-291.1764831542969,72.98580169677734,126.06922912597656,49.26791763305664,-81.6108627319336,31.686124801635742,22.448331832885742,29.10885238647461,-29.96650505065918,19.059459686279297,-5.618145942687988,22.747446060180664,-6.553391456604004,13.310758590698242,-9.618231773376465,20.537511825561523,-10.462038040161133,12.903424263000488,-3.106900453567505,10.83840560913086,-1.0358357429504395,9.573976516723633,-19.106508255004883,11.490232467651367,-3.905991315841675,7.425232410430908,0.34880149364471436,0.3057458698749542,86.53846153846153,149.5092704267734,25.016958076933992,95.74792848915848,0.8098591549295775,holdout_test
EMOVO\rab-m2-d2.wav,m2,d2,angry,rab,,EMOVO,it,2.986666666666667,0.046693235635757446,0.06926404332822086,2978.3618427221386,762.3919120142305,5463.381901840491,3204.916804591753,18.740684534501604,-315.12713623046875,76.9690170288086,140.78457641601562,29.330812454223633,-66.164794921875,31.959537506103516,27.76597785949707,25.68287467956543,-22.353219985961914,17.42768096923828,-16.85492706298828,19.39805030822754,-11.647958755493164,17.996721267700195,-13.608233451843262,14.939729690551758,-3.4060020446777344,12.378812789916992,-1.8519891500473022,11.34377670288086,-3.025603771209717,9.550013542175293,-17.200624465942383,11.167248725891113,-2.161986827850342,7.548491954803467,0.3447414040565491,0.31279391050338745,92.21311475409836,141.8936559224072,33.271395212273376,112.185712420501,0.9325153374233128,holdout_test
EMOVO\rab-m2-l1.wav,m2,l1,angry,rab,,EMOVO,it,5.461333333333333,0.02863735519349575,0.0674222809613164,3165.786452474661,1027.607013257073,5809.252309468822,3583.4429309381635,18.19799057107865,-364.2656555175781,78.8401107788086,130.198974609375,32.54929733276367,-55.984928131103516,36.518699645996094,22.710153579711914,22.871206283569336,-10.818131446838379,20.50745391845703,-8.70591926574707,20.8858642578125,-8.457172393798828,18.366636276245117,-12.938335418701172,18.89071273803711,-6.88489294052124,16.63330078125,-6.397257328033447,10.614873886108398,-3.2722342014312744,9.576237678527832,-18.46626091003418,12.953397750854492,-2.488649368286133,9.441125869750977,0.37319064140319824,0.31939104199409485,110.29411764705883,126.05446298198662,27.546113430710164,115.3654778837242,0.812933025404157,holdout_test
EMOVO\rab-m2-l2.wav,m2,l2,angry,rab,,EMOVO,it,4.608,0.03128832206130028,0.06822677466054312,3003.091915598026,959.1092890727804,5350.339456869009,3314.1282312273456,18.4517471118132,-346.1766052246094,70.80122375488281,138.00030517578125,31.249650955200195,-64.2654037475586,37.06058120727539,14.656841278076172,24.86100196838379,-6.311048984527588,24.513404846191406,3.2377641201019287,20.906475067138672,-6.676470756530762,13.895421981811523,-17.11640739440918,22.960126876831055,-5.161481857299805,12.9745454788208,-1.0122472047805786,9.060423851013184,0.7180944085121155,11.112395286560059,-12.213427543640137,11.72221851348877,1.8173662424087524,7.911956787109375,0.37017256021499634,0.3016855716705322,156.25,121.18026704829964,25.72188270278445,104.1087723075499,0.8626198083067093,holdout_test
EMOVO\rab-m2-l3.wav,m2,l3,angry,rab,,EMOVO,it,4.010666666666666,0.03667474165558815,0.0683686755952381,3557.163961601893,1628.8884305511356,6748.511904761905,3699.6876181282973,19.389415129513,-360.13671875,98.88953399658203,114.31604766845703,35.11210250854492,-61.95400619506836,42.80342102050781,24.582712173461914,23.08610725402832,-18.0366268157959,19.101551055908203,-10.237430572509766,22.079811096191406,1.8758903741836548,12.405487060546875,-13.869447708129883,16.8358211517334,-19.179391860961914,15.060131072998047,-8.114163398742676,11.666404724121094,3.6946942806243896,9.226478576660156,-12.121682167053223,11.381823539733887,-4.024597644805908,8.86327075958252,0.33818739652633667,0.3232532739639282,114.79591836734694,166.75603156321444,30.491190898693528,132.868710449233,0.6952380952380952,holdout_test
EMOVO\rab-m2-l4.wav,m2,l4,angry,rab,,EMOVO,it,4.181333333333333,0.03257865458726883,0.06765329923561152,3241.988562401593,1033.3692517916177,5827.338129496403,3454.9206582600705,19.24137562299298,-360.6735534667969,74.36681365966797,117.03866577148438,36.25224304199219,-64.2782974243164,33.21076583862305,23.10313606262207,26.40809440612793,-12.92960262298584,24.05360984802246,-2.1842386722564697,20.472379684448242,1.600890874862671,14.445480346679688,-19.406267166137695,17.491819381713867,-16.78350830078125,15.399874687194824,-9.643811225891113,11.348357200622559,-1.8651211261749268,10.525466918945312,-18.316965103149414,13.091165542602539,-7.0035600662231445,10.217240333557129,0.3312731683254242,0.32701778411865234,96.98275862068965,137.7553537784534,24.253017803389557,116.41267866877695,0.8669064748201439,holdout_test
EMOVO\rab-m2-n1.wav,m2,n1,angry,rab,,EMOVO,it,2.986666666666667,0.046301744878292084,0.0497137331495098,2639.8635064648224,868.2883740336825,5112.82169117647,3246.6248809200547,17.874403299209757,-317.6836853027344,82.1390380859375,145.74749755859375,30.027721405029297,-45.61668014526367,37.384864807128906,19.362260818481445,23.588722229003906,-18.612138748168945,19.847532272338867,-17.434778213500977,24.893957138061523,-11.222064971923828,16.553733825683594,-4.785660266876221,17.07162094116211,-3.3355822563171387,12.635895729064941,-11.097077369689941,11.377809524536133,-7.108400821685791,11.392023086547852,-14.478309631347656,10.402509689331055,-2.8494813442230225,8.24180793762207,0.36690253019332886,0.31713518500328064,72.11538461538461,116.41910058810798,24.60148049247753,96.57598506590816,0.7401960784313726,holdout_test
EMOVO\rab-m2-n2.wav,m2,n2,angry,rab,,EMOVO,it,3.328,0.03864398971199989,0.07478497285798122,3169.2820410096915,1261.1972236908987,5770.2464788732395,3361.304229940401,17.82997151661327,-328.7212829589844,81.50065612792969,134.1691131591797,40.08956527709961,-59.40595626831055,34.99522399902344,23.925941467285156,23.235864639282227,-21.112815856933594,26.922801971435547,-14.975876808166504,18.483192443847656,-16.971309661865234,15.004132270812988,-11.035259246826172,13.011003494262695,0.10967530310153961,13.790006637573242,-11.798627853393555,9.930204391479492,-10.634459495544434,9.655288696289062,-8.931674003601074,8.762344360351562,0.20268574357032776,9.482609748840332,0.3805614113807678,0.3167807459831238,133.92857142857142,126.57305773652823,32.024592680661435,115.3654778837242,0.676056338028169,holdout_test
EMOVO\rab-m2-n3.wav,m2,n3,angry,rab,,EMOVO,it,3.584,0.052508726716041565,0.07442801339285714,3113.7383149807265,848.8127498481997,5565.247252747253,3047.2661797156484,19.379194449259145,-297.97406005859375,61.950897216796875,128.8058624267578,30.955810546875,-76.22303009033203,32.592376708984375,29.384824752807617,25.07099723815918,-17.98614501953125,18.09673309326172,-10.030265808105469,15.15288257598877,-8.424884796142578,12.813653945922852,-16.975643157958984,18.25261688232422,-16.359546661376953,14.286733627319336,-11.886292457580566,13.434823989868164,0.9072879552841187,11.042536735534668,-14.651887893676758,11.298663139343262,-4.243650436401367,8.98954963684082,0.31929054856300354,0.31067878007888794,106.13207547169812,145.64300516176422,31.52080663106137,124.76801969995991,0.8901098901098901,holdout_test
EMOVO\rab-m2-n4.wav,m2,n4,angry,rab,,EMOVO,it,4.010666666666666,0.03366345912218094,0.0812411221590909,3389.512790447448,1274.203153912859,5883.309659090909,3425.6099206452186,18.50908446101918,-355.31689453125,84.5145492553711,116.7322998046875,47.56098937988281,-66.6742172241211,39.070159912109375,19.91617202758789,27.691072463989258,-15.15131950378418,19.84189224243164,-8.986346244812012,19.77562141418457,-5.0070414543151855,13.924546241760254,-13.853349685668945,15.492048263549805,-5.7315568923950195,19.02359390258789,-7.2815327644348145,11.98355770111084,-4.487781047821045,9.368988990783691,-12.463601112365723,11.02718734741211,-1.4954404830932617,10.064719200134277,0.3576785922050476,0.3191050887107849,112.5,138.30248305787484,36.757356176105425,126.11473259999764,0.7757575757575758,holdout_test
EMOVO\rab-m2-n5.wav,m2,n5,angry,rab,,EMOVO,it,5.034666666666666,0.05849897861480713,0.07029651094143577,3305.1068104595365,896.9602646771792,6043.096662468514,3443.4512036920423,18.62048599378351,-315.82305908203125,106.63368225097656,105.82357788085938,26.928552627563477,-63.86227798461914,45.26536178588867,24.40385627746582,23.432079315185547,-0.5001475811004639,21.186656951904297,-3.014417886734009,15.702987670898438,-14.274486541748047,14.083428382873535,-26.81809425354004,14.83596420288086,-13.368477821350098,10.439772605895996,-0.45344704389572144,12.150832176208496,1.8761143684387207,9.74205207824707,-14.377002716064453,13.986156463623047,-5.9152021408081055,11.563665390014648,0.3396381437778473,0.3180297017097473,125.0,153.96522433894745,34.218307391137714,134.0130184645796,0.8614609571788413,holdout_test
EMOVO\rab-m3-b1.wav,m3,b1,angry,rab,,EMOVO,it,2.6453333333333333,0.03940857574343681,0.08443961466165413,3216.4187548432237,2097.963832377728,5626.585996240601,3221.5243014321577,17.039629585797684,-332.7559509277344,88.95488739013672,148.31503295898438,65.49404907226562,-29.68126678466797,32.328372955322266,48.001094818115234,27.510162353515625,-5.440715312957764,31.270702362060547,13.336901664733887,13.480767250061035,-8.896306991577148,17.423593521118164,-2.5995421409606934,10.02363109588623,0.02938297763466835,14.966804504394531,-16.257375717163086,13.61881160736084,1.5335372686386108,11.456330299377441,1.4268839359283447,8.454118728637695,-3.115940570831299,10.145180702209473,0.48031654953956604,0.29174837470054626,90.7258064516129,73.5505279686155,13.690693634234462,42.703874514827945,0.2932330827067669,holdout_test
EMOVO\rab-m3-b2.wav,m3,b2,angry,rab,,EMOVO,it,2.56,0.011091855354607105,0.06797640931372549,3430.4263858971294,1823.8342894172433,6392.156862745098,3950.0909714755,17.101536145174382,-469.2752380371094,66.9902114868164,113.52201843261719,59.19293975830078,-12.317180633544922,30.606704711914062,63.23348617553711,34.42838668823242,16.6771183013916,32.34038162231445,5.650102138519287,17.38524627685547,-0.4455997347831726,11.17225170135498,4.371962070465088,11.801956176757812,11.563738822937012,10.720709800720215,-8.091782569885254,11.108696937561035,0.5632150769233704,11.246652603149414,-3.036604404449463,9.363154411315918,-9.457737922668457,9.40200424194336,0.4502149224281311,0.31078317761421204,75.0,69.55813831151899,7.411899396175548,26.55946158658638,0.6339869281045751,holdout_test
EMOVO\rab-m3-b3.wav,m3,b3,angry,rab,,EMOVO,it,1.8346666666666667,0.010231906548142433,0.054516989087301584,2933.700820644232,1816.7633696088315,5750.558035714285,4012.2146545222413,16.636822360029484,-467.61456298828125,69.82304382324219,152.79110717773438,51.71772003173828,4.481096267700195,29.278757095336914,31.89193344116211,19.300090789794922,7.624868869781494,24.083011627197266,0.8911393880844116,14.362736701965332,-6.688504219055176,15.431649208068848,-2.356597423553467,13.239203453063965,4.390905380249023,13.306056022644043,-6.780245780944824,11.373008728027344,5.105595588684082,10.899542808532715,0.9346411824226379,10.08569622039795,-4.106264114379883,7.801788806915283,0.44786614179611206,0.30509278178215027,156.25,83.5756593563409,18.484814436060624,49.13244545367904,0.38095238095238093,holdout_test
EMOVO\rab-m3-d1.wav,m3,d1,angry,rab,,EMOVO,it,1.8346666666666667,0.012409178540110588,0.08309338756443299,3488.7331584319186,1615.6393783452934,6184.358891752578,3589.515304212564,17.322346360940955,-411.8164978027344,67.47219848632812,133.81077575683594,59.52566909790039,-36.289207458496094,29.164905548095703,37.80593490600586,37.38941192626953,-5.7449164390563965,15.80993938446045,4.4983391761779785,11.825909614562988,-7.913956642150879,14.51429557800293,-0.6071274280548096,13.21478271484375,6.054610252380371,9.295193672180176,-20.519556045532227,13.666481971740723,-6.6501383781433105,12.045648574829102,3.6551854610443115,8.568450927734375,-1.5865604877471924,12.297130584716797,0.4557220935821533,0.2919209897518158,137.1951219512195,75.19622680112654,10.829286862131099,30.35417063742399,0.6701030927835051,holdout_test
EMOVO\rab-m3-d2.wav,m3,d2,angry,rab,,EMOVO,it,1.9626666666666666,0.012350009754300117,0.052901785714285714,2880.70347072893,1114.7420046909103,5645.535714285715,3777.6357098196886,17.503006520591956,-429.9364929199219,74.22200012207031,156.15283203125,35.43535232543945,-21.19335174560547,29.669265747070312,32.66066360473633,26.707983016967773,-1.5611717700958252,20.12907600402832,-0.2631782591342926,18.999507904052734,-2.0470645427703857,12.634407043457031,-7.0943732261657715,11.593679428100586,11.673042297363281,11.339117050170898,-13.491968154907227,14.284628868103027,-6.220522880554199,12.747626304626465,3.62735652923584,10.39332389831543,-6.593912124633789,12.489463806152344,0.4633612334728241,0.28514164686203003,160.71428571428572,66.9866612451671,3.417225968517609,21.900666533101315,0.5619047619047619,holdout_test
EMOVO\rab-m3-l1.wav,m3,l1,angry,rab,,EMOVO,it,4.181333333333333,0.01110962312668562,0.054625901442307695,3040.8534014342927,1956.4856221903397,6229.110576923077,4154.204337583647,16.642528645941972,-469.4166259765625,88.03923797607422,153.0643310546875,46.097381591796875,0.7237834334373474,31.26006507873535,31.69318199157715,27.499561309814453,7.226621627807617,21.803333282470703,-1.5087733268737793,18.788551330566406,-5.976827621459961,12.269170761108398,1.239911675453186,12.965315818786621,9.853128433227539,10.609429359436035,-13.49773120880127,13.979963302612305,-0.8294184803962708,11.896592140197754,0.6320171356201172,11.090752601623535,-3.2050087451934814,10.629962921142578,0.45561638474464417,0.30268776416778564,106.13207547169812,76.345079825956,9.73447672968214,31.466854770426664,0.28923076923076924,holdout_test
EMOVO\rab-m3-l2.wav,m3,l2,angry,rab,,EMOVO,it,3.6266666666666665,0.00853000208735466,0.06097250069137168,3201.0130304272957,1637.6109183049884,6001.659292035398,4060.221041925185,16.07487485427462,-461.164794921875,72.4124526977539,139.1053009033203,50.89749526977539,-9.121905326843262,33.793792724609375,38.73197937011719,29.828472137451172,9.484077453613281,23.762493133544922,7.639634609222412,16.522743225097656,-4.360134124755859,15.415364265441895,-3.4343254566192627,11.81148624420166,5.922278881072998,10.057833671569824,-14.883992195129395,11.714044570922852,-1.185647964477539,11.113859176635742,2.0002052783966064,8.498509407043457,-1.8403911590576172,12.610535621643066,0.4702277183532715,0.29817020893096924,117.1875,70.91202159410082,8.01585361067832,23.42676702285496,0.14601769911504425,holdout_test
EMOVO\rab-m3-l3.wav,m3,l3,angry,rab,,EMOVO,it,3.7973333333333334,0.00909932516515255,0.11587275752314814,4842.854997227404,4160.851166901074,8732.204861111111,4673.872208080081,15.761963575698795,-517.7200927734375,136.23118591308594,121.19124603271484,70.56501770019531,1.4344247579574585,34.642974853515625,29.421613693237305,30.152820587158203,7.437016010284424,18.763919830322266,0.24152323603630066,16.098812103271484,-1.7970610857009888,14.364019393920898,0.9327989220619202,12.270398139953613,7.435007095336914,9.823115348815918,-8.268861770629883,14.578490257263184,3.2789740562438965,9.112659454345703,0.5666302442550659,8.18952465057373,-2.509723663330078,11.274219512939453,0.5028594136238098,0.2891397178173065,137.1951219512195,70.26675216029918,5.883590492458032,19.415204072287082,0.3148148148148148,holdout_test
EMOVO\rab-m3-l4.wav,m3,l4,angry,rab,,EMOVO,it,2.9013333333333335,0.01703731156885624,0.05658667127071823,2929.979862523532,1479.9517665389083,5644.034875690608,3683.1916022517785,17.588741568553456,-428.9344787597656,81.3268051147461,148.98500061035156,45.7935905456543,-28.528331756591797,29.476335525512695,31.289464950561523,31.101848602294922,9.697037696838379,24.094257354736328,6.348280906677246,16.95073127746582,-9.180890083312988,16.65188217163086,-4.218243598937988,10.92247200012207,5.395646572113037,10.979223251342773,-20.202970504760742,14.74434757232666,-3.9582855701446533,14.592571258544922,0.16218069195747375,10.073384284973145,-7.802737236022949,11.327037811279297,0.4216257929801941,0.30949273705482483,119.68085106382979,75.7773105814631,13.535674394846842,45.87174710806181,0.6519337016574586,holdout_test
EMOVO\rab-m3-n1.wav,m3,n1,angry,rab,,EMOVO,it,2.304,0.016727084293961525,0.053662109375,2761.1839193718647,1325.837480480293,5451.40625,3579.9431034876197,17.49359610327886,-408.4111022949219,77.2452621459961,164.33836364746094,40.74028778076172,-22.961231231689453,28.03929901123047,26.704021453857422,28.520402908325195,-5.216753005981445,23.769914627075195,2.6942851543426514,22.05875587463379,-7.321220874786377,17.845565795898438,-4.36111307144165,12.864069938659668,6.539778232574463,11.532536506652832,-10.809855461120605,13.115281105041504,-1.4741381406784058,12.744867324829102,-5.148873805999756,9.0311918258667,1.5271695852279663,7.426452159881592,0.47671109437942505,0.2860763967037201,100.44642857142857,69.9919322944687,6.204433222168903,24.45895860311083,0.3933333333333333,holdout_test
EMOVO\rab-m3-n2.wav,m3,n2,angry,rab,,EMOVO,it,2.7733333333333334,0.016255881637334824,0.08056367842178772,3270.1107220278022,1806.8029067643465,5858.196578212291,3421.561523303536,17.55995405983912,-402.0640563964844,65.44792175292969,141.5653533935547,61.62409591674805,-30.785192489624023,31.312833786010742,45.0434455871582,32.915645599365234,-13.293954849243164,26.330646514892578,-8.621670722961426,17.476043701171875,-6.574085235595703,12.503630638122559,4.122354507446289,14.252095222473145,9.723368644714355,11.022459983825684,-16.656105041503906,13.764403343200684,-5.200214862823486,12.73575210571289,-1.2279974222183228,8.766571044921875,-4.122157096862793,9.893145561218262,0.4322357773780823,0.30105161666870117,144.23076923076923,71.10390454670798,5.518799542218508,17.477876155952018,0.3743016759776536,holdout_test
EMOVO\rab-m3-n3.wav,m3,n3,angry,rab,,EMOVO,it,2.6026666666666665,0.009501976892352104,0.06595030525662252,3214.220902474084,1417.6310154514956,5739.548841059603,3807.546914024519,17.33700232384773,-447.6553649902344,73.373046875,140.63731384277344,48.59960174560547,-29.829988479614258,28.289655685424805,33.292171478271484,30.36441421508789,18.9672794342041,27.790647506713867,11.94487476348877,17.329151153564453,-9.108255386352539,15.142749786376953,-10.069037437438965,12.242773056030273,7.14481258392334,9.049299240112305,-17.876256942749023,13.847762107849121,-3.8698277473449707,10.398005485534668,7.743254661560059,13.404568672180176,-1.4498732089996338,11.572237968444824,0.46425899863243103,0.29844900965690613,130.8139534883721,65.76192945538173,1.5671470931758673,8.435096327764825,0.18543046357615894,holdout_test
EMOVO\rab-m3-n4.wav,m3,n4,angry,rab,,EMOVO,it,3.6693333333333333,0.01119434367865324,0.07543247767857143,3296.7005531152663,1598.1410670312853,5882.429846938776,3714.043552150486,17.74548071813461,-440.0279846191406,79.24626159667969,135.996826171875,53.20552444458008,-30.28181266784668,37.814632415771484,40.137413024902344,31.86833953857422,15.990385055541992,27.820709228515625,6.410849571228027,12.382022857666016,-12.873372077941895,14.330301284790039,-7.955147743225098,13.256004333496094,14.729342460632324,11.676753044128418,-14.521463394165039,15.018417358398438,-8.295533180236816,8.365166664123535,7.456264019012451,8.728658676147461,-3.1830356121063232,12.583789825439453,0.44348591566085815,0.29617995023727417,144.23076923076923,69.26631370574945,5.824702085662036,25.503143671813632,0.40408163265306124,holdout_test
EMOVO\rab-m3-n5.wav,m3,n5,angry,rab,,EMOVO,it,3.541333333333333,0.008429406210780144,0.0616421568627451,3364.004695472479,1639.5939585254173,6407.261029411765,4197.108383550849,17.355163791255396,-479.8316650390625,78.02173614501953,128.08233642578125,47.279239654541016,-9.726885795593262,40.04403305053711,46.624786376953125,31.783931732177734,24.113731384277344,26.03491973876953,10.36768913269043,18.06383514404297,-11.175150871276855,16.5592041015625,-10.418143272399902,9.540782928466797,11.20959186553955,12.329437255859375,-12.79884147644043,12.311697006225586,-2.19087290763855,9.761080741882324,5.656215667724609,7.624090194702148,-9.387179374694824,10.03522777557373,0.4329637587070465,0.2943568527698517,104.16666666666667,80.74094912642225,15.584354651251433,51.80966385398361,0.2235294117647059,holdout_test
EMOVO\tri-f1-b1.wav,f1,b1,sad,tri,,EMOVO,it,2.3893333333333335,0.01362859457731247,0.11664703602099237,4482.789520881608,2713.234155182679,8122.614503816794,4223.942938882831,15.608929254203296,-426.9573669433594,96.58211517333984,110.73165893554688,66.972900390625,-7.888453006744385,29.4936580657959,33.51588439941406,30.582134246826172,0.18131914734840393,26.945537567138672,24.541114807128906,15.438911437988281,-18.468338012695312,17.926971435546875,-5.8165764808654785,12.780829429626465,0.4128449559211731,11.320913314819336,0.3907824754714966,10.729992866516113,8.22465991973877,12.229816436767578,-4.516891956329346,8.298416137695312,-4.155052661895752,10.911078453063965,0.5173811316490173,0.2958281338214874,114.79591836734694,97.1504097392488,15.008464021292863,51.80966385398361,0.32061068702290074,holdout_test
EMOVO\tri-f1-b2.wav,f1,b2,sad,tri,,EMOVO,it,2.9013333333333335,0.0186928641051054,0.08723855320411393,3800.2471760365725,2199.8100617406517,6675.979034810127,3906.382318197064,16.99253929716087,-422.6855163574219,65.19058227539062,104.05225372314453,50.588375091552734,-15.366223335266113,25.57164764404297,61.45144271850586,31.58842658996582,16.06599235534668,30.520450592041016,12.656158447265625,16.977502822875977,-22.35565948486328,14.811448097229004,-2.2234184741973877,8.528765678405762,11.508920669555664,10.663626670837402,0.006137847900390625,11.835145950317383,-3.631849765777588,9.724262237548828,-13.810050964355469,10.486597061157227,-3.670487880706787,12.450313568115234,0.4205476641654968,0.3174044191837311,137.1951219512195,103.09536788287946,15.211100199330836,70.06253569486016,0.689873417721519,holdout_test
EMOVO\tri-f1-b3.wav,f1,b3,sad,tri,,EMOVO,it,2.24,0.013414573855698109,0.0672716864224138,3632.164795509741,2138.30847202821,6908.566810344828,4357.777221558256,16.19350720037386,-449.9925537109375,81.98576354980469,121.32367706298828,44.596168518066406,-2.8818111419677734,33.448612213134766,37.776512145996094,20.145994186401367,16.64220428466797,20.24001693725586,16.446632385253906,19.78418731689453,-14.356623649597168,12.727320671081543,-1.956457257270813,11.412830352783203,5.732753753662109,18.309635162353516,1.8495961427688599,12.926090240478516,4.412965297698975,10.521462440490723,-7.959516525268555,11.38284969329834,-3.452028512954712,6.944758892059326,0.4613945484161377,0.3201005160808563,117.1875,94.48214709745746,9.171318635111573,39.63490290007404,0.5724137931034483,holdout_test
EMOVO\tri-f1-d1.wav,f1,d1,sad,tri,,EMOVO,it,1.9626666666666666,0.01960710436105728,0.10483022836538461,3738.258234491639,2532.377595390197,6132.962740384615,3716.4828464031025,15.497690782422554,-396.1499328613281,67.88847351074219,131.20852661132812,67.60114288330078,-2.632490873336792,22.197216033935547,38.570621490478516,35.54852294921875,-13.871702194213867,22.650890350341797,0.4461323618888855,20.444982528686523,-13.35849666595459,15.141703605651855,18.66034698486328,13.101753234863281,6.142980098724365,10.378719329833984,-13.670037269592285,10.470951080322266,-1.7810744047164917,8.618011474609375,0.685828447341919,7.2618889808654785,-2.854649066925049,8.163283348083496,0.4761069416999817,0.30460697412490845,130.8139534883721,98.56337825381887,13.60606498823648,57.39659067094742,0.5096153846153846,holdout_test
EMOVO\tri-f1-d2.wav,f1,d2,sad,tri,,EMOVO,it,1.9626666666666666,0.02052777260541916,0.04756934489678899,2842.058473909018,1632.9688411209218,6041.499426605505,4060.4866327217296,15.891162980927442,-434.8875427246094,82.4264907836914,153.0504913330078,41.304786682128906,10.112854957580566,20.573579788208008,30.690034866333008,26.596452713012695,-5.0462965965271,24.340028762817383,-8.854799270629883,18.219602584838867,-8.454075813293457,14.752618789672852,18.230194091796875,14.642937660217285,3.9416515827178955,10.48345947265625,-19.068073272705078,12.110148429870605,1.4168708324432373,8.55504035949707,-2.5056629180908203,9.598468780517578,-6.309481143951416,9.894963264465332,0.4594297707080841,0.32481512427330017,208.33333333333334,101.83132784419257,9.846216946250768,46.92042780597119,0.5504587155963303,holdout_test
EMOVO\tri-f1-l1.wav,f1,l1,sad,tri,,EMOVO,it,6.144,0.01205039955675602,0.0853455682544757,4670.673686936832,3405.737595332535,9108.615728900255,4867.567649861825,15.063758776569518,-488.2756652832031,122.39237213134766,112.7393798828125,62.991695404052734,6.82606840133667,26.280298233032227,34.39931869506836,26.962413787841797,15.916460990905762,21.009057998657227,9.448509216308594,15.584698677062988,-12.30884075164795,17.639169692993164,1.0597907304763794,11.554901123046875,7.530092239379883,9.274165153503418,0.6682698130607605,10.183723449707031,-0.629913866519928,9.615057945251465,-5.670864105224609,12.02838134765625,-0.5235567688941956,8.730854988098145,0.5485947132110596,0.2997584640979767,187.5,90.17206448724681,9.773701267092385,53.17164880956439,0.36061381074168797,holdout_test
EMOVO\tri-f1-l2.wav,f1,l2,sad,tri,,EMOVO,it,3.7546666666666666,0.023513885214924812,0.07130533854166667,3132.664847725259,2170.969740926943,5720.1171875,3695.5046601652566,16.574872991814477,-389.47021484375,75.77664184570312,139.10214233398438,56.27369689941406,-5.312366008758545,24.18681526184082,42.91875076293945,30.487911224365234,6.512152194976807,26.402084350585938,6.3949432373046875,20.374202728271484,-23.320886611938477,19.63976287841797,5.664143085479736,11.664928436279297,8.148550033569336,10.756033897399902,-7.315522193908691,10.672842025756836,-2.292200803756714,8.99992847442627,-1.2848817110061646,12.31113338470459,-4.680768966674805,10.578475952148438,0.46217960119247437,0.32013043761253357,112.5,92.5517697138383,9.87827834277133,43.96005529478056,0.5541666666666667,holdout_test
EMOVO\tri-f1-l3.wav,f1,l3,sad,tri,,EMOVO,it,5.376,0.011054658330976963,0.11508815173796791,6217.283137222897,4140.821218803797,11762.554311497326,5564.756478108658,14.377650999374588,-521.8856201171875,125.78765106201172,87.44434356689453,69.20089721679688,10.615946769714355,20.716575622558594,27.544414520263672,24.804670333862305,7.867309093475342,15.753211975097656,0.5836012363433838,14.194511413574219,-2.402383804321289,18.753082275390625,11.649049758911133,11.132070541381836,8.093140602111816,8.760015487670898,-4.833509922027588,12.483505249023438,0.5538476705551147,9.590679168701172,-0.30589115619659424,11.079583168029785,1.8294110298156738,6.7100114822387695,0.6079403758049011,0.2846178710460663,140.625,88.1175611466797,10.35033545606097,48.47275029740186,0.27807486631016043,holdout_test
EMOVO\tri-f1-l4.wav,f1,l4,sad,tri,,EMOVO,it,3.1573333333333333,0.026390904560685158,0.05374114046391753,3081.5355948414435,2113.080478202192,5980.911726804124,3891.999620224376,16.748294524468474,-410.6788024902344,78.96593475341797,130.9817352294922,48.354713439941406,4.1344895362854,19.746112823486328,44.308448791503906,27.106185913085938,4.234512805938721,20.86116600036621,-2.0195086002349854,15.607526779174805,-15.315256118774414,18.900341033935547,15.033914566040039,10.158194541931152,2.0182044506073,10.755166053771973,-18.285856246948242,12.836440086364746,2.8111484050750732,7.756920337677002,-5.164759635925293,13.550877571105957,-5.840741157531738,9.519608497619629,0.4225043058395386,0.343205988407135,193.9655172413793,102.79556781922307,10.65547816833509,64.65296513783665,0.6804123711340206,holdout_test
EMOVO\tri-f1-n1.wav,f1,n1,sad,tri,,EMOVO,it,2.56,0.017623521387577057,0.06487482244318182,3288.348358944766,2223.3243721201006,6566.0004058441555,4180.155329277835,15.778803735578148,-438.7372131347656,92.88102722167969,144.0605010986328,53.7070426940918,3.739274740219116,26.72606658935547,31.550933837890625,24.41249656677246,6.3695173263549805,21.611919403076172,-7.676684856414795,21.502960205078125,-18.449298858642578,17.73757553100586,11.965450286865234,10.797445297241211,10.675589561462402,9.47415542602539,-9.297686576843262,12.945180892944336,-1.2441048622131348,9.05495834350586,-4.046562671661377,11.152398109436035,-6.866646766662598,9.2808198928833,0.48223188519477844,0.30510714650154114,96.98275862068965,91.90682275774866,12.219028851823873,56.47314179470405,0.564935064935065,holdout_test
EMOVO\tri-f1-n2.wav,f1,n2,sad,tri,,EMOVO,it,3.072,0.017678463831543922,0.10301994554924243,3804.432349796322,2727.4458034164263,6716.264204545455,3896.676427049962,15.791609491557415,-414.705322265625,78.45587158203125,126.07106018066406,68.56233215332031,0.5275012850761414,25.670724868774414,44.87336349487305,29.05990219116211,1.199263095855713,29.025941848754883,4.185295581817627,19.492483139038086,-19.703733444213867,14.250006675720215,13.733545303344727,11.462549209594727,10.647334098815918,7.751907825469971,-11.92796516418457,13.20945930480957,-4.222388744354248,9.861824989318848,0.05356016010046005,8.062552452087402,-2.002208709716797,8.539253234863281,0.4932754337787628,0.2990921437740326,119.68085106382979,91.02218424985924,9.85480063970911,54.549459268028684,0.5,holdout_test
EMOVO\tri-f1-n3.wav,f1,n3,sad,tri,,EMOVO,it,3.2426666666666666,0.013866509310901165,0.0682093608810241,3703.1827798046816,2360.627091546845,7262.660015060241,4434.020445243397,15.445575528204424,-458.40228271484375,98.65763854980469,124.87643432617188,51.8004035949707,9.12303352355957,27.196552276611328,41.753746032714844,29.24151611328125,4.97886323928833,28.544130325317383,-3.5457358360290527,16.1943359375,-9.701313018798828,17.071943283081055,17.873157501220703,12.466858863830566,6.0248565673828125,12.65485668182373,-11.539340019226074,12.385361671447754,3.9674324989318848,8.579215049743652,0.10195145756006241,10.26750373840332,-3.3822245597839355,8.927772521972656,0.5034527778625488,0.3220963180065155,110.29411764705883,92.05785981860623,9.759798322257788,58.779693203524786,0.5602409638554217,holdout_test
EMOVO\tri-f1-n4.wav,f1,n4,sad,tri,,EMOVO,it,4.266666666666667,0.01867920532822609,0.07161869641245487,3247.4511050741066,2330.099292354914,5883.320171480144,3877.1839850222455,15.541526643049854,-437.09429931640625,89.11831665039062,131.91925048828125,56.85524368286133,8.769165992736816,34.607852935791016,50.279029846191406,33.942867279052734,-0.8071844577789307,22.37909507751465,-2.782417058944702,19.4663028717041,-3.4362752437591553,14.874520301818848,14.400411605834961,11.450613021850586,-0.3417827785015106,13.902047157287598,-13.718340873718262,10.221338272094727,2.157818078994751,10.601595878601074,-4.1583380699157715,12.49206829071045,-5.855570316314697,10.400298118591309,0.4599093794822693,0.31996384263038635,100.44642857142857,93.79507731189466,12.287246326102526,93.61358921814364,0.555956678700361,holdout_test
EMOVO\tri-f1-n5.wav,f1,n5,sad,tri,,EMOVO,it,4.864,0.01710389368236065,0.057185581752232144,3351.47000186537,1935.0815810879665,6898.786272321428,4331.459198751114,17.07227820486445,-458.22125244140625,92.99131774902344,120.90612030029297,41.09934997558594,7.560448169708252,32.93482208251953,57.067718505859375,31.259864807128906,16.014877319335938,24.114925384521484,-4.7803730964660645,14.923572540283203,-19.387876510620117,18.36602020263672,8.337069511413574,11.829221725463867,11.81564998626709,9.089198112487793,-12.084493637084961,9.8696928024292,-3.983421802520752,9.552026748657227,-4.7283196449279785,10.870124816894531,-8.198915481567383,10.051785469055176,0.42070698738098145,0.3272283971309662,152.02702702702703,94.15006489403703,9.264417804957551,62.43253963931954,0.6458333333333334,holdout_test
EMOVO\tri-f2-b1.wav,f2,b1,sad,tri,,EMOVO,it,2.816,0.03210518881678581,0.05196801429372197,1936.6136862756655,2424.674177479887,3361.547085201794,1853.2131710816363,16.66032154002978,-474.318115234375,148.44871520996094,88.83800506591797,82.91461181640625,-14.129935264587402,30.58116912841797,18.9038028717041,21.51141929626465,-0.7763825058937073,18.203752517700195,2.6002254486083984,11.03396224975586,-9.072225570678711,13.023433685302734,-11.455642700195312,13.943246841430664,0.9062714576721191,7.839829444885254,-5.8194379806518555,8.496075630187988,-0.8603440523147583,8.36626148223877,-1.7199456691741943,6.05798864364624,-9.279494285583496,10.910859107971191,0.22683784365653992,0.3124045729637146,144.23076923076923,110.25923520310474,10.736168465301212,44.011236964061425,0.484304932735426,holdout_test
EMOVO\tri-f2-b2.wav,f2,b2,sad,tri,,EMOVO,it,2.688,0.040634363889694214,0.0704132564484127,2607.3484673656176,2487.806460016574,4551.463293650793,2568.8330207840663,17.76712326040966,-417.69097900390625,106.84623718261719,118.64202880859375,68.8988265991211,-13.336560249328613,25.367277145385742,42.4411506652832,32.10173416137695,-0.6141384840011597,24.346691131591797,8.465720176696777,17.62682342529297,-9.762717247009277,13.196261405944824,-14.370404243469238,15.725646018981934,5.251694679260254,7.0846476554870605,-10.071885108947754,9.845100402832031,-6.458980560302734,9.40823745727539,-5.228641033172607,9.251114845275879,-12.00347900390625,8.870283126831055,0.32496532797813416,0.3350841999053955,130.8139534883721,105.34135307417286,8.024767350523508,32.18729199920246,0.708994708994709,holdout_test
EMOVO\tri-f2-b3.wav,f2,b3,sad,tri,,EMOVO,it,2.005333333333333,0.04462013766169548,0.050118328010948905,1953.2306780647737,1501.4886157177139,3376.1975364963505,2342.576213636292,18.755759198156646,-377.85784912109375,63.69241714477539,165.42840576171875,43.54692077636719,-19.25906753540039,27.088144302368164,18.369869232177734,20.609046936035156,-1.0647257566452026,16.353322982788086,6.41624641418457,16.238035202026367,-10.011634826660156,12.931678771972656,-22.078777313232422,13.811643600463867,1.3649699687957764,10.990616798400879,-6.091237545013428,8.3064603805542,-3.487103223800659,13.424721717834473,-3.503999948501587,7.843138694763184,-11.514970779418945,8.71192741394043,0.364139199256897,0.32952678203582764,106.13207547169812,105.69315312413639,10.10193319205954,62.59242530848209,0.8248175182481752,holdout_test
EMOVO\tri-f2-d1.wav,f2,d1,sad,tri,,EMOVO,it,1.4506666666666668,0.04019903764128685,0.08067276454207921,2703.73469144306,2097.9962505975723,4673.8087871287125,2694.8913662163127,17.626720615823334,-365.2038269042969,65.91226959228516,152.4625701904297,55.47188949584961,-18.841705322265625,29.53296661376953,34.30653762817383,28.063230514526367,-15.157089233398438,17.4484806060791,8.020792007446289,14.260269165039062,-7.206056118011475,12.936261177062988,-17.09197425842285,14.70939826965332,1.2475128173828125,9.0746431350708,-10.88776683807373,8.564210891723633,1.5694324970245361,10.346375465393066,1.220600962638855,7.557023048400879,-8.059446334838867,7.050900459289551,0.40158918499946594,0.3233022391796112,71.20253164556962,107.32774495149023,14.665472179273626,61.34758615732551,0.7029702970297029,holdout_test
EMOVO\tri-f2-d2.wav,f2,d2,sad,tri,,EMOVO,it,1.792,0.03664117678999901,0.04641311233108108,2096.962820951238,1410.7624369419314,3952.7027027027025,2681.413744125915,17.656763996763317,-411.81890869140625,79.38807678222656,158.61497497558594,43.873558044433594,-9.189690589904785,26.6649112701416,34.268863677978516,23.93461799621582,0.29711398482322693,22.187959671020508,4.079005718231201,11.30065631866455,-7.1165876388549805,12.044984817504883,-17.567716598510742,13.891007423400879,2.628452777862549,9.441859245300293,-12.288877487182617,9.22028923034668,-3.9857211112976074,10.266382217407227,-0.5880160927772522,8.832586288452148,-11.670342445373535,8.658696174621582,0.3723307251930237,0.33262693881988525,130.8139534883721,104.53979102516804,8.969689816455547,49.29213400815553,0.8018018018018018,holdout_test
EMOVO\tri-f2-l1.wav,f2,l1,sad,tri,,EMOVO,it,6.912,0.027041608467698097,0.031772072339965395,1413.433545192743,1907.4620891102925,2516.9766435986157,1610.7077055370573,15.757054289018328,-498.8077392578125,142.71621704101562,88.72442626953125,84.83828735351562,-7.121053218841553,22.831777572631836,18.7186222076416,24.98394203186035,1.3976246118545532,15.64171028137207,2.8366050720214844,10.139359474182129,-3.323047399520874,10.363987922668457,-9.698348999023438,13.718009948730469,0.40473371744155884,6.946163654327393,-6.857779026031494,9.17640209197998,-2.3344318866729736,9.571887969970703,-0.25778302550315857,5.96211576461792,-7.8276047706604,9.182860374450684,0.21302375197410583,0.30970996618270874,100.44642857142857,105.26085051201633,9.411937254538765,47.23751443428638,0.4671280276816609,holdout_test
EMOVO\tri-f2-l2.wav,f2,l2,sad,tri,,EMOVO,it,3.7973333333333334,0.049052733927965164,0.04339685574383803,1855.7204207574107,1691.564619248916,3338.8534330985917,2297.885430249949,18.100542221018348,-399.4327697753906,95.20741271972656,147.33018493652344,63.249366760253906,-5.259030342102051,26.394121170043945,22.887908935546875,22.990432739257812,1.022670030593872,17.945844650268555,3.7333972454071045,13.934407234191895,-5.78992223739624,12.55422306060791,-17.810739517211914,13.590888023376465,-1.6407456398010254,7.724908351898193,-10.57960033416748,9.45270824432373,-4.107723712921143,11.163727760314941,1.1371674537658691,8.520682334899902,-11.716979026794434,9.854393005371094,0.3411593735218048,0.3325168490409851,83.95522388059702,104.43073299338766,9.634970901634984,58.46466283917759,0.7816901408450704,holdout_test
EMOVO\tri-f2-l3.wav,f2,l3,sad,tri,,EMOVO,it,2.944,0.04774077981710434,0.039522316423766815,1846.3857396655314,1419.5691210542186,3129.4843049327355,2404.4870850299158,19.073238776704773,-397.91455078125,72.58653259277344,157.30572509765625,42.085914611816406,-6.026220321655273,30.735355377197266,31.952415466308594,29.103391647338867,-3.3344879150390625,19.670278549194336,1.8182176351547241,13.042049407958984,-2.285065174102783,14.63976001739502,-19.208852767944336,13.664141654968262,1.7256163358688354,8.703824996948242,-9.188822746276855,9.669970512390137,-6.651346206665039,11.420722961425781,-1.3788539171218872,6.823129653930664,-14.662108421325684,8.550326347351074,0.3275696635246277,0.33397457003593445,92.21311475409836,105.29198690289336,10.524714739192508,59.55348363551914,0.8789237668161435,holdout_test
EMOVO\tri-f2-l4.wav,f2,l4,sad,tri,,EMOVO,it,2.7306666666666666,0.05470128357410431,0.038940972222222224,1955.2384855632956,1528.854107696727,3723.0208333333335,2499.422960202472,18.99050993877332,-396.29388427734375,86.50927734375,147.37277221679688,50.6225700378418,-14.31688117980957,26.489870071411133,34.9179801940918,23.800861358642578,12.656825065612793,18.64476776123047,2.551788091659546,11.552545547485352,-10.027838706970215,13.078786849975586,-20.761350631713867,13.329328536987305,0.020744290202856064,9.814239501953125,-11.013758659362793,11.762243270874023,-6.251149654388428,11.693561553955078,-3.11515212059021,6.72731351852417,-15.680561065673828,9.306977272033691,0.33827975392341614,0.34291261434555054,187.5,107.99464837343322,8.56215280513546,47.19223507912966,0.8622222222222222,holdout_test
EMOVO\tri-f2-n1.wav,f2,n1,sad,tri,,EMOVO,it,2.517333333333333,0.04353451356291771,0.036858414804469275,1872.838229555828,1677.8425510462077,3600.209497206704,2225.8175543321313,17.072310786579386,-420.07366943359375,128.55758666992188,130.0664520263672,75.73369598388672,-16.455198287963867,25.222782135009766,15.7876615524292,22.120874404907227,3.4776554107666016,16.298295974731445,4.356323719024658,11.48698616027832,-4.225891590118408,11.970611572265625,-12.499320983886719,14.30586051940918,0.5656502842903137,9.014082908630371,-6.523299694061279,10.03953742980957,-1.1328938007354736,11.155418395996094,-0.6823827624320984,5.71268367767334,-10.74898910522461,10.274559020996094,0.33018308877944946,0.33803337812423706,140.625,109.7156027800786,9.393015068432083,55.15721066924064,0.659217877094972,holdout_test
EMOVO\tri-f2-n2.wav,f2,n2,sad,tri,,EMOVO,it,3.6266666666666665,0.03357124328613281,0.07083079853995902,2609.2051874543654,2445.573014677145,4558.401639344263,2419.281944435628,16.361348307920043,-447.2252197265625,132.7710418701172,110.86017608642578,81.00177001953125,-16.277095794677734,30.43385887145996,29.956363677978516,28.294897079467773,-4.367920875549316,23.411306381225586,6.67647647857666,14.845194816589355,-3.8609375953674316,10.487436294555664,-12.306889533996582,12.840712547302246,1.061759114265442,8.408609390258789,-8.299412727355957,10.152719497680664,0.42242681980133057,10.316608428955078,0.440034419298172,7.566856384277344,-7.722032070159912,9.627904891967773,0.35474342107772827,0.33932527899742126,87.890625,103.48030558098519,8.281232944595969,45.832105772664434,0.5040983606557377,holdout_test
EMOVO\tri-f2-n3.wav,f2,n3,sad,tri,,EMOVO,it,2.2613333333333334,0.05124033987522125,0.056204880340189875,2096.599025031933,1764.0700839585943,3628.5106803797466,2454.4698122978743,18.80804171918503,-376.3428955078125,66.12837219238281,152.95782470703125,49.013755798339844,-11.929435729980469,25.47787857055664,30.261594772338867,22.57805061340332,2.842566728591919,21.502214431762695,6.358643531799316,12.999382019042969,-8.195942878723145,13.737251281738281,-19.835702896118164,12.877013206481934,-0.12937802076339722,9.870163917541504,-12.1781587600708,10.35212516784668,-2.4481089115142822,10.293657302856445,1.6508948802947998,7.7536492347717285,-12.856179237365723,8.770623207092285,0.3447771966457367,0.3314741551876068,165.44117647058823,106.4970738748954,8.506132768536292,40.33874824960755,0.8037974683544303,holdout_test
EMOVO\tri-f2-n4.wav,f2,n4,sad,tri,,EMOVO,it,4.565333333333333,0.03267692029476166,0.0552108439993351,2173.3652446915603,2252.698031714723,3773.250498670213,2201.4738587879037,17.057029013401984,-460.2275085449219,131.67808532714844,102.03903198242188,78.46808624267578,-12.011148452758789,29.36537742614746,27.62611198425293,33.32072067260742,-3.120185613632202,21.203685760498047,4.506532669067383,12.415491104125977,-3.4078385829925537,11.603089332580566,-12.740446090698242,15.689373970031738,0.7019845843315125,8.172962188720703,-9.940428733825684,11.301889419555664,-0.9848207235336304,10.29218578338623,-0.09641115367412567,7.4798383712768555,-12.022991180419922,10.209813117980957,0.2886761426925659,0.33436113595962524,92.21311475409836,103.5334537847922,8.420512666736363,66.92636264388318,0.5797872340425532,holdout_test
EMOVO\tri-f2-n5.wav,f2,n5,sad,tri,,EMOVO,it,5.248,0.03091488964855671,0.040656020220588236,2038.9494819261972,2094.296727850543,3785.5698529411766,2318.6083775418933,16.881608480570584,-472.85992431640625,121.4334716796875,95.80858612060547,74.0447998046875,-1.519905924797058,26.612049102783203,29.776432037353516,31.205806732177734,3.6745169162750244,17.432109832763672,-0.43579086661338806,11.38681411743164,-6.36319637298584,14.090001106262207,-14.332173347473145,14.775257110595703,1.962960124015808,7.679727077484131,-6.21683931350708,10.129261016845703,-2.9146456718444824,9.633890151977539,-2.003636598587036,5.83603048324585,-11.377799987792969,10.566370964050293,0.28671741485595703,0.33553457260131836,170.45454545454547,104.9794525173022,8.254263818901626,51.52852376067675,0.56,holdout_test
EMOVO\tri-f3-b1.wav,f3,b1,sad,tri,,EMOVO,it,1.8346666666666667,0.0060915774665772915,0.10448215432363013,4517.229617245688,2481.5848094819576,8460.455907534246,4885.797183033658,16.12146383383276,-514.6944580078125,68.15636444091797,95.33634948730469,57.685516357421875,9.959259033203125,32.06928253173828,45.18635559082031,23.47252082824707,18.22869873046875,29.575288772583008,12.724851608276367,10.678556442260742,-12.429993629455566,17.74177360534668,-20.24384880065918,15.76453971862793,-2.1602444648742676,9.470572471618652,-8.791034698486328,8.98952579498291,1.112316370010376,12.135719299316406,-2.068735122680664,8.182878494262695,-8.636558532714844,7.75722599029541,0.3847619593143463,0.3101412355899811,104.16666666666667,78.9340650301366,11.817046594896263,55.244356441259185,0.6575342465753424,holdout_test
EMOVO\tri-f3-b2.wav,f3,b2,sad,tri,,EMOVO,it,1.9093333333333333,0.004335284233093262,0.09410537629437869,4864.638845142906,2344.597879440522,9897.281804733728,5504.959334638381,16.3523036095838,-550.862060546875,57.143775939941406,78.93963623046875,42.73526382446289,15.73051929473877,31.80512046813965,55.693260192871094,26.299518585205078,31.66781234741211,23.76523780822754,9.0803861618042,11.925823211669922,-9.891387939453125,12.606240272521973,-6.134822845458984,9.928550720214844,9.233895301818848,10.667925834655762,-8.835004806518555,9.879969596862793,-3.949735164642334,12.285636901855469,-6.7685866355896,9.710186958312988,-10.289938926696777,7.112598419189453,0.39724743366241455,0.3224508762359619,137.1951219512195,87.64693141482607,13.330696504340949,72.38669692350439,0.757396449704142,holdout_test
EMOVO\tri-f3-b3.wav,f3,b3,sad,tri,,EMOVO,it,2.2773333333333334,0.002623530337586999,0.12725830078125,6020.572435261748,3308.884146789355,12368.90625,6273.645339693309,14.644390719074119,-585.9170532226562,73.8791275024414,87.52490234375,48.473106384277344,31.95736312866211,31.423675537109375,24.204286575317383,20.566547393798828,16.08407211303711,17.15422821044922,10.3049898147583,11.19486141204834,-0.3991642892360687,12.812150955200195,-7.644982814788818,14.558513641357422,2.208524703979492,9.671432495117188,-0.984423816204071,9.296262741088867,3.538048505783081,9.688684463500977,0.3994593918323517,7.627350330352783,-8.155851364135742,7.839595794677734,0.5151299834251404,0.3027499318122864,152.02702702702703,78.94139011352708,10.709368324781366,53.17164880956439,0.495,holdout_test
EMOVO\tri-f3-d1.wav,f3,d1,sad,tri,,EMOVO,it,2.2613333333333334,0.0016798333963379264,0.18419884494617225,7936.601627298927,3410.3315980803163,14879.223983253589,6544.1491794863705,13.628612487841455,-611.4320678710938,82.47378540039062,55.5311279296875,48.62952423095703,21.552101135253906,30.101903915405273,28.777799606323242,24.691635131835938,12.346420288085938,15.615073204040527,9.65121841430664,8.086715698242188,8.253273963928223,9.362549781799316,-1.7243061065673828,12.103612899780273,1.6466349363327026,9.673763275146484,-0.48354730010032654,7.926450729370117,10.392412185668945,8.041990280151367,2.180732488632202,8.244595527648926,-6.962642192840576,8.554265022277832,0.604162871837616,0.28237947821617126,156.25,79.51116701929925,11.67329311029653,45.49285173765426,0.2822966507177033,holdout_test
EMOVO\tri-f3-d2.wav,f3,d2,sad,tri,,EMOVO,it,2.432,0.0014162099687382579,0.16943145216557018,8148.30752366943,3369.0830746328006,16091.899671052632,6992.536653838604,13.570173763112686,-631.9558715820312,72.18014526367188,57.17249298095703,43.72399139404297,32.812808990478516,23.065309524536133,26.537508010864258,17.839162826538086,18.877120971679688,16.941993713378906,10.166760444641113,10.110806465148926,6.8883256912231445,11.957819938659668,0.48102661967277527,11.307112693786621,4.647974967956543,7.927450656890869,0.004478789400309324,7.656473636627197,6.373046875,8.800700187683105,2.2360072135925293,8.542439460754395,-4.600266456604004,8.998361587524414,0.6087798476219177,0.2753484845161438,137.1951219512195,79.60963861663046,8.71428963775565,43.330150913668916,0.31140350877192985,holdout_test
EMOVO\tri-f3-l1.wav,f3,l1,sad,tri,,EMOVO,it,5.546666666666667,0.0030474429950118065,0.1307345810091278,6283.2057249534,3463.3706098077955,12696.088995943204,6341.90631551574,14.50426528284244,-589.7427368164062,79.0584716796875,83.36295318603516,46.60256576538086,32.4535026550293,27.616661071777344,30.8096866607666,20.73950958251953,21.286937713623047,18.535930633544922,9.718563079833984,9.484278678894043,-1.219702124595642,13.431203842163086,-6.687154293060303,13.367691040039062,2.1562535762786865,8.617006301879883,-2.9185731410980225,8.789506912231445,2.3477725982666016,8.594755172729492,-0.013287743553519249,8.453624725341797,-6.508530616760254,8.117696762084961,0.526495635509491,0.30771404504776,170.45454545454547,80.00112132212062,13.181534276760784,66.92636264388318,0.539553752535497,holdout_test
EMOVO\tri-f3-l2.wav,f3,l2,sad,tri,,EMOVO,it,4.608,0.0024846543092280626,0.15316309105039266,6675.317648902431,3406.7406981592803,13150.646269633507,6305.098995275322,13.96251869179977,-585.4147338867188,82.29962921142578,77.18896484375,48.375186920166016,27.97113800048828,26.74955940246582,32.314056396484375,22.935436248779297,18.435823440551758,19.678043365478516,11.590571403503418,11.492781639099121,-0.523311197757721,14.104151725769043,-7.384256839752197,13.061254501342773,1.3122128248214722,8.364371299743652,-3.383274555206299,7.359860897064209,4.9021806716918945,10.276643753051758,1.5454182624816895,9.122868537902832,-7.994901657104492,8.166644096374512,0.5610047578811646,0.28308868408203125,122.28260869565217,76.91837224301726,10.407868247414571,43.96005529478056,0.39790575916230364,holdout_test
EMOVO\tri-f3-l3.wav,f3,l3,sad,tri,,EMOVO,it,4.416,0.0018944496987387538,0.1614090119949495,7575.111410344697,3513.2465246289776,14962.772253787878,6798.09707641808,14.043459229159389,-620.7115478515625,76.82579803466797,63.85942840576172,44.538936614990234,31.999374389648438,27.29522132873535,28.954368591308594,19.618297576904297,21.270349502563477,14.31104850769043,8.973434448242188,9.7611083984375,4.785670757293701,13.683687210083008,-0.06949515640735626,11.28031063079834,2.602177858352661,8.225861549377441,-1.9980573654174805,7.960782527923584,4.4605278968811035,8.958809852600098,0.43104469776153564,8.805596351623535,-5.575334548950195,8.92440414428711,0.5625723004341125,0.3009781539440155,130.8139534883721,88.85252758034709,15.40843822471091,63.90387836604731,0.42424242424242425,holdout_test
EMOVO\tri-f3-l4.wav,f3,l4,sad,tri,,EMOVO,it,3.7333333333333334,0.00195492641068995,0.16722155304394812,7396.132866113844,3610.393119997382,14507.744956772334,6713.028776645132,13.689357579761204,-621.0856323242188,71.36051177978516,64.71966552734375,43.90547561645508,36.4484748840332,27.029525756835938,32.62337875366211,17.679641723632812,25.665306091308594,17.436016082763672,14.790621757507324,8.800150871276855,4.1318230628967285,12.69394588470459,-2.8420705795288086,13.514739990234375,3.836594343185425,8.776028633117676,-0.29433703422546387,8.848498344421387,3.186319351196289,7.765746593475342,-1.555251121520996,9.34622573852539,-5.681571006774902,8.356135368347168,0.5490390658378601,0.2900678217411041,110.29411764705883,74.53269177772057,8.559395941720187,49.13244545367904,0.3631123919308357,holdout_test
EMOVO\tri-f3-n1.wav,f3,n1,sad,tri,,EMOVO,it,2.3466666666666667,0.003517536446452141,0.117604716842723,4975.679448682751,2483.955315647859,9802.266725352112,5499.64726726062,15.710856248712236,-547.4273681640625,54.0804443359375,88.28321838378906,52.88145065307617,14.890637397766113,37.57927322387695,36.77058410644531,22.417877197265625,18.959482192993164,23.853755950927734,10.078783988952637,13.625265121459961,-6.05916166305542,14.084723472595215,-9.890893936157227,12.488225936889648,0.4613262116909027,11.029537200927734,-8.509462356567383,8.742903709411621,6.917387962341309,13.33731460571289,0.6531752943992615,8.179900169372559,-13.435420036315918,8.735528945922852,0.4199661910533905,0.3173941671848297,160.71428571428572,77.34199914399811,8.308123751098039,29.802630385526072,0.5868544600938967,holdout_test
EMOVO\tri-f3-n2.wav,f3,n2,sad,tri,,EMOVO,it,2.965333333333333,0.002881143242120743,0.1493445626140511,6032.920939335834,3108.2703563125947,11669.308850364963,5894.647606335528,15.066745968935397,-571.01416015625,69.04315948486328,76.5958480834961,52.88855743408203,17.67801856994629,36.20100784301758,34.021697998046875,22.899641036987305,17.691635131835938,21.461545944213867,9.632466316223145,12.235883712768555,-2.854055404663086,14.10860538482666,-6.154041290283203,13.424778938293457,2.3171377182006836,10.790888786315918,-7.004947185516357,10.128579139709473,7.216269493103027,12.312555313110352,1.686056137084961,7.902287006378174,-12.075152397155762,8.632081031799316,0.48424795269966125,0.324306845664978,160.71428571428572,78.19641990956393,9.35915311025649,42.703874514827945,0.48905109489051096,holdout_test
EMOVO\tri-f3-n3.wav,f3,n3,sad,tri,,EMOVO,it,2.752,0.0018685883842408657,0.1653891866521318,7237.905475145451,3474.0447948321753,14258.44840116279,6574.846907822107,13.873449452994091,-608.900634765625,72.89360809326172,66.73719024658203,43.4985237121582,29.09320640563965,25.73139762878418,32.15987777709961,23.22659683227539,23.973495483398438,21.9615478515625,11.980865478515625,9.210062026977539,3.4013025760650635,13.289412498474121,-3.579275131225586,12.398097038269043,0.6760683059692383,8.960801124572754,-1.1357959508895874,7.4648213386535645,6.257814407348633,9.692329406738281,0.2751791775226593,8.20859146118164,-6.773434638977051,8.726984024047852,0.5606569051742554,0.3005518615245819,92.21311475409836,69.01707248392832,2.802114149892302,12.825939675700823,0.28294573643410853,holdout_test
EMOVO\tri-f3-n4.wav,f3,n4,sad,tri,,EMOVO,it,5.056,0.0021273859310895205,0.15928507194244604,7045.3459057145965,3270.0887705381792,13982.52023381295,6461.021883936705,14.122174590730488,-599.9876708984375,78.44367218017578,66.06977081298828,47.38450241088867,23.49863624572754,36.065555572509766,31.197162628173828,25.009077072143555,20.483203887939453,20.531705856323242,10.718595504760742,12.479869842529297,2.226970672607422,12.171640396118164,-3.6537058353424072,11.775940895080566,3.115605592727661,9.58247184753418,-1.5505874156951904,8.977383613586426,5.610391139984131,8.424728393554688,2.803786277770996,9.118818283081055,-7.662757873535156,9.220877647399902,0.5588913559913635,0.3021021783351898,89.28571428571429,75.47941574096627,10.64953855188621,56.64625060231329,0.39568345323741005,holdout_test
EMOVO\tri-f3-n5.wav,f3,n5,sad,tri,,EMOVO,it,5.8453333333333335,0.0016128127463161945,0.19535542582417584,8102.583922793937,3582.4579528069976,15703.683035714286,6922.111277826327,13.471897622402665,-634.6378173828125,68.8116455078125,57.06575012207031,42.88766860961914,36.80927658081055,24.529630661010742,30.71339225769043,21.045486450195312,23.32671546936035,17.222850799560547,10.119669914245605,9.371964454650879,2.984307050704956,12.162748336791992,-1.0207871198654175,12.554849624633789,6.491282939910889,7.579427719116211,1.1502341032028198,8.2621431350708,2.244788885116577,8.06484317779541,-1.0814048051834106,7.505142688751221,-5.474778175354004,7.396393775939941,0.5955904722213745,0.2845875918865204,127.8409090909091,75.22370420361392,7.915788584445946,49.79596218511928,0.32783882783882784,holdout_test
EMOVO\tri-m1-b1.wav,m1,b1,sad,tri,,EMOVO,it,1.5786666666666667,0.011720751412212849,0.10016793915719698,3785.596297451915,1400.1657064650974,7081.676136363636,3360.2025000837352,16.580530790206275,-417.3141784667969,79.0901870727539,120.12284851074219,38.021636962890625,-58.87117004394531,31.26697540283203,67.83587646484375,21.788833618164062,-6.741255760192871,25.21230125427246,40.63897705078125,17.306344985961914,4.701095104217529,10.40056324005127,5.4383158683776855,9.178367614746094,-4.785377025604248,11.6870756149292,-0.4796598553657532,9.658907890319824,12.221234321594238,7.586025238037109,-0.41947853565216064,5.468868255615234,-2.737656831741333,9.16356372833252,0.5561543703079224,0.2738249897956848,148.02631578947367,68.12879725253698,5.4803715084730875,17.477876155952018,0.2196969696969697,holdout_test
EMOVO\tri-m1-b2.wav,m1,b2,sad,tri,,EMOVO,it,3.925333333333333,0.006582760252058506,0.12119727798655064,4679.214717069079,1684.0865553987735,9037.678006329113,4282.479006912177,15.321776578038888,-516.056884765625,91.42255401611328,91.17408752441406,31.559268951416016,-28.181711196899414,31.595884323120117,58.277889251708984,25.01908302307129,6.698614597320557,20.296903610229492,33.38371276855469,18.226642608642578,1.1878057718276978,9.296880722045898,3.948878049850464,9.926695823669434,5.248547077178955,9.101101875305176,1.9425278902053833,7.999253749847412,11.754250526428223,7.892909049987793,-3.68280029296875,8.6456298828125,-3.877105712890625,8.6476469039917,0.6128060817718506,0.26369357109069824,152.02702702702703,70.99775140408502,4.89607725617595,16.525869146598964,0.12341772151898735,holdout_test
EMOVO\tri-m1-b3.wav,m1,b3,sad,tri,,EMOVO,it,2.517333333333333,0.00814832840114832,0.08287856158088236,3587.7208266039297,1432.1710487726375,7208.961397058823,3779.9865743375376,15.90718087650821,-466.81829833984375,75.69915008544922,122.00794219970703,30.597911834716797,-34.7710075378418,35.02181625366211,54.469295501708984,16.950511932373047,-2.633768320083618,17.42294692993164,38.309112548828125,12.818538665771484,1.2999494075775146,10.314960479736328,6.481122016906738,9.309369087219238,-0.22899331152439117,13.121234893798828,-0.13292990624904633,9.426268577575684,12.163701057434082,7.366113662719727,1.7207080125808716,8.297686576843262,-0.25227153301239014,6.203315734863281,0.6063573360443115,0.26600536704063416,110.29411764705883,68.2171309472279,4.752786434178137,17.000497903067824,0.27058823529411763,holdout_test
EMOVO\tri-m1-d1.wav,m1,d1,sad,tri,,EMOVO,it,1.3653333333333333,0.004496941342949867,0.10837906125992064,4174.933891830558,1012.001879734584,8089.099702380952,3842.6210803212493,15.007994786082676,-474.3135070800781,66.46813201904297,112.31275939941406,24.052146911621094,-50.926490783691406,28.940885543823242,47.45977020263672,27.563085556030273,-17.64918327331543,12.594782829284668,26.211328506469727,10.757397651672363,7.870326042175293,5.905904293060303,21.020767211914062,8.21147632598877,2.0374815464019775,8.615069389343262,-3.4349164962768555,5.850191116333008,4.922765731811523,7.063779354095459,3.690349817276001,7.473688125610352,3.5431761741638184,6.0154128074646,0.5638884902000427,0.2714124321937561,160.71428571428572,65.885538283472,0.8319639750479738,2.698808495609569,0.19047619047619047,holdout_test
EMOVO\tri-m1-d2.wav,m1,d2,sad,tri,,EMOVO,it,1.7493333333333334,0.0024121874012053013,0.12113813920454546,4810.009175296315,1456.5479501933175,9296.306818181818,4413.910202619583,14.489691273924475,-533.7796630859375,72.55984497070312,97.75347137451172,32.61985397338867,-29.86821937561035,24.270221710205078,48.48237991333008,16.61136245727539,-10.373664855957031,10.425939559936523,28.8388671875,9.81882381439209,5.6336588859558105,8.362485885620117,17.74460220336914,10.119229316711426,2.044158458709717,7.580370903015137,2.805171251296997,9.13899040222168,5.163363933563232,5.943286418914795,6.684821128845215,5.893621921539307,-1.913421869277954,7.0105977058410645,0.6284329295158386,0.2481953650712967,100.44642857142857,66.43573676928256,2.0474567685276024,8.009800654202238,0.09696969696969697,holdout_test
EMOVO\tri-m1-l1.wav,m1,l1,sad,tri,,EMOVO,it,5.504,0.006699963007122278,0.10657738857581968,4370.4585229833565,1823.0125516849448,8512.663294057376,4174.593445944123,15.148473098258314,-508.06134033203125,92.82026672363281,102.63470458984375,39.41178894042969,-27.916343688964844,31.19938850402832,53.74284744262695,18.543933868408203,1.6445144414901733,15.942865371704102,33.43414306640625,15.165020942687988,4.282382011413574,9.047049522399902,9.350804328918457,8.5401029586792,2.162062406539917,9.191201210021973,0.549811601638794,8.00435733795166,12.033589363098145,8.73189926147461,0.5141242742538452,7.581990718841553,-1.1249133348464966,7.051479816436768,0.6470893025398254,0.24988551437854767,200.89285714285714,69.58307831232909,5.284409301427455,16.525869146598964,0.3012295081967213,holdout_test
EMOVO\tri-m1-l2.wav,m1,l2,sad,tri,,EMOVO,it,5.216,0.006059135310351849,0.10838831185195852,4348.936309234799,1600.4578599324752,8513.158842165898,4193.683218242176,15.104751713309756,-500.3370666503906,90.73184967041016,106.7935791015625,37.80455017089844,-29.003442764282227,31.497291564941406,49.00993728637695,17.643016815185547,-3.414667844772339,15.799262046813965,33.43009567260742,14.538362503051758,6.454432487487793,9.366325378417969,7.167678356170654,8.214664459228516,-0.42711636424064636,8.434334754943848,-1.402957797050476,7.29540491104126,8.68061637878418,6.399255275726318,0.14488399028778076,7.237802982330322,-1.9131345748901367,6.018673896789551,0.6464258432388306,0.23607732355594635,87.890625,68.4625917974903,4.158410879249348,18.92666763167837,0.17972350230414746,holdout_test
EMOVO\tri-m1-l3.wav,m1,l3,sad,tri,,EMOVO,it,4.533333333333333,0.007766602095216513,0.09407167609908136,4065.3438778529826,1670.8615002814458,8147.883858267716,4112.253141210667,15.374357269382482,-496.7742919921875,89.69762420654297,107.47434997558594,33.82900619506836,-25.812788009643555,33.2166633605957,52.731361389160156,19.866819381713867,4.168971061706543,15.558323860168457,31.84658432006836,15.929203987121582,5.6922078132629395,9.349593162536621,6.6396379470825195,9.989633560180664,3.2868752479553223,9.0350341796875,-0.8760047554969788,8.348607063293457,13.266593933105469,9.204395294189453,-1.933550477027893,8.660185813903809,-0.8610697388648987,7.877829074859619,0.6363010406494141,0.255979061126709,102.27272727272727,71.34987641385734,7.301002349387282,35.46405342736416,0.4225721784776903,holdout_test
EMOVO\tri-m1-l4.wav,m1,l4,sad,tri,,EMOVO,it,2.8586666666666667,0.008830019272863865,0.07954564587823276,3669.4699311701847,1510.706846214975,7413.725754310345,3765.4206552692863,15.865829970092053,-456.8401184082031,80.82698059082031,120.67896270751953,36.59748077392578,-37.8043212890625,30.200620651245117,49.725399017333984,19.401302337646484,-6.624395370483398,16.303438186645508,30.411026000976562,14.4769926071167,6.929539680480957,10.409646034240723,14.915572166442871,10.985613822937012,12.877620697021484,9.812650680541992,-3.102699041366577,9.176140785217285,8.142850875854492,6.9219651222229,-1.0337847471237183,7.151064395904541,3.3322322368621826,8.6278076171875,0.5805533528327942,0.2661777138710022,140.625,77.03775188667699,8.11922820618005,22.915125679821756,0.2025862068965517,holdout_test
EMOVO\tri-m1-n1.wav,m1,n1,sad,tri,,EMOVO,it,5.12,0.002195905428379774,0.1330938430059524,5168.483888127257,1541.0743795375924,9986.886160714286,4714.6562377850205,14.181843179818278,-554.9856567382812,74.86801147460938,91.00421142578125,35.410614013671875,-19.938434600830078,23.246667861938477,40.931976318359375,13.400544166564941,-12.208022117614746,11.476094245910645,26.317110061645508,9.246197700500488,3.7983598709106445,8.126252174377441,17.186708450317383,8.54560375213623,5.443150520324707,7.329777717590332,1.9989373683929443,6.991337299346924,5.137079238891602,5.73024845123291,6.370909690856934,7.046319961547852,0.3745177090167999,6.7428483963012695,0.6555523872375488,0.23738135397434235,170.45454545454547,67.46844798874464,3.4935348555672916,16.525869146598964,0.09047619047619047,holdout_test
EMOVO\tri-m1-n2.wav,m1,n2,sad,tri,,EMOVO,it,5.493333333333333,0.003979744855314493,0.13938118891460904,5065.967187741624,1450.4826872862184,9510.561342592593,4364.631979679496,14.504554517000685,-522.5369262695312,94.82946014404297,91.4618148803711,38.20597457885742,-34.02510452270508,35.140419006347656,51.32864761352539,19.434587478637695,-13.067334175109863,18.384553909301758,26.471498489379883,11.153942108154297,1.4114266633987427,9.902628898620605,16.686904907226562,8.625972747802734,3.4903852939605713,7.193704128265381,0.08303569257259369,9.399710655212402,2.1965556144714355,6.128030300140381,3.2845664024353027,6.568654537200928,0.6244327425956726,6.453883171081543,0.6115202307701111,0.2564204931259155,160.71428571428572,1715.5085343494345,86.26845276672785,407.78198875456064,0.051440329218107,holdout_test
EMOVO\tri-m1-n3.wav,m1,n3,sad,tri,,EMOVO,it,2.1333333333333333,0.004679690580815077,0.0915539736675127,4104.728427480258,1381.9242030067905,8253.688134517766,4072.628428115454,14.975260833932886,-496.4307861328125,76.16020202636719,109.92676544189453,30.08293342590332,-35.77889633178711,32.05939483642578,49.2677116394043,20.281522750854492,-10.106314659118652,17.835468292236328,32.60399627685547,11.905838966369629,7.726946830749512,8.94318675994873,17.25881576538086,8.880108833312988,2.1342341899871826,6.2432122230529785,-1.222571849822998,7.113138198852539,5.693376541137695,7.03734827041626,3.8459041118621826,7.888668060302734,0.4224252700805664,8.126468658447266,0.6000669598579407,0.26881465315818787,100.44642857142857,66.15908542848291,1.5485638808714517,5.10053318049043,0.233502538071066,holdout_test
EMOVO\tri-m1-n4.wav,m1,n4,sad,tri,,EMOVO,it,9.024,0.0025049331597983837,0.15376989976415095,5515.809103999999,1423.0741119869929,10384.05070754717,4709.48739629657,14.02249592494382,-560.4303588867188,81.05589294433594,79.6710205078125,27.667362213134766,-27.189376831054688,36.58232879638672,46.79389572143555,14.009025573730469,-6.982792854309082,12.02242374420166,29.556432723999023,9.085482597351074,2.611274003982544,7.524295330047607,14.019582748413086,7.982130527496338,3.7545158863067627,6.820961952209473,1.3035889863967896,6.412743091583252,3.073805332183838,5.711086273193359,5.326916217803955,6.015040397644043,-0.9959906935691833,6.298527240753174,0.6630532741546631,0.24126656353473663,86.53846153846153,65.75663446268901,1.061672592921452,5.10053318049043,0.09056603773584905,holdout_test
EMOVO\tri-m1-n5.wav,m1,n5,sad,tri,,EMOVO,it,13.994666666666667,0.001359249697998166,0.13950083492366414,5567.51985747357,1111.304911029371,10791.984732824427,4989.706671617901,13.926043778049756,-577.5638427734375,56.812503814697266,80.55657958984375,21.772315979003906,-15.894695281982422,24.2760009765625,45.338497161865234,11.079463958740234,-8.018952369689941,10.089268684387207,28.90540885925293,8.429931640625,0.6679431200027466,6.848635673522949,13.467852592468262,7.242359161376953,4.326617240905762,5.831921577453613,4.883416175842285,5.93508243560791,3.663268566131592,4.975830554962158,5.218465805053711,4.895873069763184,-2.736424207687378,5.127202033996582,0.668634831905365,0.24018888175487518,119.68085106382979,67.42973411728602,4.225564858995204,22.40643117408183,0.07786259541984733,holdout_test
EMOVO\tri-m2-b1.wav,m2,b1,sad,tri,,EMOVO,it,2.1546666666666665,0.015985842794179916,0.0866613854895105,3880.729870182055,2272.8215220681627,6878.332604895105,4217.1721518781005,15.729296274466423,-417.46490478515625,74.96774291992188,110.8641586303711,65.78474426269531,-1.4360867738723755,35.52169418334961,50.869117736816406,27.5269718170166,17.142253875732422,30.946596145629883,14.111392974853516,14.707195281982422,-10.658589363098145,15.970809936523438,-11.576102256774902,12.25390338897705,14.555025100708008,8.969038963317871,3.2384793758392334,8.164769172668457,-4.102285861968994,11.011406898498535,-5.027541160583496,7.477869033813477,6.095562934875488,9.59863567352295,0.5331978797912598,0.2811954915523529,170.45454545454547,84.48703368397523,9.059174426304942,30.35417063742399,0.0979020979020979,holdout_test
EMOVO\tri-m2-b2.wav,m2,b2,sad,tri,,EMOVO,it,2.0906666666666665,0.013102290220558643,0.07268823099415204,3710.901474600088,2149.3786566813287,6680.5098684210525,4592.06308654731,16.16385668703223,-460.29937744140625,63.12911605834961,98.61107635498047,50.99111557006836,12.52621841430664,40.4959602355957,60.88478088378906,24.5070858001709,37.13209533691406,37.408226013183594,15.467103958129883,18.87039566040039,-10.518831253051758,15.592855453491211,-4.595252990722656,8.715919494628906,26.215198516845703,10.075711250305176,13.486907958984375,9.95864200592041,-4.577139377593994,8.562906265258789,-7.611056804656982,8.675192832946777,0.7248678207397461,7.5831685066223145,0.5382188558578491,0.2726449966430664,122.28260869565217,82.37216587393918,8.227146914904111,33.731159562041654,0.23976608187134502,holdout_test
EMOVO\tri-m2-b3.wav,m2,b3,sad,tri,,EMOVO,it,2.112,0.008958064019680023,0.05715981012658228,3858.4932309468445,2099.975220042326,8071.251977848101,5309.849945067045,14.537694776065006,-477.8260498046875,75.90485382080078,116.34823608398438,44.69667434692383,30.345205307006836,41.66883087158203,35.508949279785156,19.812707901000977,19.268077850341797,18.53693962097168,8.492205619812012,11.537569999694824,-8.7457914352417,15.675393104553223,-7.87864875793457,12.33181381225586,12.37820053100586,10.436601638793945,11.868277549743652,10.663010597229004,3.5681707859039307,7.957305908203125,-2.677978038787842,9.760083198547363,5.15155029296875,7.565255641937256,0.6053457856178284,0.2545568645000458,82.72058823529412,70.62613960343049,8.256172164487525,29.25426677172665,0.36075949367088606,holdout_test
EMOVO\tri-m2-d1.wav,m2,d1,sad,tri,,EMOVO,it,1.664,0.009377339854836464,0.08678089488636363,4057.6054680737516,2102.8833963473503,7629.390495867769,4770.274354337173,14.380044497316385,-447.9235534667969,53.7873649597168,111.0626449584961,59.15630340576172,10.311698913574219,37.15728759765625,40.59353256225586,26.701236724853516,11.877479553222656,22.009803771972656,8.301149368286133,12.83230972290039,-5.555371284484863,12.831670761108398,-11.664511680603027,11.117595672607422,9.154114723205566,6.910009860992432,8.949706077575684,7.548244476318359,1.2952475547790527,9.75676155090332,-7.724242210388184,10.082550048828125,6.077995300292969,6.156362056732178,0.5853350162506104,0.26048269867897034,148.02631578947367,66.33711742074773,3.237818116293248,12.37535460537056,0.2231404958677686,holdout_test
EMOVO\tri-m2-d2.wav,m2,d2,sad,tri,,EMOVO,it,1.5786666666666667,0.009610711596906185,0.06147203947368421,3855.610965247633,2292.705225093637,7870.682565789473,5151.979182438099,14.576574366437992,-470.5257568359375,70.069091796875,122.57172393798828,48.71110916137695,25.60005760192871,31.585060119628906,33.589134216308594,22.051475524902344,20.58262062072754,20.428590774536133,9.722366333007812,16.76097297668457,-6.683130264282227,13.908675193786621,-6.575684070587158,14.020062446594238,13.832744598388672,8.080695152282715,11.053211212158203,8.5709228515625,1.5472807884216309,7.796128749847412,-11.693560600280762,8.650711059570312,-1.7803725004196167,7.687624931335449,0.6071265935897827,0.2539982497692108,133.92857142857142,73.45783106267164,8.536565023436498,30.90890592949772,0.20175438596491227,holdout_test
EMOVO\tri-m2-l1.wav,m2,l1,sad,tri,,EMOVO,it,4.714666666666667,0.009252285584807396,0.07579032859610553,4686.8059702472765,3258.3305327987296,9333.719378140704,5433.454310720689,14.859093442768438,-494.2288818359375,93.62437438964844,106.13581848144531,57.42527770996094,25.064987182617188,31.449636459350586,34.97640609741211,22.918899536132812,26.199092864990234,20.686948776245117,10.171575546264648,16.930301666259766,-6.871587753295898,16.195905685424805,-3.995213270187378,11.04439640045166,14.911211013793945,9.73503589630127,8.841099739074707,10.098814964294434,-0.16724061965942383,10.226339340209961,-3.582226037979126,11.403290748596191,4.364023208618164,9.083474159240723,0.6203346848487854,0.2527635097503662,144.23076923076923,74.1742918422636,10.86166356191541,36.048389969303656,0.22613065326633167,holdout_test
EMOVO\tri-m2-l2.wav,m2,l2,sad,tri,,EMOVO,it,2.986666666666667,0.01273096352815628,0.06062142175572519,3423.314616804552,2107.4448633747847,6536.915553435115,4573.581427291128,15.174898875624946,-441.2309265136719,66.0495834350586,130.3362579345703,56.311279296875,13.683987617492676,33.64859390258789,33.1036491394043,23.155685424804688,24.20508575439453,25.01823616027832,11.78480339050293,19.20589256286621,-11.205368995666504,16.195919036865234,-11.53303337097168,13.047096252441406,11.388919830322266,8.909383773803711,7.73953914642334,9.245564460754395,-1.5168122053146362,8.609457015991211,-5.996456146240234,10.272936820983887,4.981587886810303,9.510802268981934,0.577703058719635,0.25967034697532654,156.25,69.77393812295658,7.041622226303685,26.029777250557004,0.10305343511450382,holdout_test
EMOVO\tri-m2-l3.wav,m2,l3,sad,tri,,EMOVO,it,3.4133333333333336,0.012963923625648022,0.05582335992907801,3929.8541267579308,2708.5846267656825,7997.257313829788,5057.827190754671,15.485116220671728,-467.49652099609375,96.3372802734375,120.89349365234375,54.643310546875,20.2236270904541,32.880672454833984,33.58367156982422,19.499467849731445,26.23431968688965,21.834131240844727,11.793378829956055,18.656078338623047,-9.060946464538574,16.702951431274414,-10.391386985778809,15.588377952575684,13.772197723388672,8.98001480102539,13.026912689208984,9.776679992675781,2.258300304412842,8.273234367370605,-3.6115121841430664,11.061290740966797,4.357054710388184,7.421761989593506,0.5988646745681763,0.26884225010871887,133.92857142857142,70.79902118202224,8.634443793113633,32.02803577611,0.2553191489361702,holdout_test
EMOVO\tri-m2-l4.wav,m2,l4,sad,tri,,EMOVO,it,2.6453333333333333,0.015706032514572144,0.049966718049327355,3307.22501932865,2195.6668237390986,6412.941423766816,4500.084535271938,15.720619593695627,-443.5137939453125,75.29486846923828,129.50628662109375,52.84180450439453,8.781543731689453,34.261661529541016,33.32564926147461,22.44074249267578,36.64219665527344,27.28017234802246,22.625986099243164,15.520570755004883,-9.881112098693848,15.299893379211426,-14.569511413574219,11.672307014465332,11.71788215637207,11.046753883361816,6.020337104797363,8.799135208129883,-4.250738143920898,9.543292999267578,-7.295153617858887,10.671627044677734,2.2641735076904297,9.987189292907715,0.5209541320800781,0.2841537296772003,170.45454545454547,82.29025761469013,12.60819756680802,40.84660485658334,0.12556053811659193,holdout_test
EMOVO\tri-m2-n1.wav,m2,n1,sad,tri,,EMOVO,it,1.8133333333333332,0.017300955951213837,0.05318168159965035,3101.0988697603043,2050.7560235555493,6163.079108391608,4366.589974644565,15.216123504149222,-418.3487243652344,76.7227554321289,150.21307373046875,50.30939483642578,15.477629661560059,30.165435791015625,24.62459373474121,20.245288848876953,15.468292236328125,21.359073638916016,4.010422706604004,19.8455867767334,-13.717398643493652,16.57231330871582,-7.866912841796875,11.937833786010742,13.005744934082031,9.759344100952148,9.219260215759277,8.302813529968262,0.3604671359062195,8.642735481262207,-5.240819931030273,11.394062995910645,0.6142488718032837,9.469398498535156,0.5307489633560181,0.2736024260520935,112.5,69.94657606908653,6.903024927456104,19.906570575705743,0.1258741258741259,holdout_test
EMOVO\tri-m2-n2.wav,m2,n2,sad,tri,,EMOVO,it,2.368,0.0156452264636755,0.08232761971393035,3972.898980508935,2597.843627949497,7229.361007462687,4337.116507561374,15.542918806262561,-422.6197509765625,87.0085678100586,117.62738037109375,71.17982482910156,0.2798498272895813,35.38588333129883,40.65524673461914,28.347444534301758,13.720394134521484,28.87470054626465,7.957459926605225,18.284774780273438,-8.801862716674805,11.64198112487793,-7.071402549743652,12.175339698791504,15.233607292175293,8.535442352294922,2.4194915294647217,8.984343528747559,-2.3612380027770996,9.487042427062988,-1.3237119913101196,9.76198959350586,0.3162722885608673,6.776294708251953,0.5437595844268799,0.27593788504600525,156.25,1915.1003224105457,45.7129068141391,131.5335825679333,0.06965174129353234,holdout_test
EMOVO\tri-m2-n3.wav,m2,n3,sad,tri,,EMOVO,it,2.1973333333333334,0.010856841690838337,0.050243559337797616,3655.276322674078,1881.886894645098,7265.066964285715,4871.34143279133,14.955252328782601,-448.8235168457031,73.13278198242188,116.98026275634766,46.87238693237305,11.34951114654541,29.3174991607666,39.441795349121094,25.2360897064209,27.023216247558594,28.517812728881836,21.046175003051758,17.02286148071289,-6.486870765686035,15.229765892028809,-15.030506134033203,15.178573608398438,10.025827407836914,8.537628173828125,8.369972229003906,8.661661148071289,1.0656863451004028,7.755983829498291,-4.212969779968262,9.810378074645996,4.864843368530273,8.19151496887207,0.5870538949966431,0.2638792395591736,160.71428571428572,74.92972587467344,10.970440860477833,34.30545755194248,0.2619047619047619,holdout_test
EMOVO\tri-m2-n4.wav,m2,n4,sad,tri,,EMOVO,it,3.6693333333333333,0.010785400867462158,0.06625103476821192,3618.084053835793,2133.706264055001,6657.724544701987,4766.7207254626655,15.095272581206304,-454.17254638671875,73.43287658691406,115.9800033569336,52.62446212768555,10.475914001464844,43.708621978759766,37.829566955566406,21.838300704956055,29.1043758392334,22.382097244262695,18.07266616821289,18.077367782592773,-7.804766654968262,14.990694999694824,-11.29342269897461,14.085114479064941,13.566350936889648,10.634927749633789,8.89892578125,8.161008834838867,-0.8671355843544006,7.943037986755371,-4.384613513946533,8.588130950927734,4.94196081161499,8.08548641204834,0.5688230395317078,0.2639414370059967,89.28571428571429,76.0800289079404,9.592255300531718,31.466854770426664,0.304635761589404,holdout_test
EMOVO\tri-m2-n5.wav,m2,n5,sad,tri,,EMOVO,it,4.224,0.009656350128352642,0.06520799658764367,3987.4620129961727,2422.9941590768144,8080.549568965517,5205.113901690216,15.345787379502696,-482.5838623046875,75.88850402832031,108.43846893310547,43.702510833740234,21.53015899658203,39.39763259887695,41.466522216796875,21.13867950439453,38.32705307006836,26.63823699951172,22.76319694519043,19.061681747436523,-10.705796241760254,18.34569549560547,-14.756464004516602,17.093597412109375,13.559493064880371,11.179676055908203,10.054595947265625,7.800370216369629,-0.010383693501353264,8.88491153717041,-4.916149139404297,7.232918739318848,1.1234464645385742,7.682427406311035,0.551904559135437,0.2622794806957245,119.68085106382979,67.16540485590441,5.621945228112436,23.42676702285496,0.14655172413793102,holdout_test
EMOVO\tri-m3-b1.wav,m3,b1,sad,tri,,EMOVO,it,2.005333333333333,0.00915667787194252,0.0953736344004065,3923.5862386006484,2150.6181400982427,7103.086890243902,4153.356190679901,15.755475096062609,-454.4377746582031,68.1659927368164,117.07659912109375,60.895355224609375,-4.784130096435547,27.9892520904541,51.454490661621094,25.953065872192383,6.364779949188232,28.91808319091797,7.576074600219727,12.687771797180176,-3.863558530807495,14.065189361572266,6.536405086517334,7.90971565246582,5.527678489685059,10.001747131347656,-19.29520034790039,16.8544979095459,8.576334953308105,8.811138153076172,0.5045129060745239,6.697406768798828,-9.734840393066406,9.20624828338623,0.5138949751853943,0.2796860933303833,92.21311475409836,79.68560852867739,8.887169240240747,23.94137227403624,0.2032520325203252,holdout_test
EMOVO\tri-m3-b2.wav,m3,b2,sad,tri,,EMOVO,it,2.7733333333333334,0.015840383246541023,0.0846745155377095,3736.164773533576,2418.2573791186414,7155.769902234637,4184.788288616258,16.28238325448607,-456.2212829589844,82.64107513427734,113.0226821899414,56.41853332519531,-0.9724796414375305,33.45582962036133,63.89714050292969,38.70262908935547,18.139678955078125,26.340091705322266,5.892275810241699,15.567041397094727,1.2517144680023193,10.942209243774414,10.300593376159668,10.284278869628906,11.095288276672363,9.469038963317871,-11.599625587463379,12.258919715881348,6.368807792663574,8.955960273742676,0.1270896941423416,8.368202209472656,-14.761109352111816,11.033844947814941,0.4756466746330261,0.30397599935531616,144.23076923076923,85.35105831649308,15.37138466765324,47.816854705634455,0.46368715083798884,holdout_test
EMOVO\tri-m3-b3.wav,m3,b3,sad,tri,,EMOVO,it,2.2613333333333334,0.013264513574540615,0.05512237548828125,2924.6026382715186,1835.87135638054,5519.1650390625,4065.7383838801106,15.850876989357076,-448.30828857421875,66.46100616455078,148.11976623535156,50.708160400390625,14.654943466186523,30.593225479125977,40.1458740234375,21.357349395751953,6.6877546310424805,18.9788875579834,1.0444085597991943,11.38202953338623,-2.7108700275421143,13.147541999816895,8.268797874450684,10.124770164489746,7.365200519561768,12.06828498840332,-13.216487884521484,11.95591926574707,9.077641487121582,10.477237701416016,3.315389633178711,9.097918510437012,-9.153470993041992,9.331988334655762,0.5176931023597717,0.28167298436164856,152.02702702702703,84.51720623741582,11.30034693100053,33.731159562041654,0.5546875,holdout_test
EMOVO\tri-m3-d1.wav,m3,d1,sad,tri,,EMOVO,it,2.1333333333333333,0.013866697438061237,0.07739727313701923,3329.567093764846,1835.0573802886659,6164.0625,3770.6983345656536,15.440493008814915,-416.6037292480469,55.94920349121094,134.8359375,58.5809326171875,-3.0964090824127197,28.241252899169922,55.24460983276367,33.599239349365234,-12.028197288513184,16.267574310302734,-6.45451021194458,11.750165939331055,9.880987167358398,11.274831771850586,13.661972045898438,8.35032844543457,1.098183274269104,9.478944778442383,-19.200796127319336,10.726890563964844,9.265460014343262,8.55915641784668,-0.4769952893257141,9.275543212890625,-5.1209716796875,7.592719554901123,0.523628830909729,0.278551310300827,244.56521739130434,77.10520702733899,13.757921573410357,40.23463263046081,0.3269230769230769,holdout_test
EMOVO\tri-m3-d2.wav,m3,d2,sad,tri,,EMOVO,it,1.92,0.011442186310887337,0.04700548895474138,2981.2212767941846,1516.5207948529808,6424.299568965517,4410.080352231845,15.614346871972817,-461.7917785644531,68.96368408203125,147.31158447265625,38.13230895996094,20.128101348876953,22.115846633911133,41.77959442138672,20.6685848236084,-1.2989307641983032,21.291770935058594,-1.5315372943878174,17.755590438842773,11.294517517089844,10.610931396484375,11.212492942810059,9.830171585083008,3.804553747177124,9.265064239501953,-15.546341896057129,13.71589469909668,9.89341926574707,9.220975875854492,-6.119595527648926,8.011670112609863,-13.59687328338623,9.971115112304688,0.5253000259399414,0.2751702070236206,140.625,77.962812459343,10.047312659841646,27.628053324309676,0.23275862068965517,holdout_test
EMOVO\tri-m3-l1.wav,m3,l1,sad,tri,,EMOVO,it,4.693333333333333,0.01795961521565914,0.06783959173387097,3385.3794555511854,2970.9028207515566,6519.53125,4222.985396830777,16.296157019962717,-455.2068176269531,104.93402099609375,147.42666625976562,56.91049575805664,15.036011695861816,27.984270095825195,37.37262725830078,26.131160736083984,4.765102386474609,20.237594604492188,-1.3816767930984497,18.627910614013672,-1.219130277633667,13.090860366821289,12.61923599243164,10.339363098144531,8.052733421325684,11.517705917358398,-17.826305389404297,15.866399765014648,5.801518440246582,11.036795616149902,0.747244656085968,9.303520202636719,-7.54911470413208,10.902310371398926,0.47611621022224426,0.29838797450065613,117.1875,78.45946773960176,14.627444806314166,45.230832192314224,0.29838709677419356,holdout_test
EMOVO\tri-m3-l2.wav,m3,l2,sad,tri,,EMOVO,it,3.2,0.014395678415894508,0.053914388020833336,2895.0620686073794,1707.244954960282,5556.435032894737,3976.5549374889756,15.822273985111588,-443.49798583984375,68.46873474121094,143.30128479003906,52.33525466918945,10.671573638916016,31.73479652404785,50.39420700073242,27.148197174072266,6.409333229064941,19.290592193603516,0.05410144105553627,13.620509147644043,2.5861752033233643,12.166695594787598,9.539922714233398,9.246049880981445,6.145669460296631,11.099470138549805,-20.135881423950195,14.61280345916748,3.5289158821105957,11.099310874938965,3.0832386016845703,7.080982208251953,-4.302793502807617,9.977916717529297,0.525161862373352,0.2874159812927246,114.79591836734694,75.9244265152746,11.06482419129484,29.802630385526072,0.08771929824561403,holdout_test
EMOVO\tri-m3-l3.wav,m3,l3,sad,tri,,EMOVO,it,3.712,0.009506113827228546,0.11309814453125,4590.641748565557,3769.0757662299407,8603.515625,4946.756973465911,15.256802558221572,-516.2106323242188,105.60702514648438,120.4891357421875,61.45490264892578,22.40157127380371,32.61491394042969,34.79542922973633,26.037368774414062,11.516827583312988,15.974992752075195,-2.139134645462036,15.673041343688965,1.9025262594223022,13.210826873779297,10.919076919555664,9.495649337768555,7.465939521789551,9.410009384155273,-12.606364250183105,14.691497802734375,7.058657169342041,9.193857192993164,3.2988932132720947,8.003028869628906,-8.888453483581543,12.604903221130371,0.5417478084564209,0.290226548910141,140.625,78.39625682796381,13.94198590400715,38.41978306983661,0.3484848484848485,holdout_test
EMOVO\tri-m3-l4.wav,m3,l4,sad,tri,,EMOVO,it,3.3706666666666667,0.014209700748324394,0.056914832204433496,3165.871363553627,1950.423658909757,6516.895012315271,4263.10321237105,16.579668263210245,-461.8868408203125,80.38584899902344,135.88316345214844,50.39940643310547,13.27445125579834,33.83011245727539,48.426475524902344,26.544052124023438,11.86843490600586,21.308578491210938,1.59114408493042,12.694425582885742,0.7383162975311279,14.870564460754395,8.599288940429688,10.259920120239258,5.438075542449951,9.30207633972168,-17.894168853759766,16.393125534057617,4.1800312995910645,8.916455268859863,-0.7972434163093567,8.401226043701172,-11.722996711730957,13.156681060791016,0.4454839825630188,0.30567386746406555,98.6842105263158,87.45554310126043,14.576908195217278,46.51637480614585,0.2019704433497537,holdout_test
EMOVO\tri-m3-n1.wav,m3,n1,sad,tri,,EMOVO,it,1.8773333333333333,0.01192915067076683,0.05437360491071429,3029.3991670333075,1796.805838528315,6243.247767857143,4287.155384214375,16.065233022157294,-450.21539306640625,71.71458435058594,151.36358642578125,43.27389144897461,15.214852333068848,26.566139221191406,34.5430908203125,22.67119026184082,1.9359627962112427,19.192211151123047,-3.7628257274627686,18.69837760925293,-2.443838357925415,13.374953269958496,10.986002922058105,9.171523094177246,8.158842086791992,8.536246299743652,-17.737207412719727,12.841431617736816,2.8493812084198,9.868505477905273,2.200274705886841,9.097493171691895,-5.6682281494140625,8.313319206237793,0.5008145570755005,0.2853589951992035,117.1875,85.25985417218023,13.309959501333578,46.51637480614585,0.5357142857142857,holdout_test
EMOVO\tri-m3-n2.wav,m3,n2,sad,tri,,EMOVO,it,3.1146666666666665,0.011335107497870922,0.07611056614349776,3382.160869463298,1931.3790261431461,6275.4694506726455,4090.256451639306,16.11810969155085,-452.46893310546875,68.23330688476562,129.0556182861328,58.391456604003906,8.947096824645996,38.53934860229492,52.15625762939453,26.36687469482422,0.5007088780403137,28.78582763671875,-10.01927661895752,17.13456916809082,-4.244295597076416,13.64680290222168,17.816505432128906,9.038640975952148,11.277634620666504,11.748627662658691,-18.24757957458496,12.52003002166748,3.46189022064209,10.745872497558594,-2.428239107131958,11.60047435760498,-5.675985336303711,10.47038459777832,0.4604974687099457,0.29020577669143677,175.78125,86.85074526962711,15.009802273782702,47.16473679449558,0.484304932735426,holdout_test
EMOVO\tri-m3-n3.wav,m3,n3,sad,tri,,EMOVO,it,2.474666666666667,0.009259119629859924,0.060797835195530725,3849.3386070488823,2408.8146369136302,8142.632681564246,4797.824276626545,15.446526191408658,-485.0802307128906,89.08809661865234,126.87002563476562,53.05326461791992,11.974295616149902,26.51267433166504,38.93881607055664,24.17447853088379,12.679346084594727,24.51773452758789,4.725118160247803,13.446966171264648,-0.8743047714233398,12.897195816040039,5.8467607498168945,11.137018203735352,6.556755065917969,8.531004905700684,-15.495440483093262,16.904813766479492,7.613638401031494,7.49817419052124,3.708009958267212,8.310508728027344,-6.484777450561523,10.987664222717285,0.5329796671867371,0.2843058109283447,187.5,84.90367723016874,10.69074394175908,34.8830824162542,0.29608938547486036,holdout_test
EMOVO\tri-m3-n4.wav,m3,n4,sad,tri,,EMOVO,it,4.906666666666666,0.006566353142261505,0.11454969011871509,5052.359846485527,3415.4873754662613,9811.998079608938,5266.560317985704,14.754287334134059,-526.9609985351562,105.45700073242188,103.8743667602539,57.63637924194336,15.083138465881348,40.458988189697266,40.355690002441406,27.64278793334961,17.372814178466797,23.0379638671875,1.6423118114471436,13.865575790405273,3.5989444255828857,13.841266632080078,9.954842567443848,9.19286060333252,7.2699689865112305,9.955733299255371,-9.100377082824707,14.575068473815918,7.378407001495361,8.57190227508545,3.388866901397705,7.097541332244873,-4.194827079772949,9.855762481689453,0.5665408372879028,0.27677518129348755,144.23076923076923,82.01886679166186,10.506534588555729,38.41978306983661,0.30726256983240224,holdout_test
EMOVO\tri-m3-n5.wav,m3,n5,sad,tri,,EMOVO,it,5.376,0.006147536914795637,0.09285810384501188,4922.5739888794305,3355.024356131824,9856.610005938242,5486.831565007609,15.203312726364945,-543.9813842773438,95.16209411621094,104.57747650146484,55.25358200073242,26.316455841064453,36.38252639770508,41.307350158691406,24.704092025756836,24.39836311340332,20.59904670715332,4.054186820983887,12.481734275817871,-2.640979290008545,14.520456314086914,4.843660831451416,8.868396759033203,8.079466819763184,9.826274871826172,-9.011194229125977,14.462247848510742,6.465376853942871,7.296945095062256,3.366835832595825,7.4106950759887695,-8.586955070495605,11.02346134185791,0.5607740879058838,0.28412744402885437,200.89285714285714,85.47162330036396,12.339994580679177,47.816854705634455,0.3824228028503563,holdout_test
